scenario,seed,policy,unit,unit_type,explored_area_km2,first_coverage_area_km2,damage_hits,kill_credit,targets_damaged,alive,death_time,death_cause
A,301,harness,white_usv2,USV,16050.0,950.0,8,1,5,True,,
A,301,harness,white_usv3,USV,13050.0,125.0,2,0,2,False,8383,unknown
A,301,harness,white_usv4,USV,12800.0,475.0,1,1,2,False,8303,unknown
A,301,harness,white_usv1,USV,16325.0,1525.0,5,4,6,True,,
A,301,harness,white_usv5,USV,16225.0,1525.0,0,2,2,True,,
A,301,harness,white_uav5,UAV,67025.0,27700.0,0,0,0,True,,
A,301,harness,white_uav2,UAV,64025.0,14750.0,0,0,0,True,,
A,301,harness,white_uav3,UAV,61350.0,22900.0,0,0,0,True,,
A,301,harness,white_uav1,UAV,62950.0,14800.0,0,0,0,True,,
A,301,harness,white_uav4,UAV,66900.0,32900.0,0,0,0,True,,
L5_15,301,harness,white_usv1,USV,12800.0,2350.0,4,1,3,False,8614,unknown
L5_15,301,harness,white_usv3,USV,13800.0,275.0,7,2,6,True,,
L5_15,301,harness,white_usv5,USV,13425.0,1975.0,2,1,2,True,,
L5_15,301,harness,white_usv2,USV,12675.0,0.0,0,0,3,False,8218,unknown
L5_15,301,harness,white_usv4,USV,13725.0,0.0,3,4,4,True,,
L5_15,301,harness,white_uav1,UAV,23900.0,9625.0,0,0,0,True,,
L5_15,301,harness,white_uav3,UAV,21525.0,11925.0,0,0,0,True,,
L5_15,301,harness,white_uav4,UAV,24225.0,8075.0,0,0,0,True,,
L5_15,301,harness,white_uav2,UAV,20900.0,7325.0,0,0,0,True,,
L5_15,301,harness,white_uav5,UAV,23325.0,10500.0,0,0,0,True,,
L5_15,302,harness,white_usv4,USV,17325.0,975.0,4,0,4,True,,
L5_15,302,harness,white_usv5,USV,14725.0,1650.0,5,1,3,True,,
L5_15,302,harness,white_usv2,USV,16575.0,600.0,5,0,3,True,,
L5_15,302,harness,white_usv1,USV,15550.0,1600.0,1,4,4,True,,
L5_15,302,harness,white_usv3,USV,16025.0,0.0,1,3,3,True,,
L5_15,302,harness,white_uav4,UAV,28325.0,15650.0,0,0,0,True,,
L5_15,302,harness,white_uav3,UAV,23525.0,10150.0,0,0,0,True,,
L5_15,302,harness,white_uav5,UAV,33950.0,21975.0,0,0,0,True,,
L5_15,302,harness,white_uav1,UAV,27875.0,16025.0,0,0,0,True,,
L5_15,302,harness,white_uav2,UAV,22650.0,10625.0,0,0,0,True,,
L5_15,303,harness,white_usv3,USV,13125.0,550.0,3,1,4,True,,
L5_15,303,harness,white_usv5,USV,13100.0,2100.0,7,0,3,True,,
L5_15,303,harness,white_usv1,USV,13575.0,2000.0,0,4,4,True,,
L5_15,303,harness,white_usv2,USV,12575.0,0.0,5,2,3,True,,
L5_15,303,harness,white_usv4,USV,13575.0,0.0,1,1,3,False,8632,unknown
L5_15,303,harness,white_uav4,UAV,23825.0,15100.0,0,0,0,True,,
L5_15,303,harness,white_uav5,UAV,26525.0,9400.0,0,0,0,True,,
L5_15,303,harness,white_uav1,UAV,23025.0,11200.0,0,0,0,True,,
L5_15,303,harness,white_uav3,UAV,18875.0,7175.0,0,0,0,True,,
L5_15,303,harness,white_uav2,UAV,20925.0,7375.0,0,0,0,True,,
L5_15,304,harness,white_usv1,USV,13150.0,2325.0,3,1,3,False,8780,unknown
L5_15,304,harness,white_usv3,USV,13175.0,250.0,8,0,5,True,,
L5_15,304,harness,white_usv5,USV,13275.0,1975.0,2,1,4,True,,
L5_15,304,harness,white_usv2,USV,13100.0,0.0,1,2,4,True,,
L5_15,304,harness,white_usv4,USV,12925.0,0.0,2,4,5,True,,
L5_15,304,harness,white_uav1,UAV,24675.0,10400.0,0,0,0,True,,
L5_15,304,harness,white_uav3,UAV,15200.0,11250.0,0,0,0,True,,
L5_15,304,harness,white_uav4,UAV,24050.0,8525.0,0,0,0,True,,
L5_15,304,harness,white_uav2,UAV,20700.0,6800.0,0,0,0,True,,
L5_15,304,harness,white_uav5,UAV,23975.0,10700.0,0,0,0,True,,
L5_15,305,harness,white_usv1,USV,12925.0,2325.0,3,3,4,True,,
L5_15,305,harness,white_usv4,USV,13675.0,700.0,6,0,3,True,,
L5_15,305,harness,white_usv3,USV,12900.0,0.0,1,2,4,False,9249,unknown
L5_15,305,harness,white_usv5,USV,13750.0,1575.0,3,2,2,True,,
L5_15,305,harness,white_usv2,USV,13500.0,0.0,2,1,3,True,,
L5_15,305,harness,white_uav2,UAV,22325.0,12450.0,0,0,0,True,,
L5_15,305,harness,white_uav1,UAV,24725.0,10075.0,0,0,0,True,,
L5_15,305,harness,white_uav4,UAV,23700.0,10725.0,0,0,0,True,,
L5_15,305,harness,white_uav5,UAV,25800.0,12350.0,0,0,0,True,,
L5_15,305,harness,white_uav3,UAV,18425.0,5825.0,0,0,0,True,,
L5_20,301,harness,white_usv2,USV,13075.0,800.0,11,2,5,False,10612,unknown
L5_20,301,harness,white_usv4,USV,13050.0,550.0,2,0,3,False,8964,unknown
L5_20,301,harness,white_usv3,USV,12875.0,0.0,0,1,4,False,9598,unknown
L5_20,301,harness,white_usv1,USV,12650.0,1600.0,2,1,2,False,8646,unknown
L5_20,301,harness,white_usv5,USV,13050.0,1550.0,0,3,6,False,9520,unknown
L5_20,301,harness,white_uav4,UAV,30250.0,12675.0,0,0,0,True,,
L5_20,301,harness,white_uav1,UAV,34525.0,9900.0,0,0,0,True,,
L5_20,301,harness,white_uav3,UAV,23500.0,7500.0,0,0,0,True,,
L5_20,301,harness,white_uav2,UAV,31025.0,8025.0,0,0,0,True,,
L5_20,301,harness,white_uav5,UAV,25675.0,9475.0,0,0,0,True,,
L5_20,302,harness,white_usv2,USV,16250.0,850.0,7,0,2,True,,
L5_20,302,harness,white_usv1,USV,15850.0,1600.0,6,4,4,True,,
L5_20,302,harness,white_usv3,USV,17575.0,125.0,2,1,4,True,,
L5_20,302,harness,white_usv5,USV,15975.0,2000.0,2,3,3,True,,
L5_20,302,harness,white_usv4,USV,13200.0,0.0,3,2,3,False,9989,unknown
L5_20,302,harness,white_uav2,UAV,35675.0,17225.0,0,0,0,True,,
L5_20,302,harness,white_uav1,UAV,30900.0,16950.0,0,0,0,True,,
L5_20,302,harness,white_uav3,UAV,25975.0,7875.0,0,0,0,True,,
L5_20,302,harness,white_uav4,UAV,29725.0,8550.0,0,0,0,True,,
L5_20,302,harness,white_uav5,UAV,35325.0,11000.0,0,0,0,True,,
L5_20,303,harness,white_usv1,USV,17475.0,2300.0,5,4,7,True,,
L5_20,303,harness,white_usv2,USV,17900.0,125.0,3,4,5,True,,
L5_20,303,harness,white_usv4,USV,12550.0,550.0,7,0,2,False,8144,unknown
L5_20,303,harness,white_usv5,USV,12575.0,1600.0,4,0,3,False,8298,unknown
L5_20,303,harness,white_usv3,USV,12525.0,0.0,1,2,3,False,8298,unknown
L5_20,303,harness,white_uav5,UAV,61175.0,28600.0,0,0,0,True,,
L5_20,303,harness,white_uav2,UAV,51675.0,12550.0,0,0,0,True,,
L5_20,303,harness,white_uav3,UAV,51025.0,14750.0,0,0,0,True,,
L5_20,303,harness,white_uav1,UAV,58050.0,18525.0,0,0,0,True,,
L5_20,303,harness,white_uav4,UAV,65325.0,34275.0,0,0,0,True,,
L5_20,304,harness,white_usv1,USV,12950.0,2250.0,2,1,3,False,8576,unknown
L5_20,304,harness,white_usv2,USV,13200.0,125.0,10,3,5,False,10313,unknown
L5_20,304,harness,white_usv3,USV,13125.0,125.0,2,1,4,False,9529,unknown
L5_20,304,harness,white_usv4,USV,12575.0,425.0,2,2,3,False,8576,unknown
L5_20,304,harness,white_usv5,USV,12975.0,1500.0,1,1,2,False,8259,unknown
L5_20,304,harness,white_uav5,UAV,29550.0,12650.0,0,0,0,True,,
L5_20,304,harness,white_uav3,UAV,24075.0,12025.0,0,0,0,True,,
L5_20,304,harness,white_uav1,UAV,33325.0,8950.0,0,0,0,True,,
L5_20,304,harness,white_uav4,UAV,27775.0,9425.0,0,0,0,True,,
L5_20,304,harness,white_uav2,UAV,30375.0,6575.0,0,0,0,True,,
L5_20,305,harness,white_usv5,USV,12625.0,2200.0,4,1,3,False,9453,unknown
L5_20,305,harness,white_usv2,USV,12825.0,650.0,10,1,7,True,,
L5_20,305,harness,white_usv1,USV,13150.0,1550.0,5,4,6,True,,
L5_20,305,harness,white_usv3,USV,13225.0,0.0,1,0,3,True,,
L5_20,305,harness,white_usv4,USV,13700.0,0.0,0,4,5,True,,
L5_20,305,harness,white_uav3,UAV,25025.0,16700.0,0,0,0,True,,
L5_20,305,harness,white_uav1,UAV,25100.0,11325.0,0,0,0,True,,
L5_20,305,harness,white_uav4,UAV,25400.0,9600.0,0,0,0,True,,
L5_20,305,harness,white_uav5,UAV,25425.0,10150.0,0,0,0,True,,
L5_20,305,harness,white_uav2,UAV,23625.0,7000.0,0,0,0,True,,
L5_25,301,harness,white_usv1,USV,13150.0,2250.0,1,1,4,False,9094,unknown
L5_25,301,harness,white_usv3,USV,12475.0,250.0,2,1,4,False,9094,unknown
L5_25,301,harness,white_usv5,USV,12750.0,2000.0,2,2,4,False,8902,unknown
L5_25,301,harness,white_usv2,USV,15450.0,0.0,16,5,8,True,,
L5_25,301,harness,white_usv4,USV,17200.0,0.0,5,4,5,True,,
L5_25,301,harness,white_uav3,UAV,29850.0,17425.0,0,0,0,True,,
L5_25,301,harness,white_uav4,UAV,27100.0,11925.0,0,0,0,True,,
L5_25,301,harness,white_uav1,UAV,26650.0,7700.0,0,0,0,True,,
L5_25,301,harness,white_uav2,UAV,26500.0,6825.0,0,0,0,True,,
L5_25,301,harness,white_uav5,UAV,24925.0,11675.0,0,0,0,True,,
L5_25,302,harness,white_usv5,USV,12575.0,2225.0,3,0,5,False,9389,unknown
L5_25,302,harness,white_usv2,USV,13425.0,700.0,1,1,3,False,9006,unknown
L5_25,302,harness,white_usv4,USV,12775.0,0.0,13,2,5,False,10079,unknown
L5_25,302,harness,white_usv1,USV,13650.0,1475.0,2,2,3,False,8848,unknown
L5_25,302,harness,white_usv3,USV,21850.0,250.0,7,8,8,True,,
L5_25,302,harness,white_uav1,UAV,33875.0,8450.0,0,0,0,True,,
L5_25,302,harness,white_uav5,UAV,31025.0,12875.0,0,0,0,True,,
L5_25,302,harness,white_uav2,UAV,31900.0,13600.0,0,0,0,True,,
L5_25,302,harness,white_uav3,UAV,25100.0,8200.0,0,0,0,True,,
L5_25,302,harness,white_uav4,UAV,27200.0,8825.0,0,0,0,True,,
L5_25,303,harness,white_usv2,USV,13900.0,825.0,5,0,5,True,,
L5_25,303,harness,white_usv5,USV,13550.0,2100.0,8,3,7,True,,
L5_25,303,harness,white_usv4,USV,12525.0,0.0,7,3,4,False,9163,unknown
L5_25,303,harness,white_usv1,USV,14575.0,1550.0,5,5,5,True,,
L5_25,303,harness,white_usv3,USV,12800.0,0.0,1,2,3,False,9582,unknown
L5_25,303,harness,white_uav1,UAV,25000.0,13150.0,0,0,0,True,,
L5_25,303,harness,white_uav3,UAV,17900.0,11100.0,0,0,0,True,,
L5_25,303,harness,white_uav5,UAV,25100.0,10625.0,0,0,0,True,,
L5_25,303,harness,white_uav2,UAV,24175.0,8575.0,0,0,0,True,,
L5_25,303,harness,white_uav4,UAV,23100.0,8200.0,0,0,0,True,,
L5_25,304,harness,white_usv3,USV,12475.0,550.0,11,2,4,False,9166,unknown
L5_25,304,harness,white_usv5,USV,12600.0,1250.0,6,3,6,True,,
L5_25,304,harness,white_usv2,USV,13525.0,250.0,5,3,5,True,,
L5_25,304,harness,white_usv1,USV,12925.0,975.0,3,2,3,False,8336,unknown
L5_25,304,harness,white_usv4,USV,12475.0,0.0,1,3,5,False,9460,unknown
L5_25,304,harness,white_uav1,UAV,22750.0,10850.0,0,0,0,True,,
L5_25,304,harness,white_uav3,UAV,15575.0,11900.0,0,0,0,True,,
L5_25,304,harness,white_uav4,UAV,20525.0,7925.0,0,0,0,True,,
L5_25,304,harness,white_uav2,UAV,19150.0,7075.0,0,0,0,True,,
L5_25,304,harness,white_uav5,UAV,21275.0,7175.0,0,0,0,True,,
L5_25,305,harness,white_usv4,USV,12475.0,800.0,10,1,5,False,8964,unknown
L5_25,305,harness,white_usv1,USV,17575.0,2050.0,6,6,8,True,,
L5_25,305,harness,white_usv3,USV,12525.0,0.0,1,2,4,False,8820,unknown
L5_25,305,harness,white_usv2,USV,12625.0,0.0,4,1,4,False,10281,unknown
L5_25,305,harness,white_usv5,USV,12550.0,1575.0,3,2,4,False,9483,unknown
L5_25,305,harness,white_uav2,UAV,45975.0,12875.0,0,0,0,True,,
L5_25,305,harness,white_uav3,UAV,40475.0,10700.0,0,0,0,True,,
L5_25,305,harness,white_uav4,UAV,44325.0,20025.0,0,0,0,True,,
L5_25,305,harness,white_uav1,UAV,49600.0,9150.0,0,0,0,True,,
L5_25,305,harness,white_uav5,UAV,46550.0,19575.0,0,0,0,True,,
L5_30,301,harness,white_usv5,USV,16925.0,2200.0,8,1,11,True,,
L5_30,301,harness,white_usv1,USV,16375.0,2125.0,2,1,6,True,,
L5_30,301,harness,white_usv4,USV,17875.0,0.0,12,3,7,True,,
L5_30,301,harness,white_usv3,USV,12650.0,0.0,4,3,6,False,10598,unknown
L5_30,301,harness,white_usv2,USV,15950.0,0.0,4,7,8,True,,
L5_30,301,harness,white_uav2,UAV,28675.0,12075.0,0,0,0,True,,
L5_30,301,harness,white_uav3,UAV,25300.0,11400.0,0,0,0,True,,
L5_30,301,harness,white_uav5,UAV,27300.0,14675.0,0,0,0,True,,
L5_30,301,harness,white_uav1,UAV,28725.0,10525.0,0,0,0,True,,
L5_30,301,harness,white_uav4,UAV,31300.0,12125.0,0,0,0,True,,
L5_30,302,harness,white_usv3,USV,20325.0,500.0,11,0,6,True,,
L5_30,302,harness,white_usv5,USV,21150.0,1975.0,6,3,8,True,,
L5_30,302,harness,white_usv4,USV,23650.0,150.0,3,3,7,True,,
L5_30,302,harness,white_usv1,USV,21000.0,1975.0,3,4,7,True,,
L5_30,302,harness,white_usv2,USV,20250.0,0.0,5,4,5,True,,
L5_30,302,harness,white_uav2,UAV,53900.0,25275.0,0,0,0,False,25087,unknown
L5_30,302,harness,white_uav1,UAV,50175.0,19875.0,0,0,0,False,25087,unknown
L5_30,302,harness,white_uav5,UAV,63050.0,33275.0,0,0,0,False,25087,unknown
L5_30,302,harness,white_uav3,UAV,51850.0,9550.0,0,0,0,False,25087,unknown
L5_30,302,harness,white_uav4,UAV,52725.0,16400.0,0,0,0,False,25087,unknown
L5_30,303,harness,white_usv1,USV,12650.0,2200.0,14,4,4,False,10849,unknown
L5_30,303,harness,white_usv5,USV,12575.0,2200.0,7,0,6,False,9924,unknown
L5_30,303,harness,white_usv2,USV,14075.0,0.0,2,3,6,True,,
L5_30,303,harness,white_usv4,USV,12550.0,0.0,4,1,4,False,9322,unknown
L5_30,303,harness,white_usv3,USV,12950.0,0.0,3,7,7,True,,
L5_30,303,harness,white_uav2,UAV,25075.0,11725.0,0,0,0,True,,
L5_30,303,harness,white_uav3,UAV,17500.0,8375.0,0,0,0,True,,
L5_30,303,harness,white_uav5,UAV,22925.0,9325.0,0,0,0,True,,
L5_30,303,harness,white_uav1,UAV,25350.0,9325.0,0,0,0,True,,
L5_30,303,harness,white_uav4,UAV,22525.0,6475.0,0,0,0,True,,
L5_30,304,harness,white_usv3,USV,12475.0,550.0,11,2,5,False,9111,unknown
L5_30,304,harness,white_usv2,USV,15650.0,250.0,12,1,11,True,,
L5_30,304,harness,white_usv5,USV,12525.0,1225.0,0,1,3,False,8587,unknown
L5_30,304,harness,white_usv1,USV,15600.0,925.0,4,3,12,True,,
L5_30,304,harness,white_usv4,USV,15300.0,0.0,3,8,10,True,,
L5_30,304,harness,white_uav3,UAV,25550.0,13400.0,0,0,0,True,,
L5_30,304,harness,white_uav4,UAV,25050.0,10975.0,0,0,0,True,,
L5_30,304,harness,white_uav1,UAV,29525.0,11350.0,0,0,0,True,,
L5_30,304,harness,white_uav2,UAV,29200.0,9050.0,0,0,0,True,,
L5_30,304,harness,white_uav5,UAV,28350.0,14900.0,0,0,0,True,,
L5_30,305,harness,white_usv1,USV,12800.0,2175.0,3,2,4,False,9902,unknown
L5_30,305,harness,white_usv3,USV,12450.0,225.0,7,3,5,False,10099,unknown
L5_30,305,harness,white_usv2,USV,12600.0,0.0,3,1,5,False,9141,unknown
L5_30,305,harness,white_usv4,USV,12500.0,450.0,7,3,5,False,10099,unknown
L5_30,305,harness,white_usv5,USV,12775.0,1450.0,0,0,3,False,8219,unknown
L5_30,305,harness,white_uav5,UAV,31250.0,17325.0,0,0,0,True,,
L5_30,305,harness,white_uav2,UAV,27925.0,15400.0,0,0,0,True,,
L5_30,305,harness,white_uav3,UAV,21325.0,8550.0,0,0,0,True,,
L5_30,305,harness,white_uav4,UAV,21600.0,6625.0,0,0,0,True,,
L5_30,305,harness,white_uav1,UAV,29675.0,9800.0,0,0,0,True,,
L5_35,301,harness,white_usv1,USV,19725.0,1700.0,8,5,9,True,,
L5_35,301,harness,white_usv2,USV,12825.0,125.0,1,1,2,False,8946,unknown
L5_35,301,harness,white_usv3,USV,12600.0,125.0,12,1,5,False,9678,unknown
L5_35,301,harness,white_usv4,USV,17650.0,250.0,7,5,8,False,16179,unknown
L5_35,301,harness,white_usv5,USV,18525.0,1175.0,6,5,8,True,,
L5_35,301,harness,white_uav4,UAV,54075.0,32250.0,0,0,0,True,,
L5_35,301,harness,white_uav5,UAV,57250.0,23750.0,0,0,0,True,,
L5_35,301,harness,white_uav1,UAV,53750.0,10900.0,0,0,0,True,,
L5_35,301,harness,white_uav3,UAV,53800.0,11575.0,0,0,0,True,,
L5_35,301,harness,white_uav2,UAV,52850.0,8475.0,0,0,0,True,,
L5_35,302,harness,white_usv4,USV,12550.0,800.0,4,1,3,False,8440,unknown
L5_35,302,harness,white_usv1,USV,13150.0,2125.0,2,1,3,False,8864,unknown
L5_35,302,harness,white_usv3,USV,18200.0,150.0,18,4,9,True,,
L5_35,302,harness,white_usv2,USV,18000.0,25.0,6,7,8,True,,
L5_35,302,harness,white_usv5,USV,18650.0,1675.0,6,5,6,True,,
L5_35,302,harness,white_uav1,UAV,36575.0,12075.0,0,0,0,True,,
L5_35,302,harness,white_uav2,UAV,36200.0,10050.0,0,0,0,True,,
L5_35,302,harness,white_uav3,UAV,32100.0,10775.0,0,0,0,True,,
L5_35,302,harness,white_uav5,UAV,33250.0,13375.0,0,0,0,True,,
L5_35,302,harness,white_uav4,UAV,33125.0,13250.0,0,0,0,True,,
L5_35,303,harness,white_usv1,USV,14575.0,1525.0,10,2,7,True,,
L5_35,303,harness,white_usv4,USV,15900.0,500.0,5,2,9,True,,
L5_35,303,harness,white_usv3,USV,15300.0,0.0,15,5,8,True,,
L5_35,303,harness,white_usv5,USV,13950.0,975.0,3,6,7,True,,
L5_35,303,harness,white_usv2,USV,12775.0,0.0,3,3,4,False,9541,unknown
L5_35,303,harness,white_uav1,UAV,43350.0,13875.0,0,0,0,True,,
L5_35,303,harness,white_uav4,UAV,46775.0,30100.0,0,0,0,True,,
L5_35,303,harness,white_uav5,UAV,45350.0,28875.0,0,0,0,True,,
L5_35,303,harness,white_uav2,UAV,45875.0,14025.0,0,0,0,True,,
L5_35,303,harness,white_uav3,UAV,41150.0,10925.0,0,0,0,True,,
L5_35,304,harness,white_usv1,USV,17425.0,1525.0,4,2,6,True,,
L5_35,304,harness,white_usv4,USV,16525.0,500.0,8,3,6,True,,
L5_35,304,harness,white_usv3,USV,14875.0,0.0,16,4,6,True,,
L5_35,304,harness,white_usv2,USV,12550.0,0.0,2,1,3,False,9097,unknown
L5_35,304,harness,white_usv5,USV,16000.0,925.0,4,7,7,True,,
L5_35,304,harness,white_uav1,UAV,66075.0,18425.0,0,0,0,True,,
L5_35,304,harness,white_uav3,UAV,72925.0,29925.0,0,0,0,True,,
L5_35,304,harness,white_uav4,UAV,73875.0,33275.0,0,0,0,True,,
L5_35,304,harness,white_uav5,UAV,77950.0,32850.0,0,0,0,True,,
L5_35,304,harness,white_uav2,UAV,61575.0,16650.0,0,0,0,True,,
L5_35,305,harness,white_usv2,USV,12675.0,775.0,7,1,6,False,9893,unknown
L5_35,305,harness,white_usv3,USV,14925.0,100.0,19,3,8,True,,
L5_35,305,harness,white_usv1,USV,16650.0,1425.0,4,8,8,True,,
L5_35,305,harness,white_usv4,USV,12500.0,425.0,1,3,5,False,9759,unknown
L5_35,305,harness,white_usv5,USV,12825.0,1400.0,3,2,5,False,10187,unknown
L5_35,305,harness,white_uav2,UAV,46525.0,17575.0,0,0,0,True,,
L5_35,305,harness,white_uav4,UAV,47675.0,19000.0,0,0,0,True,,
L5_35,305,harness,white_uav5,UAV,50100.0,28250.0,0,0,0,True,,
L5_35,305,harness,white_uav1,UAV,44200.0,8975.0,0,0,0,True,,
L5_35,305,harness,white_uav3,UAV,40725.0,14675.0,0,0,0,True,,
L5_40,301,harness,white_usv2,USV,13275.0,800.0,5,4,9,False,12385,unknown
L5_40,301,harness,white_usv3,USV,18100.0,225.0,20,5,11,True,,
L5_40,301,harness,white_usv1,USV,18875.0,2000.0,6,6,8,True,,
L5_40,301,harness,white_usv4,USV,20925.0,525.0,5,3,7,True,,
L5_40,301,harness,white_usv5,USV,13225.0,1475.0,2,1,3,False,9589,unknown
L5_40,301,harness,white_uav2,UAV,59400.0,19275.0,0,0,0,True,,
L5_40,301,harness,white_uav3,UAV,57650.0,13975.0,0,0,0,True,,
L5_40,301,harness,white_uav1,UAV,52825.0,17075.0,0,0,0,True,,
L5_40,301,harness,white_uav4,UAV,59700.0,25250.0,0,0,0,True,,
L5_40,301,harness,white_uav5,UAV,60750.0,25775.0,0,0,0,True,,
L5_40,302,harness,white_usv1,USV,12725.0,1500.0,1,1,4,False,8982,unknown
L5_40,302,harness,white_usv5,USV,22750.0,1650.0,18,0,11,True,,
L5_40,302,harness,white_usv3,USV,23325.0,50.0,8,4,9,True,,
L5_40,302,harness,white_usv2,USV,12500.0,0.0,3,2,3,False,8720,unknown
L5_40,302,harness,white_usv4,USV,22775.0,0.0,8,12,13,True,,
L5_40,302,harness,white_uav1,UAV,53600.0,14175.0,0,0,0,False,25081,unknown
L5_40,302,harness,white_uav4,UAV,50875.0,23100.0,0,0,0,False,25081,unknown
L5_40,302,harness,white_uav3,UAV,50000.0,11375.0,0,0,0,False,25081,unknown
L5_40,302,harness,white_uav2,UAV,52400.0,8550.0,0,0,0,False,25081,unknown
L5_40,302,harness,white_uav5,UAV,60150.0,38225.0,0,0,0,False,25081,unknown
L5_40,303,harness,white_usv5,USV,14400.0,1500.0,12,4,10,True,,
L5_40,303,harness,white_usv1,USV,12675.0,1475.0,5,0,6,False,10212,unknown
L5_40,303,harness,white_usv4,USV,15000.0,0.0,7,4,10,True,,
L5_40,303,harness,white_usv2,USV,12500.0,0.0,13,2,6,False,10032,unknown
L5_40,303,harness,white_usv3,USV,15275.0,0.0,3,10,12,False,15876,unknown
L5_40,303,harness,white_uav5,UAV,26475.0,10350.0,0,0,0,True,,
L5_40,303,harness,white_uav1,UAV,26775.0,10925.0,0,0,0,True,,
L5_40,303,harness,white_uav2,UAV,24275.0,12775.0,0,0,0,True,,
L5_40,303,harness,white_uav3,UAV,18975.0,9775.0,0,0,0,True,,
L5_40,303,harness,white_uav4,UAV,25625.0,8450.0,0,0,0,True,,
L5_40,304,harness,white_usv1,USV,12750.0,2225.0,6,1,5,False,11614,unknown
L5_40,304,harness,white_usv3,USV,18550.0,225.0,22,9,13,True,,
L5_40,304,harness,white_usv4,USV,12525.0,425.0,5,0,6,False,9662,unknown
L5_40,304,harness,white_usv2,USV,12700.0,0.0,3,7,9,False,10818,unknown
L5_40,304,harness,white_usv5,USV,12625.0,1550.0,0,1,3,False,8499,unknown
L5_40,304,harness,white_uav2,UAV,30475.0,13525.0,0,0,0,True,,
L5_40,304,harness,white_uav4,UAV,32325.0,13750.0,0,0,0,True,,
L5_40,304,harness,white_uav5,UAV,30375.0,10100.0,0,0,0,True,,
L5_40,304,harness,white_uav1,UAV,30975.0,7150.0,0,0,0,True,,
L5_40,304,harness,white_uav3,UAV,23450.0,7275.0,0,0,0,True,,
L5_40,305,harness,white_usv5,USV,17950.0,1525.0,10,5,10,True,,
L5_40,305,harness,white_usv3,USV,17025.0,250.0,18,0,10,True,,
L5_40,305,harness,white_usv2,USV,12475.0,250.0,6,3,6,False,9399,unknown
L5_40,305,harness,white_usv1,USV,16400.0,950.0,3,8,8,True,,
L5_40,305,harness,white_usv4,USV,12575.0,0.0,1,3,4,False,8530,unknown
L5_40,305,harness,white_uav2,UAV,48575.0,17000.0,0,0,0,True,,
L5_40,305,harness,white_uav3,UAV,45075.0,13150.0,0,0,0,True,,
L5_40,305,harness,white_uav4,UAV,43725.0,21500.0,0,0,0,True,,
L5_40,305,harness,white_uav5,UAV,47875.0,31650.0,0,0,0,True,,
L5_40,305,harness,white_uav1,UAV,46200.0,9600.0,0,0,0,True,,
L5_45,301,harness,white_usv1,USV,18850.0,1475.0,10,2,7,True,,
L5_45,301,harness,white_usv3,USV,18525.0,1125.0,23,8,14,True,,
L5_45,301,harness,white_usv2,USV,18875.0,0.0,4,5,8,True,,
L5_45,301,harness,white_usv4,USV,20275.0,250.0,3,4,6,True,,
L5_45,301,harness,white_usv5,USV,20875.0,1000.0,4,3,5,True,,
L5_45,301,harness,white_uav2,UAV,54250.0,24175.0,0,0,0,True,,
L5_45,301,harness,white_uav4,UAV,49825.0,25825.0,0,0,0,True,,
L5_45,301,harness,white_uav5,UAV,52475.0,24325.0,0,0,0,True,,
L5_45,301,harness,white_uav1,UAV,49450.0,10300.0,0,0,0,True,,
L5_45,301,harness,white_uav3,UAV,42625.0,8925.0,0,0,0,True,,
L5_45,302,harness,white_usv1,USV,21700.0,2525.0,7,5,9,True,,
L5_45,302,harness,white_usv5,USV,24250.0,1550.0,8,2,10,True,,
L5_45,302,harness,white_usv3,USV,18975.0,0.0,9,8,9,True,,
L5_45,302,harness,white_usv2,USV,21675.0,0.0,6,5,8,True,,
L5_45,302,harness,white_usv4,USV,12575.0,0.0,14,2,7,False,9938,unknown
L5_45,302,harness,white_uav1,UAV,47725.0,9800.0,0,0,0,False,25078,unknown
L5_45,302,harness,white_uav3,UAV,54725.0,15725.0,0,0,0,False,25078,unknown
L5_45,302,harness,white_uav2,UAV,56600.0,12450.0,0,0,0,False,25078,unknown
L5_45,302,harness,white_uav5,UAV,69575.0,44650.0,0,0,0,False,25078,unknown
L5_45,302,harness,white_uav4,UAV,57675.0,21625.0,0,0,0,False,25078,unknown
L5_45,303,harness,white_usv1,USV,12650.0,1500.0,12,5,10,False,10989,unknown
L5_45,303,harness,white_usv3,USV,13225.0,250.0,4,1,8,False,12057,unknown
L5_45,303,harness,white_usv2,USV,15650.0,0.0,20,5,12,True,,
L5_45,303,harness,white_usv5,USV,13175.0,1150.0,5,6,10,False,12057,unknown
L5_45,303,harness,white_usv4,USV,12550.0,0.0,3,5,7,False,9736,unknown
L5_45,303,harness,white_uav1,UAV,40075.0,12550.0,0,0,0,True,,
L5_45,303,harness,white_uav3,UAV,35925.0,15250.0,0,0,0,True,,
L5_45,303,harness,white_uav4,UAV,37175.0,17125.0,0,0,0,True,,
L5_45,303,harness,white_uav2,UAV,43525.0,9175.0,0,0,0,True,,
L5_45,303,harness,white_uav5,UAV,42000.0,20975.0,0,0,0,True,,
L5_45,304,harness,white_usv2,USV,12700.0,675.0,22,0,10,False,12192,unknown
L5_45,304,harness,white_usv4,USV,12625.0,375.0,5,2,8,False,9949,unknown
L5_45,304,harness,white_usv5,USV,12700.0,975.0,2,3,5,False,9437,unknown
L5_45,304,harness,white_usv3,USV,16800.0,0.0,9,13,15,True,,
L5_45,304,harness,white_usv1,USV,12575.0,1025.0,3,2,4,False,9571,unknown
L5_45,304,harness,white_uav2,UAV,25975.0,12725.0,0,0,0,True,,
L5_45,304,harness,white_uav1,UAV,27225.0,6025.0,0,0,0,True,,
L5_45,304,harness,white_uav4,UAV,26250.0,11225.0,0,0,0,True,,
L5_45,304,harness,white_uav3,UAV,20150.0,5675.0,0,0,0,True,,
L5_45,304,harness,white_uav5,UAV,30050.0,9700.0,0,0,0,True,,
L5_45,305,harness,white_usv5,USV,12700.0,1475.0,6,1,4,False,9905,unknown
L5_45,305,harness,white_usv3,USV,14775.0,250.0,23,4,13,False,19644,unknown
L5_45,305,harness,white_usv1,USV,12750.0,1175.0,3,4,6,False,10652,unknown
L5_45,305,harness,white_usv2,USV,16150.0,0.0,9,9,11,True,,
L5_45,305,harness,white_usv4,USV,12500.0,0.0,5,5,6,False,10468,unknown
L5_45,305,harness,white_uav1,UAV,30850.0,14400.0,0,0,0,True,,
L5_45,305,harness,white_uav3,UAV,25000.0,13700.0,0,0,0,True,,
L5_45,305,harness,white_uav4,UAV,30300.0,11475.0,0,0,0,True,,
L5_45,305,harness,white_uav2,UAV,30925.0,8875.0,0,0,0,True,,
L5_45,305,harness,white_uav5,UAV,31225.0,11525.0,0,0,0,True,,
L5_50,301,harness,white_usv4,USV,17925.0,675.0,23,8,14,True,,
L5_50,301,harness,white_usv5,USV,12800.0,925.0,7,1,8,False,10966,unknown
L5_50,301,harness,white_usv1,USV,12725.0,1325.0,5,4,8,False,12074,unknown
L5_50,301,harness,white_usv3,USV,12575.0,0.0,3,2,5,False,9631,unknown
L5_50,301,harness,white_usv2,USV,12775.0,0.0,4,6,9,False,10966,unknown
L5_50,301,harness,white_uav1,UAV,35650.0,11525.0,0,0,0,True,,
L5_50,301,harness,white_uav3,UAV,29575.0,14650.0,0,0,0,True,,
L5_50,301,harness,white_uav5,UAV,30675.0,13925.0,0,0,0,True,,
L5_50,301,harness,white_uav2,UAV,32625.0,7000.0,0,0,0,True,,
L5_50,301,harness,white_uav4,UAV,31475.0,6800.0,0,0,0,True,,
L5_50,302,harness,white_usv3,USV,12600.0,550.0,21,4,9,False,10859,unknown
L5_50,302,harness,white_usv1,USV,12625.0,1225.0,5,2,5,False,10118,unknown
L5_50,302,harness,white_usv4,USV,15675.0,250.0,10,4,9,True,,
L5_50,302,harness,white_usv5,USV,17775.0,950.0,6,8,10,True,,
L5_50,302,harness,white_usv2,USV,12700.0,0.0,2,4,5,False,9854,unknown
L5_50,302,harness,white_uav1,UAV,34450.0,11450.0,0,0,0,True,,
L5_50,302,harness,white_uav2,UAV,35275.0,15100.0,0,0,0,True,,
L5_50,302,harness,white_uav5,UAV,43700.0,28125.0,0,0,0,True,,
L5_50,302,harness,white_uav4,UAV,34450.0,13375.0,0,0,0,True,,
L5_50,302,harness,white_uav3,UAV,33350.0,9850.0,0,0,0,True,,
L5_50,303,harness,white_usv3,USV,12550.0,550.0,11,3,8,False,10990,unknown
L5_50,303,harness,white_usv5,USV,18700.0,1200.0,8,8,12,False,21776,unknown
L5_50,303,harness,white_usv1,USV,12825.0,1200.0,9,7,8,False,12269,unknown
L5_50,303,harness,white_usv4,USV,12650.0,0.0,20,2,8,False,11304,unknown
L5_50,303,harness,white_usv2,USV,12650.0,0.0,2,5,8,False,11304,unknown
L5_50,303,harness,white_uav5,UAV,26625.0,12825.0,0,0,0,True,,
L5_50,303,harness,white_uav1,UAV,28650.0,9450.0,0,0,0,False,21776,unknown
L5_50,303,harness,white_uav3,UAV,22050.0,13150.0,0,0,0,True,,
L5_50,303,harness,white_uav4,UAV,25225.0,8050.0,0,0,0,True,,
L5_50,303,harness,white_uav2,UAV,26625.0,6950.0,0,0,0,False,21776,unknown
L5_50,304,harness,white_usv3,USV,12475.0,550.0,22,2,8,False,9787,unknown
L5_50,304,harness,white_usv4,USV,12750.0,250.0,5,4,7,False,10808,unknown
L5_50,304,harness,white_usv1,USV,12575.0,1225.0,4,3,4,False,9787,unknown
L5_50,304,harness,white_usv5,USV,13025.0,950.0,1,3,6,False,10645,unknown
L5_50,304,harness,white_usv2,USV,16625.0,0.0,10,9,10,True,,
L5_50,304,harness,white_uav5,UAV,33200.0,11625.0,0,0,0,True,,
L5_50,304,harness,white_uav1,UAV,29100.0,7750.0,0,0,0,True,,
L5_50,304,harness,white_uav2,UAV,25175.0,11975.0,0,0,0,True,,
L5_50,304,harness,white_uav3,UAV,21825.0,9825.0,0,0,0,True,,
L5_50,304,harness,white_uav4,UAV,27350.0,8600.0,0,0,0,True,,
L5_50,305,harness,white_usv1,USV,12550.0,1475.0,4,2,4,False,9967,unknown
L5_50,305,harness,white_usv4,USV,12625.0,500.0,4,0,4,False,9527,unknown
L5_50,305,harness,white_usv5,USV,13075.0,925.0,7,6,8,False,12614,unknown
L5_50,305,harness,white_usv2,USV,13000.0,0.0,22,2,12,False,12614,unknown
L5_50,305,harness,white_usv3,USV,20250.0,75.0,13,15,15,True,,
L5_50,305,harness,white_uav3,UAV,43625.0,17500.0,0,0,0,False,25048,unknown
L5_50,305,harness,white_uav5,UAV,38650.0,18275.0,0,0,0,False,25048,unknown
L5_50,305,harness,white_uav2,UAV,45200.0,9525.0,0,0,0,False,25048,unknown
L5_50,305,harness,white_uav1,UAV,43725.0,9775.0,0,0,0,False,25048,unknown
L5_50,305,harness,white_uav4,UAV,38275.0,18925.0,0,0,0,False,25048,unknown
L10_20,301,harness,white_usv1,USV,12725.0,2025.0,5,0,4,False,9057,unknown
L10_20,301,harness,white_usv4,USV,12725.0,100.0,4,0,3,True,,
L10_20,301,harness,white_usv3,USV,12775.0,0.0,4,4,5,True,,
L10_20,301,harness,white_usv7,USV,12650.0,425.0,1,0,3,True,,
L10_20,301,harness,white_usv8,USV,13525.0,175.0,2,0,2,True,,
L10_20,301,harness,white_usv9,USV,12850.0,275.0,1,0,4,True,,
L10_20,301,harness,white_usv5,USV,12775.0,0.0,1,1,3,True,,
L10_20,301,harness,white_usv6,USV,12700.0,0.0,0,1,3,True,,
L10_20,301,harness,white_usv2,USV,13375.0,0.0,1,2,3,False,8665,unknown
L10_20,301,harness,white_usv10,USV,13300.0,1000.0,1,2,2,True,,
L10_20,301,harness,white_uav4,UAV,21425.0,10700.0,0,0,0,True,,
L10_20,301,harness,white_uav8,UAV,21925.0,9900.0,0,0,0,True,,
L10_20,301,harness,white_uav10,UAV,24225.0,8550.0,0,0,0,True,,
L10_20,301,harness,white_uav7,UAV,19900.0,5075.0,0,0,0,True,,
L10_20,301,harness,white_uav2,UAV,23100.0,5500.0,0,0,0,True,,
L10_20,301,harness,white_uav5,UAV,17775.0,3000.0,0,0,0,True,,
L10_20,301,harness,white_uav3,UAV,22450.0,1875.0,0,0,0,True,,
L10_20,301,harness,white_uav9,UAV,20925.0,1850.0,0,0,0,True,,
L10_20,301,harness,white_uav1,UAV,22125.0,3525.0,0,0,0,True,,
L10_20,301,harness,white_uav6,UAV,15950.0,1100.0,0,0,0,True,,
L10_20,302,harness,white_usv2,USV,17675.0,575.0,1,0,1,True,,
L10_20,302,harness,white_usv6,USV,16950.0,125.0,6,0,2,True,,
L10_20,302,harness,white_usv1,USV,17150.0,675.0,0,1,1,True,,
L10_20,302,harness,white_usv7,USV,13025.0,100.0,3,0,3,False,8815,unknown
L10_20,302,harness,white_usv5,USV,16525.0,0.0,2,1,2,True,,
L10_20,302,harness,white_usv4,USV,16400.0,0.0,3,0,4,True,,
L10_20,302,harness,white_usv3,USV,15475.0,0.0,1,3,4,True,,
L10_20,302,harness,white_usv8,USV,16075.0,100.0,2,2,4,True,,
L10_20,302,harness,white_usv9,USV,13000.0,200.0,1,0,3,False,8249,unknown
L10_20,302,harness,white_usv10,USV,12750.0,675.0,1,3,3,False,8433,unknown
L10_20,302,harness,white_uav2,UAV,40250.0,13500.0,0,0,0,True,,
L10_20,302,harness,white_uav4,UAV,28025.0,8950.0,0,0,0,True,,
L10_20,302,harness,white_uav5,UAV,25925.0,4625.0,0,0,0,True,,
L10_20,302,harness,white_uav8,UAV,27700.0,9125.0,0,0,0,True,,
L10_20,302,harness,white_uav9,UAV,30700.0,5250.0,0,0,0,True,,
L10_20,302,harness,white_uav6,UAV,25025.0,2900.0,0,0,0,True,,
L10_20,302,harness,white_uav3,UAV,27750.0,7675.0,0,0,0,True,,
L10_20,302,harness,white_uav7,UAV,25250.0,1475.0,0,0,0,True,,
L10_20,302,harness,white_uav1,UAV,31300.0,11600.0,0,0,0,True,,
L10_20,302,harness,white_uav10,UAV,34675.0,8125.0,0,0,0,True,,
L10_20,303,harness,white_usv3,USV,15950.0,400.0,3,1,1,True,,
L10_20,303,harness,white_usv6,USV,12750.0,100.0,2,0,2,False,8232,unknown
L10_20,303,harness,white_usv4,USV,14500.0,0.0,4,1,4,True,,
L10_20,303,harness,white_usv1,USV,12600.0,900.0,3,0,2,False,8564,unknown
L10_20,303,harness,white_usv5,USV,15250.0,0.0,2,3,4,True,,
L10_20,303,harness,white_usv10,USV,13275.0,1100.0,3,0,3,False,9381,unknown
L10_20,303,harness,white_usv2,USV,16250.0,0.0,1,2,2,True,,
L10_20,303,harness,white_usv7,USV,13025.0,0.0,2,0,3,False,8656,unknown
L10_20,303,harness,white_usv8,USV,12875.0,0.0,0,0,3,False,9381,unknown
L10_20,303,harness,white_usv9,USV,13450.0,0.0,0,3,3,False,9381,unknown
L10_20,303,harness,white_uav1,UAV,30300.0,12800.0,0,0,0,True,,
L10_20,303,harness,white_uav2,UAV,28050.0,6900.0,0,0,0,True,,
L10_20,303,harness,white_uav4,UAV,22950.0,9500.0,0,0,0,True,,
L10_20,303,harness,white_uav8,UAV,25150.0,10550.0,0,0,0,True,,
L10_20,303,harness,white_uav9,UAV,27050.0,8075.0,0,0,0,True,,
L10_20,303,harness,white_uav7,UAV,23550.0,5925.0,0,0,0,True,,
L10_20,303,harness,white_uav3,UAV,26450.0,3975.0,0,0,0,True,,
L10_20,303,harness,white_uav6,UAV,21775.0,3300.0,0,0,0,True,,
L10_20,303,harness,white_uav10,UAV,28250.0,6725.0,0,0,0,True,,
L10_20,303,harness,white_uav5,UAV,20725.0,975.0,0,0,0,True,,
L10_20,304,harness,white_usv2,USV,12775.0,575.0,3,0,3,True,,
L10_20,304,harness,white_usv3,USV,13350.0,25.0,3,0,2,False,8610,unknown
L10_20,304,harness,white_usv5,USV,13250.0,25.0,3,0,2,False,8610,unknown
L10_20,304,harness,white_usv6,USV,12525.0,75.0,2,0,3,True,,
L10_20,304,harness,white_usv9,USV,12950.0,400.0,3,2,4,True,,
L10_20,304,harness,white_usv8,USV,12975.0,0.0,1,0,3,False,8525,unknown
L10_20,304,harness,white_usv1,USV,12625.0,675.0,1,2,3,True,,
L10_20,304,harness,white_usv4,USV,13550.0,0.0,1,2,3,True,,
L10_20,304,harness,white_usv7,USV,12950.0,0.0,1,2,3,True,,
L10_20,304,harness,white_usv10,USV,12550.0,675.0,2,2,2,True,,
L10_20,304,harness,white_uav1,UAV,23175.0,7000.0,0,0,0,True,,
L10_20,304,harness,white_uav8,UAV,22625.0,10625.0,0,0,0,True,,
L10_20,304,harness,white_uav5,UAV,17400.0,9050.0,0,0,0,True,,
L10_20,304,harness,white_uav2,UAV,22675.0,5650.0,0,0,0,True,,
L10_20,304,harness,white_uav10,UAV,23425.0,7900.0,0,0,0,True,,
L10_20,304,harness,white_uav4,UAV,16350.0,3175.0,0,0,0,True,,
L10_20,304,harness,white_uav7,UAV,19100.0,3300.0,0,0,0,True,,
L10_20,304,harness,white_uav3,UAV,21000.0,1850.0,0,0,0,True,,
L10_20,304,harness,white_uav6,UAV,15325.0,1250.0,0,0,0,True,,
L10_20,304,harness,white_uav9,UAV,23450.0,3150.0,0,0,0,True,,
L10_20,305,harness,white_usv1,USV,12775.0,1225.0,4,0,4,True,,
L10_20,305,harness,white_usv4,USV,12525.0,50.0,3,1,3,True,,
L10_20,305,harness,white_usv7,USV,12750.0,200.0,4,1,3,True,,
L10_20,305,harness,white_usv9,USV,13150.0,300.0,1,0,2,True,,
L10_20,305,harness,white_usv10,USV,13300.0,675.0,1,1,1,False,8311,unknown
L10_20,305,harness,white_usv2,USV,12775.0,0.0,1,2,3,False,8311,unknown
L10_20,305,harness,white_usv3,USV,12925.0,0.0,2,1,3,True,,
L10_20,305,harness,white_usv6,USV,12700.0,0.0,2,0,3,True,,
L10_20,305,harness,white_usv5,USV,12600.0,0.0,1,3,3,True,,
L10_20,305,harness,white_usv8,USV,13025.0,0.0,1,1,2,True,,
L10_20,305,harness,white_uav8,UAV,19025.0,9350.0,0,0,0,True,,
L10_20,305,harness,white_uav2,UAV,22850.0,9525.0,0,0,0,True,,
L10_20,305,harness,white_uav6,UAV,15425.0,8125.0,0,0,0,True,,
L10_20,305,harness,white_uav3,UAV,21900.0,4550.0,0,0,0,True,,
L10_20,305,harness,white_uav5,UAV,14250.0,2875.0,0,0,0,True,,
L10_20,305,harness,white_uav9,UAV,23375.0,6550.0,0,0,0,True,,
L10_20,305,harness,white_uav1,UAV,23575.0,5175.0,0,0,0,True,,
L10_20,305,harness,white_uav4,UAV,18625.0,1600.0,0,0,0,True,,
L10_20,305,harness,white_uav7,UAV,17925.0,1575.0,0,0,0,True,,
L10_20,305,harness,white_uav10,UAV,24225.0,5625.0,0,0,0,True,,
L10_25,301,harness,white_usv1,USV,14775.0,1175.0,3,2,4,True,,
L10_25,301,harness,white_usv4,USV,12650.0,50.0,4,0,4,False,8623,unknown
L10_25,301,harness,white_usv7,USV,14375.0,200.0,2,0,3,True,,
L10_25,301,harness,white_usv8,USV,14375.0,100.0,1,2,4,True,,
L10_25,301,harness,white_usv3,USV,13250.0,0.0,6,1,8,True,,
L10_25,301,harness,white_usv2,USV,12950.0,0.0,4,4,5,True,,
L10_25,301,harness,white_usv5,USV,13750.0,0.0,2,2,2,True,,
L10_25,301,harness,white_usv6,USV,12550.0,0.0,2,0,2,False,8385,unknown
L10_25,301,harness,white_usv9,USV,12525.0,200.0,2,0,2,False,8840,unknown
L10_25,301,harness,white_usv10,USV,15050.0,700.0,0,2,2,True,,
L10_25,301,harness,white_uav9,UAV,31225.0,16050.0,0,0,0,True,,
L10_25,301,harness,white_uav3,UAV,24400.0,8800.0,0,0,0,True,,
L10_25,301,harness,white_uav7,UAV,23175.0,8800.0,0,0,0,True,,
L10_25,301,harness,white_uav10,UAV,28375.0,4850.0,0,0,0,True,,
L10_25,301,harness,white_uav2,UAV,25125.0,5625.0,0,0,0,True,,
L10_25,301,harness,white_uav1,UAV,27225.0,6000.0,0,0,0,True,,
L10_25,301,harness,white_uav5,UAV,19625.0,5675.0,0,0,0,True,,
L10_25,301,harness,white_uav4,UAV,23350.0,1425.0,0,0,0,True,,
L10_25,301,harness,white_uav8,UAV,24225.0,1775.0,0,0,0,True,,
L10_25,301,harness,white_uav6,UAV,22075.0,975.0,0,0,0,True,,
L10_25,302,harness,white_usv1,USV,15600.0,1200.0,2,0,2,True,,
L10_25,302,harness,white_usv6,USV,17375.0,150.0,3,0,4,True,,
L10_25,302,harness,white_usv7,USV,16675.0,100.0,6,0,5,True,,
L10_25,302,harness,white_usv5,USV,12950.0,0.0,3,1,3,False,8802,unknown
L10_25,302,harness,white_usv9,USV,13225.0,300.0,2,0,3,False,8581,unknown
L10_25,302,harness,white_usv10,USV,14500.0,675.0,3,3,5,True,,
L10_25,302,harness,white_usv3,USV,17275.0,0.0,5,0,4,True,,
L10_25,302,harness,white_usv2,USV,16025.0,0.0,0,4,4,True,,
L10_25,302,harness,white_usv4,USV,16100.0,0.0,1,2,2,True,,
L10_25,302,harness,white_usv8,USV,15300.0,0.0,1,3,3,True,,
L10_25,302,harness,white_uav9,UAV,40375.0,13500.0,0,0,0,True,,
L10_25,302,harness,white_uav8,UAV,49700.0,13625.0,0,0,0,True,,
L10_25,302,harness,white_uav6,UAV,47300.0,21675.0,0,0,0,True,,
L10_25,302,harness,white_uav3,UAV,45275.0,9725.0,0,0,0,True,,
L10_25,302,harness,white_uav2,UAV,48425.0,11525.0,0,0,0,True,,
L10_25,302,harness,white_uav5,UAV,34425.0,4950.0,0,0,0,True,,
L10_25,302,harness,white_uav1,UAV,51875.0,8350.0,0,0,0,True,,
L10_25,302,harness,white_uav4,UAV,46275.0,5075.0,0,0,0,True,,
L10_25,302,harness,white_uav7,UAV,40000.0,3925.0,0,0,0,True,,
L10_25,302,harness,white_uav10,UAV,55975.0,14300.0,0,0,0,True,,
L10_25,303,harness,white_usv2,USV,13575.0,575.0,6,0,4,True,,
L10_25,303,harness,white_usv5,USV,12550.0,50.0,2,1,3,False,8243,unknown
L10_25,303,harness,white_usv7,USV,13200.0,175.0,2,1,2,False,8600,unknown
L10_25,303,harness,white_usv9,USV,13800.0,300.0,4,1,3,True,,
L10_25,303,harness,white_usv6,USV,12550.0,0.0,2,1,3,False,8243,unknown
L10_25,303,harness,white_usv4,USV,12725.0,0.0,2,0,2,False,8320,unknown
L10_25,303,harness,white_usv8,USV,13025.0,0.0,6,4,5,True,,
L10_25,303,harness,white_usv1,USV,13525.0,675.0,1,3,4,True,,
L10_25,303,harness,white_usv3,USV,14175.0,0.0,1,1,3,True,,
L10_25,303,harness,white_usv10,USV,12675.0,625.0,0,1,2,False,8531,unknown
L10_25,303,harness,white_uav5,UAV,17075.0,11650.0,0,0,0,True,,
L10_25,303,harness,white_uav10,UAV,24650.0,6900.0,0,0,0,True,,
L10_25,303,harness,white_uav2,UAV,23550.0,8775.0,0,0,0,True,,
L10_25,303,harness,white_uav7,UAV,20750.0,6025.0,0,0,0,True,,
L10_25,303,harness,white_uav9,UAV,25400.0,4275.0,0,0,0,True,,
L10_25,303,harness,white_uav1,UAV,23300.0,6275.0,0,0,0,True,,
L10_25,303,harness,white_uav3,UAV,22375.0,4650.0,0,0,0,True,,
L10_25,303,harness,white_uav6,UAV,19525.0,1325.0,0,0,0,True,,
L10_25,303,harness,white_uav4,UAV,19000.0,1675.0,0,0,0,True,,
L10_25,303,harness,white_uav8,UAV,25550.0,4800.0,0,0,0,True,,
L10_25,304,harness,white_usv4,USV,14250.0,300.0,8,3,6,True,,
L10_25,304,harness,white_usv5,USV,13025.0,25.0,3,0,4,False,9706,unknown
L10_25,304,harness,white_usv8,USV,15575.0,275.0,1,2,4,True,,
L10_25,304,harness,white_usv10,USV,12575.0,875.0,4,2,2,False,8581,unknown
L10_25,304,harness,white_usv1,USV,12800.0,975.0,4,1,3,False,8922,unknown
L10_25,304,harness,white_usv2,USV,13200.0,0.0,2,0,3,False,8654,unknown
L10_25,304,harness,white_usv7,USV,12525.0,0.0,2,1,3,False,8321,unknown
L10_25,304,harness,white_usv3,USV,12975.0,0.0,0,3,3,False,8654,unknown
L10_25,304,harness,white_usv6,USV,12550.0,0.0,2,0,3,False,8252,unknown
L10_25,304,harness,white_usv9,USV,12625.0,0.0,0,1,3,False,8388,unknown
L10_25,304,harness,white_uav3,UAV,27475.0,10550.0,0,0,0,True,,
L10_25,304,harness,white_uav4,UAV,24025.0,6275.0,0,0,0,True,,
L10_25,304,harness,white_uav9,UAV,26275.0,10975.0,0,0,0,True,,
L10_25,304,harness,white_uav7,UAV,22300.0,8600.0,0,0,0,True,,
L10_25,304,harness,white_uav1,UAV,28525.0,9175.0,0,0,0,True,,
L10_25,304,harness,white_uav10,UAV,26800.0,6975.0,0,0,0,True,,
L10_25,304,harness,white_uav6,UAV,20275.0,2975.0,0,0,0,True,,
L10_25,304,harness,white_uav2,UAV,27975.0,2700.0,0,0,0,True,,
L10_25,304,harness,white_uav5,UAV,20800.0,1200.0,0,0,0,True,,
L10_25,304,harness,white_uav8,UAV,26250.0,5725.0,0,0,0,True,,
L10_25,305,harness,white_usv4,USV,13350.0,300.0,4,1,4,True,,
L10_25,305,harness,white_usv6,USV,12875.0,100.0,3,0,3,False,9088,unknown
L10_25,305,harness,white_usv10,USV,13675.0,1075.0,3,2,2,True,,
L10_25,305,harness,white_usv5,USV,13850.0,0.0,4,0,4,True,,
L10_25,305,harness,white_usv2,USV,12600.0,300.0,3,0,5,True,,
L10_25,305,harness,white_usv7,USV,14375.0,0.0,2,1,3,True,,
L10_25,305,harness,white_usv9,USV,12550.0,0.0,2,2,3,False,8403,unknown
L10_25,305,harness,white_usv1,USV,12675.0,675.0,1,5,5,True,,
L10_25,305,harness,white_usv3,USV,13700.0,0.0,3,2,2,True,,
L10_25,305,harness,white_usv8,USV,12600.0,0.0,1,0,3,False,8333,unknown
L10_25,305,harness,white_uav9,UAV,27200.0,10925.0,0,0,0,True,,
L10_25,305,harness,white_uav6,UAV,16600.0,12600.0,0,0,0,True,,
L10_25,305,harness,white_uav8,UAV,26175.0,4425.0,0,0,0,True,,
L10_25,305,harness,white_uav10,UAV,26750.0,9100.0,0,0,0,True,,
L10_25,305,harness,white_uav1,UAV,25875.0,12175.0,0,0,0,True,,
L10_25,305,harness,white_uav2,UAV,25475.0,6725.0,0,0,0,True,,
L10_25,305,harness,white_uav4,UAV,20775.0,8100.0,0,0,0,True,,
L10_25,305,harness,white_uav7,UAV,24650.0,1725.0,0,0,0,True,,
L10_25,305,harness,white_uav5,UAV,16300.0,2850.0,0,0,0,True,,
L10_25,305,harness,white_uav3,UAV,24075.0,2750.0,0,0,0,True,,
L10_30,301,harness,white_usv6,USV,15325.0,225.0,5,0,3,True,,
L10_30,301,harness,white_usv5,USV,15425.0,75.0,3,2,4,True,,
L10_30,301,harness,white_usv7,USV,15375.0,100.0,3,1,3,True,,
L10_30,301,harness,white_usv10,USV,15350.0,975.0,2,2,4,True,,
L10_30,301,harness,white_usv4,USV,14450.0,100.0,6,0,7,True,,
L10_30,301,harness,white_usv2,USV,15175.0,300.0,3,1,3,True,,
L10_30,301,harness,white_usv1,USV,15125.0,625.0,4,1,4,True,,
L10_30,301,harness,white_usv3,USV,14075.0,0.0,2,5,7,True,,
L10_30,301,harness,white_usv8,USV,13350.0,0.0,1,2,2,False,8693,unknown
L10_30,301,harness,white_usv9,USV,14800.0,0.0,1,1,2,True,,
L10_30,301,harness,white_uav3,UAV,29025.0,9625.0,0,0,0,True,,
L10_30,301,harness,white_uav7,UAV,22250.0,13300.0,0,0,0,True,,
L10_30,301,harness,white_uav9,UAV,27850.0,12650.0,0,0,0,True,,
L10_30,301,harness,white_uav4,UAV,25150.0,4500.0,0,0,0,True,,
L10_30,301,harness,white_uav1,UAV,29325.0,8150.0,0,0,0,True,,
L10_30,301,harness,white_uav10,UAV,28700.0,7300.0,0,0,0,True,,
L10_30,301,harness,white_uav6,UAV,20150.0,4925.0,0,0,0,True,,
L10_30,301,harness,white_uav2,UAV,29400.0,5225.0,0,0,0,True,,
L10_30,301,harness,white_uav5,UAV,20375.0,1250.0,0,0,0,True,,
L10_30,301,harness,white_uav8,UAV,27625.0,3850.0,0,0,0,True,,
L10_30,302,harness,white_usv1,USV,13675.0,1225.0,11,2,4,False,9995,unknown
L10_30,302,harness,white_usv5,USV,12975.0,75.0,4,0,4,False,9134,unknown
L10_30,302,harness,white_usv8,USV,12525.0,275.0,3,1,3,False,8353,unknown
L10_30,302,harness,white_usv10,USV,12675.0,875.0,1,0,2,False,8097,unknown
L10_30,302,harness,white_usv2,USV,12800.0,0.0,0,0,3,False,8227,unknown
L10_30,302,harness,white_usv4,USV,12625.0,0.0,3,0,2,False,8162,unknown
L10_30,302,harness,white_usv6,USV,12675.0,0.0,0,0,3,False,8227,unknown
L10_30,302,harness,white_usv9,USV,12725.0,0.0,0,0,3,False,8289,unknown
L10_30,302,harness,white_usv3,USV,13800.0,0.0,1,3,3,False,9829,unknown
L10_30,302,harness,white_usv7,USV,12675.0,0.0,0,4,4,False,9562,unknown
L10_30,302,harness,white_uav4,UAV,29450.0,11075.0,0,0,0,True,,
L10_30,302,harness,white_uav10,UAV,28700.0,10725.0,0,0,0,True,,
L10_30,302,harness,white_uav1,UAV,25250.0,8150.0,0,0,0,True,,
L10_30,302,harness,white_uav3,UAV,24875.0,4625.0,0,0,0,True,,
L10_30,302,harness,white_uav6,UAV,22675.0,11050.0,0,0,0,True,,
L10_30,302,harness,white_uav7,UAV,26575.0,5325.0,0,0,0,True,,
L10_30,302,harness,white_uav9,UAV,27425.0,5775.0,0,0,0,True,,
L10_30,302,harness,white_uav8,UAV,26275.0,4100.0,0,0,0,True,,
L10_30,302,harness,white_uav5,UAV,20825.0,1000.0,0,0,0,True,,
L10_30,302,harness,white_uav2,UAV,23750.0,1625.0,0,0,0,True,,
L10_30,303,harness,white_usv3,USV,12600.0,400.0,4,1,5,False,9249,unknown
L10_30,303,harness,white_usv4,USV,12850.0,0.0,6,0,4,False,8980,unknown
L10_30,303,harness,white_usv7,USV,12625.0,200.0,6,0,4,True,,
L10_30,303,harness,white_usv10,USV,12675.0,975.0,4,3,4,True,,
L10_30,303,harness,white_usv6,USV,12525.0,0.0,4,0,5,True,,
L10_30,303,harness,white_usv9,USV,12550.0,0.0,2,1,4,True,,
L10_30,303,harness,white_usv1,USV,13175.0,825.0,2,1,5,True,,
L10_30,303,harness,white_usv5,USV,12575.0,0.0,0,2,4,False,9553,unknown
L10_30,303,harness,white_usv2,USV,12675.0,0.0,1,2,3,True,,
L10_30,303,harness,white_usv8,USV,13550.0,0.0,1,5,5,True,,
L10_30,303,harness,white_uav2,UAV,22625.0,7300.0,0,0,0,True,,
L10_30,303,harness,white_uav5,UAV,15900.0,10425.0,0,0,0,True,,
L10_30,303,harness,white_uav8,UAV,22450.0,9475.0,0,0,0,True,,
L10_30,303,harness,white_uav6,UAV,17325.0,3075.0,0,0,0,True,,
L10_30,303,harness,white_uav9,UAV,23125.0,4800.0,0,0,0,True,,
L10_30,303,harness,white_uav3,UAV,20550.0,4725.0,0,0,0,True,,
L10_30,303,harness,white_uav1,UAV,22300.0,5575.0,0,0,0,True,,
L10_30,303,harness,white_uav4,UAV,16800.0,1400.0,0,0,0,True,,
L10_30,303,harness,white_uav7,UAV,22625.0,2925.0,0,0,0,True,,
L10_30,303,harness,white_uav10,UAV,24500.0,6675.0,0,0,0,True,,
L10_30,304,harness,white_usv9,USV,12825.0,575.0,4,0,3,False,8656,unknown
L10_30,304,harness,white_usv2,USV,13575.0,525.0,4,0,4,True,,
L10_30,304,harness,white_usv3,USV,13425.0,0.0,5,4,5,True,,
L10_30,304,harness,white_usv5,USV,13675.0,0.0,4,0,4,True,,
L10_30,304,harness,white_usv8,USV,12700.0,0.0,3,0,5,True,,
L10_30,304,harness,white_usv10,USV,12775.0,675.0,5,2,4,True,,
L10_30,304,harness,white_usv1,USV,12700.0,675.0,2,1,2,False,8244,unknown
L10_30,304,harness,white_usv4,USV,12650.0,0.0,2,2,5,True,,
L10_30,304,harness,white_usv6,USV,13500.0,0.0,1,2,4,True,,
L10_30,304,harness,white_usv7,USV,13400.0,0.0,0,4,4,True,,
L10_30,304,harness,white_uav6,UAV,18150.0,11900.0,0,0,0,True,,
L10_30,304,harness,white_uav7,UAV,20625.0,4000.0,0,0,0,True,,
L10_30,304,harness,white_uav5,UAV,17925.0,5075.0,0,0,0,True,,
L10_30,304,harness,white_uav3,UAV,23475.0,7400.0,0,0,0,True,,
L10_30,304,harness,white_uav9,UAV,23975.0,8550.0,0,0,0,True,,
L10_30,304,harness,white_uav1,UAV,25750.0,8025.0,0,0,0,True,,
L10_30,304,harness,white_uav8,UAV,26300.0,3700.0,0,0,0,True,,
L10_30,304,harness,white_uav10,UAV,24950.0,5275.0,0,0,0,True,,
L10_30,304,harness,white_uav4,UAV,22150.0,1475.0,0,0,0,True,,
L10_30,304,harness,white_uav2,UAV,23875.0,2150.0,0,0,0,True,,
L10_30,305,harness,white_usv1,USV,12625.0,1225.0,10,0,4,True,,
L10_30,305,harness,white_usv3,USV,12525.0,50.0,2,2,2,False,8334,unknown
L10_30,305,harness,white_usv4,USV,12575.0,0.0,4,1,5,True,,
L10_30,305,harness,white_usv6,USV,12800.0,100.0,3,0,4,True,,
L10_30,305,harness,white_usv7,USV,12675.0,100.0,1,3,4,True,,
L10_30,305,harness,white_usv9,USV,13050.0,300.0,4,1,3,True,,
L10_30,305,harness,white_usv10,USV,13100.0,675.0,3,0,3,True,,
L10_30,305,harness,white_usv5,USV,13375.0,0.0,2,1,4,True,,
L10_30,305,harness,white_usv8,USV,14050.0,0.0,1,3,3,True,,
L10_30,305,harness,white_usv2,USV,12675.0,0.0,0,4,5,True,,
L10_30,305,harness,white_uav3,UAV,21525.0,9850.0,0,0,0,True,,
L10_30,305,harness,white_uav6,UAV,14175.0,9275.0,0,0,0,True,,
L10_30,305,harness,white_uav9,UAV,23875.0,9225.0,0,0,0,True,,
L10_30,305,harness,white_uav2,UAV,23175.0,4250.0,0,0,0,True,,
L10_30,305,harness,white_uav5,UAV,15650.0,3050.0,0,0,0,True,,
L10_30,305,harness,white_uav8,UAV,22875.0,4875.0,0,0,0,True,,
L10_30,305,harness,white_uav7,UAV,17375.0,1625.0,0,0,0,True,,
L10_30,305,harness,white_uav4,UAV,18675.0,2100.0,0,0,0,True,,
L10_30,305,harness,white_uav1,UAV,24275.0,5150.0,0,0,0,True,,
L10_30,305,harness,white_uav10,UAV,24350.0,5200.0,0,0,0,True,,
L10_35,301,harness,white_usv3,USV,12550.0,400.0,13,0,6,False,9958,unknown
L10_35,301,harness,white_usv6,USV,16275.0,100.0,7,0,6,True,,
L10_35,301,harness,white_usv1,USV,12675.0,825.0,1,0,3,False,8277,unknown
L10_35,301,harness,white_usv2,USV,12550.0,0.0,2,3,4,False,10338,unknown
L10_35,301,harness,white_usv8,USV,12750.0,200.0,1,0,4,False,9435,unknown
L10_35,301,harness,white_usv9,USV,16825.0,200.0,2,0,4,True,,
L10_35,301,harness,white_usv10,USV,14700.0,675.0,3,2,4,True,,
L10_35,301,harness,white_usv5,USV,16450.0,0.0,1,5,8,True,,
L10_35,301,harness,white_usv4,USV,14375.0,0.0,2,5,7,False,12574,unknown
L10_35,301,harness,white_usv7,USV,14525.0,0.0,4,3,4,True,,
L10_35,301,harness,white_uav9,UAV,31000.0,10025.0,0,0,0,True,,
L10_35,301,harness,white_uav7,UAV,22475.0,8900.0,0,0,0,True,,
L10_35,301,harness,white_uav6,UAV,21825.0,7050.0,0,0,0,True,,
L10_35,301,harness,white_uav1,UAV,29700.0,12525.0,0,0,0,True,,
L10_35,301,harness,white_uav5,UAV,23100.0,6000.0,0,0,0,True,,
L10_35,301,harness,white_uav8,UAV,30000.0,8750.0,0,0,0,True,,
L10_35,301,harness,white_uav10,UAV,29725.0,12375.0,0,0,0,True,,
L10_35,301,harness,white_uav2,UAV,30125.0,6525.0,0,0,0,True,,
L10_35,301,harness,white_uav4,UAV,28350.0,4200.0,0,0,0,True,,
L10_35,301,harness,white_uav3,UAV,29975.0,2300.0,0,0,0,True,,
L10_35,302,harness,white_usv1,USV,20650.0,1150.0,3,0,4,True,,
L10_35,302,harness,white_usv4,USV,12675.0,50.0,5,0,4,False,9400,unknown
L10_35,302,harness,white_usv2,USV,14125.0,0.0,4,3,4,False,12077,unknown
L10_35,302,harness,white_usv5,USV,12725.0,25.0,2,2,2,False,8849,unknown
L10_35,302,harness,white_usv7,USV,24375.0,175.0,3,0,6,True,,
L10_35,302,harness,white_usv8,USV,25325.0,100.0,10,0,6,True,,
L10_35,302,harness,white_usv10,USV,21925.0,875.0,3,2,6,True,,
L10_35,302,harness,white_usv3,USV,12800.0,0.0,2,3,3,False,9248,unknown
L10_35,302,harness,white_usv6,USV,20925.0,0.0,1,4,7,True,,
L10_35,302,harness,white_usv9,USV,24200.0,0.0,1,3,5,True,,
L10_35,302,harness,white_uav1,UAV,48300.0,7625.0,0,0,0,False,26532,unknown
L10_35,302,harness,white_uav4,UAV,47125.0,12425.0,0,0,0,False,26532,unknown
L10_35,302,harness,white_uav7,UAV,37225.0,9325.0,0,0,0,False,26532,unknown
L10_35,302,harness,white_uav3,UAV,49125.0,6175.0,0,0,0,False,26532,unknown
L10_35,302,harness,white_uav6,UAV,38000.0,2975.0,0,0,0,False,26532,unknown
L10_35,302,harness,white_uav9,UAV,30700.0,8850.0,0,0,0,False,26532,unknown
L10_35,302,harness,white_uav5,UAV,40925.0,2900.0,0,0,0,False,26532,unknown
L10_35,302,harness,white_uav2,UAV,47300.0,5200.0,0,0,0,False,26532,unknown
L10_35,302,harness,white_uav8,UAV,30200.0,3175.0,0,0,0,False,26532,unknown
L10_35,302,harness,white_uav10,UAV,58975.0,34425.0,0,0,0,False,26532,unknown
L10_35,303,harness,white_usv2,USV,12650.0,575.0,6,2,5,True,,
L10_35,303,harness,white_usv1,USV,12675.0,675.0,7,3,4,True,,
L10_35,303,harness,white_usv6,USV,12900.0,125.0,5,1,5,True,,
L10_35,303,harness,white_usv7,USV,12825.0,100.0,3,0,5,True,,
L10_35,303,harness,white_usv9,USV,12700.0,300.0,5,1,4,True,,
L10_35,303,harness,white_usv5,USV,12725.0,0.0,2,2,5,True,,
L10_35,303,harness,white_usv4,USV,12650.0,0.0,3,2,4,True,,
L10_35,303,harness,white_usv3,USV,12650.0,0.0,2,2,4,False,9391,unknown
L10_35,303,harness,white_usv8,USV,12500.0,0.0,1,2,3,False,9391,unknown
L10_35,303,harness,white_usv10,USV,13175.0,600.0,2,3,3,False,9152,unknown
L10_35,303,harness,white_uav4,UAV,17775.0,10450.0,0,0,0,True,,
L10_35,303,harness,white_uav9,UAV,24225.0,10475.0,0,0,0,True,,
L10_35,303,harness,white_uav5,UAV,15125.0,4775.0,0,0,0,True,,
L10_35,303,harness,white_uav7,UAV,17500.0,6000.0,0,0,0,True,,
L10_35,303,harness,white_uav10,UAV,24325.0,5800.0,0,0,0,True,,
L10_35,303,harness,white_uav8,UAV,23600.0,3575.0,0,0,0,True,,
L10_35,303,harness,white_uav3,UAV,22425.0,6450.0,0,0,0,True,,
L10_35,303,harness,white_uav6,UAV,15050.0,1125.0,0,0,0,True,,
L10_35,303,harness,white_uav1,UAV,23900.0,7350.0,0,0,0,True,,
L10_35,303,harness,white_uav2,UAV,23475.0,2825.0,0,0,0,True,,
L10_35,304,harness,white_usv2,USV,12600.0,575.0,8,0,3,False,9513,unknown
L10_35,304,harness,white_usv5,USV,14775.0,50.0,4,0,5,True,,
L10_35,304,harness,white_usv3,USV,13625.0,0.0,7,0,5,True,,
L10_35,304,harness,white_usv6,USV,15275.0,75.0,2,1,5,True,,
L10_35,304,harness,white_usv8,USV,14450.0,200.0,3,0,5,True,,
L10_35,304,harness,white_usv9,USV,14275.0,200.0,3,3,4,True,,
L10_35,304,harness,white_usv10,USV,14875.0,650.0,3,3,3,True,,
L10_35,304,harness,white_usv1,USV,12850.0,625.0,0,3,5,False,9367,unknown
L10_35,304,harness,white_usv4,USV,14075.0,0.0,1,5,5,True,,
L10_35,304,harness,white_usv7,USV,15000.0,0.0,5,3,4,True,,
L10_35,304,harness,white_uav2,UAV,29025.0,10675.0,0,0,0,True,,
L10_35,304,harness,white_uav1,UAV,29950.0,7850.0,0,0,0,True,,
L10_35,304,harness,white_uav4,UAV,24150.0,9050.0,0,0,0,True,,
L10_35,304,harness,white_uav6,UAV,20075.0,8375.0,0,0,0,True,,
L10_35,304,harness,white_uav10,UAV,29975.0,10925.0,0,0,0,True,,
L10_35,304,harness,white_uav8,UAV,25200.0,7250.0,0,0,0,True,,
L10_35,304,harness,white_uav3,UAV,25800.0,4275.0,0,0,0,True,,
L10_35,304,harness,white_uav7,UAV,23425.0,1125.0,0,0,0,True,,
L10_35,304,harness,white_uav5,UAV,20075.0,1575.0,0,0,0,True,,
L10_35,304,harness,white_uav9,UAV,26800.0,1775.0,0,0,0,True,,
L10_35,305,harness,white_usv3,USV,12975.0,425.0,7,2,5,True,,
L10_35,305,harness,white_usv6,USV,14375.0,100.0,8,1,5,True,,
L10_35,305,harness,white_usv10,USV,12925.0,1075.0,6,0,6,True,,
L10_35,305,harness,white_usv1,USV,14200.0,825.0,2,2,2,True,,
L10_35,305,harness,white_usv2,USV,13075.0,0.0,4,3,5,True,,
L10_35,305,harness,white_usv5,USV,12825.0,0.0,3,1,4,False,8862,unknown
L10_35,305,harness,white_usv7,USV,14475.0,0.0,2,2,3,True,,
L10_35,305,harness,white_usv8,USV,13475.0,0.0,1,3,4,True,,
L10_35,305,harness,white_usv9,USV,12775.0,0.0,2,3,4,True,,
L10_35,305,harness,white_usv4,USV,12525.0,0.0,1,1,3,False,8246,unknown
L10_35,305,harness,white_uav1,UAV,26600.0,11150.0,0,0,0,True,,
L10_35,305,harness,white_uav7,UAV,22350.0,11000.0,0,0,0,True,,
L10_35,305,harness,white_uav6,UAV,18725.0,5000.0,0,0,0,True,,
L10_35,305,harness,white_uav9,UAV,23050.0,6950.0,0,0,0,True,,
L10_35,305,harness,white_uav10,UAV,24425.0,6125.0,0,0,0,True,,
L10_35,305,harness,white_uav5,UAV,17675.0,3575.0,0,0,0,True,,
L10_35,305,harness,white_uav8,UAV,23900.0,2625.0,0,0,0,True,,
L10_35,305,harness,white_uav3,UAV,22225.0,6600.0,0,0,0,True,,
L10_35,305,harness,white_uav2,UAV,23900.0,5375.0,0,0,0,True,,
L10_35,305,harness,white_uav4,UAV,16625.0,1200.0,0,0,0,True,,
L10_40,301,harness,white_usv8,USV,14375.0,400.0,6,1,6,True,,
L10_40,301,harness,white_usv10,USV,15950.0,850.0,3,2,5,True,,
L10_40,301,harness,white_usv2,USV,15875.0,500.0,8,3,9,True,,
L10_40,301,harness,white_usv6,USV,15800.0,0.0,8,0,5,True,,
L10_40,301,harness,white_usv3,USV,12525.0,0.0,2,0,4,False,8947,unknown
L10_40,301,harness,white_usv7,USV,16600.0,0.0,4,1,7,True,,
L10_40,301,harness,white_usv9,USV,16700.0,0.0,1,1,4,True,,
L10_40,301,harness,white_usv1,USV,12600.0,675.0,4,2,5,False,9960,unknown
L10_40,301,harness,white_usv4,USV,12750.0,0.0,2,3,4,False,9483,unknown
L10_40,301,harness,white_usv5,USV,16775.0,0.0,2,7,8,True,,
L10_40,301,harness,white_uav8,UAV,26900.0,13900.0,0,0,0,True,,
L10_40,301,harness,white_uav10,UAV,31025.0,7750.0,0,0,0,True,,
L10_40,301,harness,white_uav5,UAV,25225.0,10475.0,0,0,0,True,,
L10_40,301,harness,white_uav6,UAV,23375.0,3350.0,0,0,0,True,,
L10_40,301,harness,white_uav9,UAV,26775.0,3975.0,0,0,0,True,,
L10_40,301,harness,white_uav4,UAV,25375.0,5850.0,0,0,0,True,,
L10_40,301,harness,white_uav2,UAV,29100.0,10900.0,0,0,0,True,,
L10_40,301,harness,white_uav3,UAV,27450.0,2050.0,0,0,0,True,,
L10_40,301,harness,white_uav1,UAV,29400.0,5075.0,0,0,0,True,,
L10_40,301,harness,white_uav7,UAV,30025.0,5100.0,0,0,0,True,,
L10_40,302,harness,white_usv3,USV,12975.0,400.0,4,0,4,False,9175,unknown
L10_40,302,harness,white_usv4,USV,12700.0,0.0,4,1,4,False,9417,unknown
L10_40,302,harness,white_usv6,USV,12600.0,100.0,4,1,3,False,8812,unknown
L10_40,302,harness,white_usv7,USV,22800.0,325.0,7,1,7,True,,
L10_40,302,harness,white_usv9,USV,20750.0,300.0,9,3,7,True,,
L10_40,302,harness,white_usv10,USV,21775.0,775.0,3,3,7,True,,
L10_40,302,harness,white_usv1,USV,12750.0,825.0,2,1,3,False,8267,unknown
L10_40,302,harness,white_usv2,USV,14200.0,0.0,3,2,5,False,12109,unknown
L10_40,302,harness,white_usv5,USV,13125.0,0.0,3,3,3,False,8668,unknown
L10_40,302,harness,white_usv8,USV,23500.0,225.0,1,5,5,True,,
L10_40,302,harness,white_uav3,UAV,41650.0,8850.0,0,0,0,True,,
L10_40,302,harness,white_uav6,UAV,33275.0,10250.0,0,0,0,True,,
L10_40,302,harness,white_uav9,UAV,30875.0,7475.0,0,0,0,True,,
L10_40,302,harness,white_uav2,UAV,37600.0,6000.0,0,0,0,False,19939,unknown
L10_40,302,harness,white_uav5,UAV,33825.0,4500.0,0,0,0,True,,
L10_40,302,harness,white_uav8,UAV,29525.0,4875.0,0,0,0,False,19939,unknown
L10_40,302,harness,white_uav7,UAV,29500.0,2750.0,0,0,0,False,19939,unknown
L10_40,302,harness,white_uav4,UAV,36575.0,3475.0,0,0,0,True,,
L10_40,302,harness,white_uav1,UAV,38500.0,6125.0,0,0,0,True,,
L10_40,302,harness,white_uav10,UAV,40750.0,18075.0,0,0,0,True,,
L10_40,303,harness,white_usv3,USV,13700.0,400.0,6,1,5,True,,
L10_40,303,harness,white_usv5,USV,12550.0,25.0,8,0,4,False,10171,unknown
L10_40,303,harness,white_usv6,USV,12675.0,75.0,5,2,6,True,,
L10_40,303,harness,white_usv8,USV,13225.0,200.0,3,1,4,True,,
L10_40,303,harness,white_usv9,USV,13375.0,200.0,3,4,5,True,,
L10_40,303,harness,white_usv1,USV,12725.0,825.0,3,0,6,True,,
L10_40,303,harness,white_usv4,USV,12525.0,0.0,1,2,4,False,9403,unknown
L10_40,303,harness,white_usv2,USV,12700.0,0.0,6,3,5,False,11097,unknown
L10_40,303,harness,white_usv7,USV,12700.0,0.0,2,5,7,True,,
L10_40,303,harness,white_usv10,USV,13550.0,675.0,3,2,3,True,,
L10_40,303,harness,white_uav2,UAV,26075.0,10150.0,0,0,0,True,,
L10_40,303,harness,white_uav9,UAV,25250.0,10650.0,0,0,0,True,,
L10_40,303,harness,white_uav4,UAV,21300.0,9950.0,0,0,0,True,,
L10_40,303,harness,white_uav10,UAV,25250.0,5675.0,0,0,0,True,,
L10_40,303,harness,white_uav5,UAV,17000.0,5175.0,0,0,0,True,,
L10_40,303,harness,white_uav6,UAV,15300.0,3950.0,0,0,0,True,,
L10_40,303,harness,white_uav8,UAV,25700.0,5925.0,0,0,0,True,,
L10_40,303,harness,white_uav7,UAV,18450.0,2275.0,0,0,0,True,,
L10_40,303,harness,white_uav3,UAV,24875.0,2400.0,0,0,0,True,,
L10_40,303,harness,white_uav1,UAV,26625.0,5300.0,0,0,0,True,,
L10_40,304,harness,white_usv2,USV,12500.0,575.0,4,0,6,False,10036,unknown
L10_40,304,harness,white_usv4,USV,12525.0,25.0,2,0,4,False,9013,unknown
L10_40,304,harness,white_usv5,USV,12625.0,25.0,2,0,4,False,8795,unknown
L10_40,304,harness,white_usv6,USV,18850.0,75.0,6,1,8,True,,
L10_40,304,harness,white_usv8,USV,20825.0,200.0,7,1,7,True,,
L10_40,304,harness,white_usv9,USV,21000.0,200.0,6,4,8,True,,
L10_40,304,harness,white_usv1,USV,20600.0,700.0,1,3,5,True,,
L10_40,304,harness,white_usv3,USV,19350.0,0.0,7,3,4,True,,
L10_40,304,harness,white_usv7,USV,12625.0,0.0,2,2,5,False,9754,unknown
L10_40,304,harness,white_usv10,USV,17250.0,600.0,1,5,5,True,,
L10_40,304,harness,white_uav2,UAV,49050.0,9700.0,0,0,0,True,,
L10_40,304,harness,white_uav5,UAV,48900.0,13075.0,0,0,0,True,,
L10_40,304,harness,white_uav8,UAV,35025.0,12675.0,0,0,0,True,,
L10_40,304,harness,white_uav1,UAV,51900.0,11700.0,0,0,0,True,,
L10_40,304,harness,white_uav4,UAV,51375.0,8600.0,0,0,0,True,,
L10_40,304,harness,white_uav7,UAV,43825.0,7325.0,0,0,0,True,,
L10_40,304,harness,white_uav6,UAV,45275.0,2550.0,0,0,0,True,,
L10_40,304,harness,white_uav9,UAV,38500.0,8225.0,0,0,0,True,,
L10_40,304,harness,white_uav3,UAV,50600.0,2200.0,0,0,0,True,,
L10_40,304,harness,white_uav10,UAV,64075.0,33050.0,0,0,0,True,,
L10_40,305,harness,white_usv1,USV,12475.0,1250.0,5,1,3,False,9164,unknown
L10_40,305,harness,white_usv4,USV,12950.0,50.0,6,0,6,True,,
L10_40,305,harness,white_usv5,USV,12950.0,25.0,3,2,6,True,,
L10_40,305,harness,white_usv2,USV,14250.0,0.0,3,2,6,True,,
L10_40,305,harness,white_usv7,USV,13775.0,175.0,7,1,7,True,,
L10_40,305,harness,white_usv8,USV,12575.0,100.0,1,0,3,False,8195,unknown
L10_40,305,harness,white_usv10,USV,12975.0,850.0,6,2,5,True,,
L10_40,305,harness,white_usv3,USV,13175.0,0.0,3,6,7,True,,
L10_40,305,harness,white_usv6,USV,12650.0,0.0,3,1,2,False,8360,unknown
L10_40,305,harness,white_usv9,USV,13575.0,0.0,3,5,5,True,,
L10_40,305,harness,white_uav1,UAV,23250.0,7200.0,0,0,0,True,,
L10_40,305,harness,white_uav4,UAV,18025.0,9775.0,0,0,0,True,,
L10_40,305,harness,white_uav7,UAV,20075.0,8300.0,0,0,0,True,,
L10_40,305,harness,white_uav3,UAV,25400.0,6175.0,0,0,0,True,,
L10_40,305,harness,white_uav6,UAV,19275.0,3000.0,0,0,0,True,,
L10_40,305,harness,white_uav9,UAV,24625.0,6875.0,0,0,0,True,,
L10_40,305,harness,white_uav5,UAV,19600.0,1325.0,0,0,0,True,,
L10_40,305,harness,white_uav8,UAV,23525.0,3800.0,0,0,0,True,,
L10_40,305,harness,white_uav2,UAV,23350.0,3725.0,0,0,0,True,,
L10_40,305,harness,white_uav10,UAV,25425.0,6200.0,0,0,0,True,,
L10_45,301,harness,white_usv1,USV,15175.0,1200.0,8,1,8,False,13530,unknown
L10_45,301,harness,white_usv3,USV,15475.0,50.0,8,3,7,True,,
L10_45,301,harness,white_usv7,USV,16175.0,200.0,6,0,8,False,13530,unknown
L10_45,301,harness,white_usv8,USV,17550.0,125.0,6,0,4,True,,
L10_45,301,harness,white_usv2,USV,12675.0,0.0,3,2,3,False,8910,unknown
L10_45,301,harness,white_usv5,USV,17300.0,0.0,3,1,10,True,,
L10_45,301,harness,white_usv6,USV,16125.0,0.0,1,6,9,False,13530,unknown
L10_45,301,harness,white_usv10,USV,17325.0,875.0,5,3,4,True,,
L10_45,301,harness,white_usv9,USV,15325.0,0.0,3,4,5,True,,
L10_45,301,harness,white_usv4,USV,12875.0,0.0,3,3,5,False,10796,unknown
L10_45,301,harness,white_uav10,UAV,29850.0,10325.0,0,0,0,True,,
L10_45,301,harness,white_uav2,UAV,30875.0,12075.0,0,0,0,False,14165,unknown
L10_45,301,harness,white_uav4,UAV,27000.0,11500.0,0,0,0,True,,
L10_45,301,harness,white_uav3,UAV,27750.0,5000.0,0,0,0,False,14165,unknown
L10_45,301,harness,white_uav6,UAV,22575.0,7600.0,0,0,0,True,,
L10_45,301,harness,white_uav5,UAV,26025.0,2425.0,0,0,0,True,,
L10_45,301,harness,white_uav8,UAV,31775.0,11025.0,0,0,0,False,14165,unknown
L10_45,301,harness,white_uav7,UAV,25825.0,4825.0,0,0,0,False,14165,unknown
L10_45,301,harness,white_uav9,UAV,29725.0,10450.0,0,0,0,True,,
L10_45,301,harness,white_uav1,UAV,30650.0,11350.0,0,0,0,True,,
L10_45,302,harness,white_usv3,USV,14025.0,400.0,7,2,5,True,,
L10_45,302,harness,white_usv6,USV,12625.0,100.0,5,1,7,False,9895,unknown
L10_45,302,harness,white_usv9,USV,14000.0,400.0,9,3,6,True,,
L10_45,302,harness,white_usv1,USV,14150.0,875.0,9,4,5,True,,
L10_45,302,harness,white_usv5,USV,15125.0,0.0,3,0,6,True,,
L10_45,302,harness,white_usv8,USV,15025.0,0.0,2,4,7,True,,
L10_45,302,harness,white_usv4,USV,14300.0,0.0,2,2,3,True,,
L10_45,302,harness,white_usv2,USV,15200.0,0.0,4,2,4,True,,
L10_45,302,harness,white_usv7,USV,13975.0,0.0,3,3,5,True,,
L10_45,302,harness,white_usv10,USV,12575.0,675.0,2,2,5,False,10130,unknown
L10_45,302,harness,white_uav5,UAV,28650.0,14425.0,0,0,0,True,,
L10_45,302,harness,white_uav8,UAV,30125.0,14250.0,0,0,0,True,,
L10_45,302,harness,white_uav2,UAV,29250.0,10400.0,0,0,0,True,,
L10_45,302,harness,white_uav3,UAV,28525.0,7900.0,0,0,0,True,,
L10_45,302,harness,white_uav7,UAV,22900.0,3575.0,0,0,0,True,,
L10_45,302,harness,white_uav1,UAV,29750.0,7000.0,0,0,0,True,,
L10_45,302,harness,white_uav10,UAV,31025.0,8150.0,0,0,0,True,,
L10_45,302,harness,white_uav6,UAV,22425.0,2200.0,0,0,0,True,,
L10_45,302,harness,white_uav9,UAV,29675.0,4100.0,0,0,0,True,,
L10_45,302,harness,white_uav4,UAV,23075.0,3575.0,0,0,0,True,,
L10_45,303,harness,white_usv3,USV,13150.0,400.0,13,1,7,True,,
L10_45,303,harness,white_usv6,USV,12750.0,100.0,5,0,6,False,10400,unknown
L10_45,303,harness,white_usv9,USV,14750.0,400.0,4,0,5,True,,
L10_45,303,harness,white_usv2,USV,12725.0,200.0,3,4,5,False,9197,unknown
L10_45,303,harness,white_usv5,USV,12625.0,0.0,3,1,8,True,,
L10_45,303,harness,white_usv8,USV,12550.0,0.0,1,2,5,False,9283,unknown
L10_45,303,harness,white_usv4,USV,12700.0,0.0,5,6,8,True,,
L10_45,303,harness,white_usv7,USV,13650.0,0.0,3,3,4,True,,
L10_45,303,harness,white_usv10,USV,13850.0,675.0,4,2,4,True,,
L10_45,303,harness,white_usv1,USV,12500.0,675.0,5,4,5,True,,
L10_45,303,harness,white_uav2,UAV,23400.0,7350.0,0,0,0,True,,
L10_45,303,harness,white_uav5,UAV,16025.0,10300.0,0,0,0,True,,
L10_45,303,harness,white_uav8,UAV,24150.0,8625.0,0,0,0,True,,
L10_45,303,harness,white_uav4,UAV,20475.0,3925.0,0,0,0,True,,
L10_45,303,harness,white_uav7,UAV,22800.0,5800.0,0,0,0,True,,
L10_45,303,harness,white_uav1,UAV,25350.0,4725.0,0,0,0,True,,
L10_45,303,harness,white_uav10,UAV,25800.0,8225.0,0,0,0,True,,
L10_45,303,harness,white_uav3,UAV,23375.0,1475.0,0,0,0,True,,
L10_45,303,harness,white_uav6,UAV,16525.0,1150.0,0,0,0,True,,
L10_45,303,harness,white_uav9,UAV,24900.0,4575.0,0,0,0,True,,
L10_45,304,harness,white_usv1,USV,12600.0,1225.0,5,3,4,False,9889,unknown
L10_45,304,harness,white_usv5,USV,12525.0,75.0,10,0,5,False,9173,unknown
L10_45,304,harness,white_usv6,USV,12500.0,75.0,4,0,5,False,10027,unknown
L10_45,304,harness,white_usv4,USV,15125.0,0.0,6,0,6,True,,
L10_45,304,harness,white_usv9,USV,15025.0,400.0,7,1,7,True,,
L10_45,304,harness,white_usv3,USV,14900.0,0.0,3,4,7,True,,
L10_45,304,harness,white_usv7,USV,12875.0,0.0,2,0,3,False,8573,unknown
L10_45,304,harness,white_usv2,USV,14950.0,0.0,2,6,7,True,,
L10_45,304,harness,white_usv8,USV,12600.0,0.0,3,4,4,False,9538,unknown
L10_45,304,harness,white_usv10,USV,15250.0,675.0,4,5,5,True,,
L10_45,304,harness,white_uav9,UAV,28825.0,8800.0,0,0,0,True,,
L10_45,304,harness,white_uav3,UAV,24300.0,11125.0,0,0,0,True,,
L10_45,304,harness,white_uav8,UAV,26925.0,7675.0,0,0,0,True,,
L10_45,304,harness,white_uav1,UAV,29275.0,12175.0,0,0,0,True,,
L10_45,304,harness,white_uav2,UAV,28700.0,4475.0,0,0,0,False,14317,unknown
L10_45,304,harness,white_uav10,UAV,32450.0,12050.0,0,0,0,True,,
L10_45,304,harness,white_uav4,UAV,20825.0,5425.0,0,0,0,True,,
L10_45,304,harness,white_uav6,UAV,20850.0,6575.0,0,0,0,True,,
L10_45,304,harness,white_uav7,UAV,23975.0,1925.0,0,0,0,True,,
L10_45,304,harness,white_uav5,UAV,22225.0,2575.0,0,0,0,True,,
L10_45,305,harness,white_usv5,USV,13275.0,225.0,9,1,6,False,10762,unknown
L10_45,305,harness,white_usv8,USV,14725.0,275.0,4,1,5,True,,
L10_45,305,harness,white_usv4,USV,13725.0,100.0,5,0,8,True,,
L10_45,305,harness,white_usv7,USV,16725.0,0.0,8,2,7,True,,
L10_45,305,harness,white_usv10,USV,12475.0,875.0,3,2,3,False,8561,unknown
L10_45,305,harness,white_usv1,USV,12650.0,950.0,3,1,4,False,8619,unknown
L10_45,305,harness,white_usv3,USV,13575.0,0.0,3,4,8,True,,
L10_45,305,harness,white_usv2,USV,14375.0,0.0,4,4,7,True,,
L10_45,305,harness,white_usv6,USV,14500.0,0.0,2,3,5,True,,
L10_45,305,harness,white_usv9,USV,13650.0,0.0,5,5,5,True,,
L10_45,305,harness,white_uav1,UAV,56300.0,10825.0,0,0,0,True,,
L10_45,305,harness,white_uav4,UAV,55625.0,18725.0,0,0,0,True,,
L10_45,305,harness,white_uav7,UAV,45700.0,13100.0,0,0,0,True,,
L10_45,305,harness,white_uav10,UAV,53000.0,28000.0,0,0,0,True,,
L10_45,305,harness,white_uav3,UAV,45000.0,5050.0,0,0,0,True,,
L10_45,305,harness,white_uav6,UAV,38150.0,8700.0,0,0,0,True,,
L10_45,305,harness,white_uav8,UAV,45625.0,12325.0,0,0,0,True,,
L10_45,305,harness,white_uav5,UAV,47675.0,4075.0,0,0,0,True,,
L10_45,305,harness,white_uav9,UAV,48350.0,14900.0,0,0,0,True,,
L10_45,305,harness,white_uav2,UAV,53375.0,4725.0,0,0,0,True,,
L10_50,301,harness,white_usv7,USV,12875.0,300.0,6,2,7,False,11474,unknown
L10_50,301,harness,white_usv9,USV,12500.0,300.0,4,0,5,False,9406,unknown
L10_50,301,harness,white_usv2,USV,12975.0,500.0,13,1,3,False,9035,unknown
L10_50,301,harness,white_usv3,USV,17375.0,0.0,7,4,10,True,,
L10_50,301,harness,white_usv5,USV,17200.0,0.0,5,1,7,True,,
L10_50,301,harness,white_usv4,USV,12800.0,0.0,3,2,5,False,9916,unknown
L10_50,301,harness,white_usv8,USV,18550.0,0.0,3,4,6,True,,
L10_50,301,harness,white_usv10,USV,12975.0,675.0,5,3,4,False,9689,unknown
L10_50,301,harness,white_usv1,USV,12625.0,675.0,1,1,3,False,8233,unknown
L10_50,301,harness,white_usv6,USV,19400.0,0.0,3,7,8,True,,
L10_50,301,harness,white_uav2,UAV,34950.0,6700.0,0,0,0,True,,
L10_50,301,harness,white_uav8,UAV,29025.0,14100.0,0,0,0,True,,
L10_50,301,harness,white_uav9,UAV,32900.0,8900.0,0,0,0,True,,
L10_50,301,harness,white_uav1,UAV,33375.0,7625.0,0,0,0,True,,
L10_50,301,harness,white_uav4,UAV,29875.0,9100.0,0,0,0,False,16633,unknown
L10_50,301,harness,white_uav3,UAV,34125.0,5500.0,0,0,0,True,,
L10_50,301,harness,white_uav10,UAV,29800.0,12325.0,0,0,0,False,16633,unknown
L10_50,301,harness,white_uav7,UAV,23500.0,5400.0,0,0,0,True,,
L10_50,301,harness,white_uav5,UAV,27150.0,4350.0,0,0,0,True,,
L10_50,301,harness,white_uav6,UAV,26400.0,2325.0,0,0,0,True,,
L10_50,302,harness,white_usv1,USV,12625.0,1225.0,5,0,4,False,9285,unknown
L10_50,302,harness,white_usv4,USV,17675.0,50.0,7,1,8,True,,
L10_50,302,harness,white_usv7,USV,17800.0,200.0,11,1,7,True,,
L10_50,302,harness,white_usv10,USV,17550.0,975.0,5,0,6,True,,
L10_50,302,harness,white_usv3,USV,13275.0,0.0,5,4,7,False,10679,unknown
L10_50,302,harness,white_usv6,USV,17075.0,0.0,5,2,7,True,,
L10_50,302,harness,white_usv9,USV,18075.0,0.0,3,1,6,True,,
L10_50,302,harness,white_usv5,USV,12775.0,0.0,2,4,7,False,10185,unknown
L10_50,302,harness,white_usv2,USV,15300.0,0.0,7,6,6,True,,
L10_50,302,harness,white_usv8,USV,16875.0,0.0,0,6,6,True,,
L10_50,302,harness,white_uav3,UAV,38850.0,11175.0,0,0,0,True,,
L10_50,302,harness,white_uav6,UAV,28225.0,9900.0,0,0,0,True,,
L10_50,302,harness,white_uav9,UAV,27900.0,8700.0,0,0,0,True,,
L10_50,302,harness,white_uav5,UAV,18725.0,4925.0,0,0,0,True,,
L10_50,302,harness,white_uav2,UAV,31000.0,7000.0,0,0,0,True,,
L10_50,302,harness,white_uav1,UAV,32575.0,8025.0,0,0,0,True,,
L10_50,302,harness,white_uav4,UAV,24800.0,4350.0,0,0,0,True,,
L10_50,302,harness,white_uav7,UAV,26525.0,5450.0,0,0,0,True,,
L10_50,302,harness,white_uav8,UAV,25800.0,2675.0,0,0,0,True,,
L10_50,302,harness,white_uav10,UAV,31825.0,6575.0,0,0,0,True,,
L10_50,303,harness,white_usv2,USV,12550.0,575.0,3,1,2,False,8443,unknown
L10_50,303,harness,white_usv5,USV,14150.0,50.0,17,0,10,True,,
L10_50,303,harness,white_usv3,USV,13725.0,0.0,9,0,13,True,,
L10_50,303,harness,white_usv4,USV,13800.0,0.0,7,11,13,True,,
L10_50,303,harness,white_usv6,USV,12550.0,75.0,5,3,4,False,9573,unknown
L10_50,303,harness,white_usv9,USV,15350.0,400.0,4,0,5,True,,
L10_50,303,harness,white_usv10,USV,15675.0,675.0,2,0,5,True,,
L10_50,303,harness,white_usv7,USV,15550.0,0.0,1,1,7,True,,
L10_50,303,harness,white_usv8,USV,15100.0,0.0,0,7,7,True,,
L10_50,303,harness,white_usv1,USV,12550.0,675.0,2,2,3,False,10227,unknown
L10_50,303,harness,white_uav1,UAV,28175.0,7125.0,0,0,0,True,,
L10_50,303,harness,white_uav3,UAV,27075.0,8975.0,0,0,0,True,,
L10_50,303,harness,white_uav8,UAV,26575.0,8050.0,0,0,0,True,,
L10_50,303,harness,white_uav10,UAV,29850.0,8525.0,0,0,0,True,,
L10_50,303,harness,white_uav2,UAV,27175.0,4850.0,0,0,0,True,,
L10_50,303,harness,white_uav4,UAV,24975.0,6250.0,0,0,0,True,,
L10_50,303,harness,white_uav9,UAV,26400.0,5975.0,0,0,0,True,,
L10_50,303,harness,white_uav5,UAV,21275.0,6575.0,0,0,0,False,13927,unknown
L10_50,303,harness,white_uav6,UAV,17525.0,3950.0,0,0,0,True,,
L10_50,303,harness,white_uav7,UAV,28825.0,5100.0,0,0,0,True,,
L10_50,304,harness,white_usv4,USV,18125.0,300.0,15,1,8,True,,
L10_50,304,harness,white_usv7,USV,12600.0,200.0,3,0,2,False,8444,unknown
L10_50,304,harness,white_usv10,USV,13675.0,975.0,7,3,7,True,,
L10_50,304,harness,white_usv9,USV,21375.0,50.0,4,2,9,True,,
L10_50,304,harness,white_usv8,USV,12675.0,0.0,5,3,7,False,10157,unknown
L10_50,304,harness,white_usv6,USV,20875.0,50.0,3,2,8,True,,
L10_50,304,harness,white_usv1,USV,17350.0,975.0,3,3,4,True,,
L10_50,304,harness,white_usv3,USV,12725.0,0.0,2,4,6,False,10784,unknown
L10_50,304,harness,white_usv2,USV,18275.0,0.0,4,3,5,True,,
L10_50,304,harness,white_usv5,USV,12550.0,0.0,2,3,4,False,8796,unknown
L10_50,304,harness,white_uav3,UAV,51425.0,20850.0,0,0,0,True,,
L10_50,304,harness,white_uav6,UAV,43425.0,12225.0,0,0,0,True,,
L10_50,304,harness,white_uav9,UAV,33625.0,8075.0,0,0,0,True,,
L10_50,304,harness,white_uav5,UAV,45675.0,5425.0,0,0,0,True,,
L10_50,304,harness,white_uav8,UAV,32825.0,5125.0,0,0,0,True,,
L10_50,304,harness,white_uav2,UAV,51300.0,7100.0,0,0,0,True,,
L10_50,304,harness,white_uav1,UAV,51500.0,8075.0,0,0,0,True,,
L10_50,304,harness,white_uav4,UAV,53275.0,4825.0,0,0,0,True,,
L10_50,304,harness,white_uav7,UAV,42425.0,6975.0,0,0,0,True,,
L10_50,304,harness,white_uav10,UAV,60000.0,31350.0,0,0,0,True,,
L10_50,305,harness,white_usv3,USV,14400.0,400.0,11,0,7,True,,
L10_50,305,harness,white_usv6,USV,12600.0,100.0,4,0,4,False,9026,unknown
L10_50,305,harness,white_usv9,USV,15775.0,400.0,7,1,6,True,,
L10_50,305,harness,white_usv8,USV,12750.0,0.0,4,3,6,False,9773,unknown
L10_50,305,harness,white_usv10,USV,14000.0,600.0,4,4,6,True,,
L10_50,305,harness,white_usv4,USV,16150.0,0.0,5,4,6,True,,
L10_50,305,harness,white_usv7,USV,12650.0,0.0,4,2,5,False,10816,unknown
L10_50,305,harness,white_usv1,USV,14200.0,875.0,4,4,6,True,,
L10_50,305,harness,white_usv5,USV,12700.0,0.0,2,3,5,False,10816,unknown
L10_50,305,harness,white_usv2,USV,12600.0,0.0,5,4,7,False,11035,unknown
L10_50,305,harness,white_uav1,UAV,45075.0,15800.0,0,0,0,True,,
L10_50,305,harness,white_uav2,UAV,43625.0,11100.0,0,0,0,True,,
L10_50,305,harness,white_uav7,UAV,36225.0,14975.0,0,0,0,True,,
L10_50,305,harness,white_uav6,UAV,39475.0,7875.0,0,0,0,True,,
L10_50,305,harness,white_uav3,UAV,41875.0,6950.0,0,0,0,True,,
L10_50,305,harness,white_uav4,UAV,45700.0,8475.0,0,0,0,True,,
L10_50,305,harness,white_uav10,UAV,53575.0,25425.0,0,0,0,True,,
L10_50,305,harness,white_uav5,UAV,36825.0,4625.0,0,0,0,True,,
L10_50,305,harness,white_uav8,UAV,47125.0,9600.0,0,0,0,True,,
L10_50,305,harness,white_uav9,UAV,41475.0,7225.0,0,0,0,True,,
L10_55,301,harness,white_usv2,USV,12575.0,575.0,12,1,5,False,10555,unknown
L10_55,301,harness,white_usv5,USV,18425.0,50.0,7,0,7,True,,
L10_55,301,harness,white_usv8,USV,21750.0,275.0,9,2,7,True,,
L10_55,301,harness,white_usv1,USV,12550.0,675.0,5,4,5,False,9797,unknown
L10_55,301,harness,white_usv4,USV,12575.0,0.0,4,2,6,False,9581,unknown
L10_55,301,harness,white_usv7,USV,18375.0,0.0,6,3,9,True,,
L10_55,301,harness,white_usv10,USV,12675.0,875.0,4,1,7,False,11214,unknown
L10_55,301,harness,white_usv3,USV,12500.0,0.0,2,4,6,False,9581,unknown
L10_55,301,harness,white_usv6,USV,18675.0,0.0,5,6,7,True,,
L10_55,301,harness,white_usv9,USV,12550.0,0.0,2,5,7,False,11752,unknown
L10_55,301,harness,white_uav1,UAV,41700.0,12650.0,0,0,0,True,,
L10_55,301,harness,white_uav4,UAV,38375.0,10450.0,0,0,0,True,,
L10_55,301,harness,white_uav7,UAV,30725.0,12100.0,0,0,0,True,,
L10_55,301,harness,white_uav10,UAV,46500.0,29875.0,0,0,0,True,,
L10_55,301,harness,white_uav6,UAV,33100.0,5000.0,0,0,0,True,,
L10_55,301,harness,white_uav9,UAV,36900.0,10800.0,0,0,0,True,,
L10_55,301,harness,white_uav3,UAV,36750.0,6600.0,0,0,0,True,,
L10_55,301,harness,white_uav2,UAV,38550.0,5500.0,0,0,0,True,,
L10_55,301,harness,white_uav5,UAV,35350.0,3200.0,0,0,0,True,,
L10_55,301,harness,white_uav8,UAV,34375.0,8925.0,0,0,0,False,20159,unknown
L10_55,302,harness,white_usv2,USV,23825.0,575.0,8,3,8,True,,
L10_55,302,harness,white_usv5,USV,23625.0,50.0,7,1,10,True,,
L10_55,302,harness,white_usv8,USV,24200.0,275.0,13,3,7,True,,
L10_55,302,harness,white_usv1,USV,12975.0,625.0,6,2,7,False,12136,unknown
L10_55,302,harness,white_usv4,USV,12900.0,0.0,4,3,6,False,10097,unknown
L10_55,302,harness,white_usv7,USV,12725.0,0.0,4,2,5,False,9232,unknown
L10_55,302,harness,white_usv10,USV,18850.0,875.0,6,3,6,True,,
L10_55,302,harness,white_usv3,USV,14725.0,0.0,3,3,7,False,12756,unknown
L10_55,302,harness,white_usv6,USV,18750.0,0.0,1,5,7,True,,
L10_55,302,harness,white_usv9,USV,12825.0,0.0,2,2,3,False,9347,unknown
L10_55,302,harness,white_uav1,UAV,48125.0,10200.0,0,0,0,False,25045,unknown
L10_55,302,harness,white_uav4,UAV,47850.0,10200.0,0,0,0,False,25045,unknown
L10_55,302,harness,white_uav7,UAV,37875.0,14125.0,0,0,0,False,25045,unknown
L10_55,302,harness,white_uav10,UAV,61300.0,36275.0,0,0,0,False,25045,unknown
L10_55,302,harness,white_uav3,UAV,51050.0,7100.0,0,0,0,False,25045,unknown
L10_55,302,harness,white_uav9,UAV,34075.0,6575.0,0,0,0,False,25045,unknown
L10_55,302,harness,white_uav2,UAV,49625.0,6775.0,0,0,0,False,25045,unknown
L10_55,302,harness,white_uav5,UAV,43275.0,5875.0,0,0,0,False,25045,unknown
L10_55,302,harness,white_uav8,UAV,35750.0,5750.0,0,0,0,False,25045,unknown
L10_55,302,harness,white_uav6,UAV,39775.0,2850.0,0,0,0,False,25045,unknown
L10_55,303,harness,white_usv8,USV,12550.0,400.0,10,0,5,False,8991,unknown
L10_55,303,harness,white_usv3,USV,12500.0,300.0,8,0,10,False,10756,unknown
L10_55,303,harness,white_usv1,USV,12650.0,850.0,7,1,8,False,10756,unknown
L10_55,303,harness,white_usv2,USV,15625.0,0.0,10,5,13,True,,
L10_55,303,harness,white_usv9,USV,12525.0,200.0,3,0,4,False,8837,unknown
L10_55,303,harness,white_usv10,USV,17400.0,675.0,8,7,7,True,,
L10_55,303,harness,white_usv5,USV,12475.0,0.0,6,1,4,False,9504,unknown
L10_55,303,harness,white_usv4,USV,12575.0,0.0,3,2,7,False,10547,unknown
L10_55,303,harness,white_usv6,USV,12675.0,0.0,0,7,8,False,10756,unknown
L10_55,303,harness,white_usv7,USV,12500.0,0.0,1,5,6,False,9607,unknown
L10_55,303,harness,white_uav3,UAV,27150.0,13750.0,0,0,0,True,,
L10_55,303,harness,white_uav4,UAV,22325.0,7400.0,0,0,0,True,,
L10_55,303,harness,white_uav1,UAV,24725.0,7175.0,0,0,0,True,,
L10_55,303,harness,white_uav7,UAV,25825.0,12850.0,0,0,0,True,,
L10_55,303,harness,white_uav10,UAV,26375.0,8400.0,0,0,0,True,,
L10_55,303,harness,white_uav8,UAV,26150.0,4600.0,0,0,0,True,,
L10_55,303,harness,white_uav5,UAV,21500.0,4625.0,0,0,0,True,,
L10_55,303,harness,white_uav2,UAV,25600.0,5625.0,0,0,0,True,,
L10_55,303,harness,white_uav6,UAV,20350.0,1925.0,0,0,0,True,,
L10_55,303,harness,white_uav9,UAV,25450.0,3625.0,0,0,0,True,,
L10_55,304,harness,white_usv5,USV,16600.0,225.0,16,0,7,True,,
L10_55,304,harness,white_usv8,USV,12850.0,275.0,9,3,7,False,10639,unknown
L10_55,304,harness,white_usv1,USV,12700.0,1025.0,0,0,4,False,8588,unknown
L10_55,304,harness,white_usv2,USV,12625.0,0.0,4,1,6,False,10513,unknown
L10_55,304,harness,white_usv4,USV,16400.0,0.0,5,3,8,True,,
L10_55,304,harness,white_usv7,USV,16500.0,0.0,5,3,7,True,,
L10_55,304,harness,white_usv10,USV,12575.0,875.0,3,3,5,False,8920,unknown
L10_55,304,harness,white_usv3,USV,12625.0,0.0,4,5,7,False,10744,unknown
L10_55,304,harness,white_usv6,USV,12575.0,0.0,3,5,5,False,9698,unknown
L10_55,304,harness,white_usv9,USV,12625.0,0.0,7,5,6,False,11467,unknown
L10_55,304,harness,white_uav1,UAV,34675.0,11150.0,0,0,0,True,,
L10_55,304,harness,white_uav4,UAV,31850.0,11550.0,0,0,0,False,15531,unknown
L10_55,304,harness,white_uav7,UAV,24625.0,10350.0,0,0,0,True,,
L10_55,304,harness,white_uav10,UAV,30225.0,10775.0,0,0,0,True,,
L10_55,304,harness,white_uav6,UAV,22175.0,5775.0,0,0,0,False,15531,unknown
L10_55,304,harness,white_uav9,UAV,29050.0,8150.0,0,0,0,True,,
L10_55,304,harness,white_uav3,UAV,31100.0,4850.0,0,0,0,True,,
L10_55,304,harness,white_uav2,UAV,32075.0,3725.0,0,0,0,True,,
L10_55,304,harness,white_uav5,UAV,24550.0,2775.0,0,0,0,True,,
L10_55,304,harness,white_uav8,UAV,32325.0,7800.0,0,0,0,True,,
L10_55,305,harness,white_usv9,USV,12675.0,575.0,5,2,4,False,9236,unknown
L10_55,305,harness,white_usv2,USV,12525.0,525.0,14,1,4,False,9169,unknown
L10_55,305,harness,white_usv7,USV,15725.0,0.0,7,3,7,True,,
L10_55,305,harness,white_usv10,USV,14250.0,675.0,7,4,6,True,,
L10_55,305,harness,white_usv8,USV,12525.0,0.0,6,4,7,False,10487,unknown
L10_55,305,harness,white_usv1,USV,15650.0,650.0,4,2,7,True,,
L10_55,305,harness,white_usv4,USV,14825.0,0.0,3,2,7,True,,
L10_55,305,harness,white_usv6,USV,12525.0,0.0,3,1,5,False,9169,unknown
L10_55,305,harness,white_usv5,USV,15950.0,0.0,5,6,7,True,,
L10_55,305,harness,white_usv3,USV,12550.0,0.0,2,3,7,False,10282,unknown
L10_55,305,harness,white_uav10,UAV,35175.0,8325.0,0,0,0,True,,
L10_55,305,harness,white_uav3,UAV,33225.0,11350.0,0,0,0,True,,
L10_55,305,harness,white_uav8,UAV,27925.0,9750.0,0,0,0,True,,
L10_55,305,harness,white_uav1,UAV,32750.0,10575.0,0,0,0,True,,
L10_55,305,harness,white_uav5,UAV,25150.0,10675.0,0,0,0,True,,
L10_55,305,harness,white_uav4,UAV,27300.0,5875.0,0,0,0,True,,
L10_55,305,harness,white_uav6,UAV,25200.0,5150.0,0,0,0,True,,
L10_55,305,harness,white_uav2,UAV,29500.0,3800.0,0,0,0,True,,
L10_55,305,harness,white_uav7,UAV,29600.0,5250.0,0,0,0,True,,
L10_55,305,harness,white_uav9,UAV,30350.0,5125.0,0,0,0,True,,
L10_60,301,harness,white_usv8,USV,12550.0,400.0,6,1,5,False,9348,unknown
L10_60,301,harness,white_usv1,USV,12825.0,1125.0,3,1,4,False,8651,unknown
L10_60,301,harness,white_usv5,USV,12475.0,0.0,16,0,7,False,10153,unknown
L10_60,301,harness,white_usv4,USV,12825.0,0.0,7,6,8,False,11735,unknown
L10_60,301,harness,white_usv7,USV,12475.0,0.0,4,2,4,False,9539,unknown
L10_60,301,harness,white_usv10,USV,12625.0,875.0,6,0,10,False,11614,unknown
L10_60,301,harness,white_usv9,USV,12600.0,0.0,5,2,9,False,11614,unknown
L10_60,301,harness,white_usv3,USV,17625.0,75.0,10,8,11,True,,
L10_60,301,harness,white_usv2,USV,12475.0,0.0,0,1,3,False,8462,unknown
L10_60,301,harness,white_usv6,USV,19375.0,0.0,3,9,9,True,,
L10_60,301,harness,white_uav1,UAV,33925.0,7150.0,0,0,0,True,,
L10_60,301,harness,white_uav4,UAV,29700.0,10450.0,0,0,0,True,,
L10_60,301,harness,white_uav7,UAV,23650.0,9425.0,0,0,0,True,,
L10_60,301,harness,white_uav9,UAV,27875.0,8100.0,0,0,0,True,,
L10_60,301,harness,white_uav10,UAV,28175.0,8550.0,0,0,0,True,,
L10_60,301,harness,white_uav6,UAV,23975.0,5100.0,0,0,0,True,,
L10_60,301,harness,white_uav3,UAV,33350.0,6325.0,0,0,0,True,,
L10_60,301,harness,white_uav2,UAV,34250.0,4675.0,0,0,0,True,,
L10_60,301,harness,white_uav5,UAV,26275.0,2875.0,0,0,0,True,,
L10_60,301,harness,white_uav8,UAV,31975.0,10775.0,0,0,0,True,,
S10,401,harness,1.0,white_usv3,USV,14500.0,1950.0,4,1,3,True,,
S10,401,harness,1.0,white_usv10,USV,12850.0,2000.0,4,1,3,False,8674,unknown
S10,401,harness,1.0,white_usv1,USV,14850.0,925.0,4,0,3,True,,
S10,401,harness,1.0,white_usv2,USV,15075.0,0.0,4,0,4,True,,
S10,401,harness,1.0,white_usv4,USV,14875.0,75.0,2,2,4,True,,
S10,401,harness,1.0,white_usv5,USV,16025.0,25.0,0,0,1,True,,
S10,401,harness,1.0,white_usv6,USV,15775.0,25.0,0,0,1,True,,
S10,401,harness,1.0,white_usv8,USV,13500.0,0.0,2,3,4,True,,
S10,401,harness,1.0,white_usv9,USV,14525.0,0.0,0,2,3,True,,
S10,401,harness,1.0,white_usv7,USV,13375.0,0.0,0,1,2,False,8349,unknown
S10,401,harness,1.0,white_uav3,UAV,26700.0,11450.0,0,0,0,True,,
S10,401,harness,1.0,white_uav6,UAV,24275.0,10175.0,0,0,0,True,,
S10,401,harness,1.0,white_uav10,UAV,29575.0,8650.0,0,0,0,True,,
S10,401,harness,1.0,white_uav2,UAV,28225.0,4300.0,0,0,0,True,,
S10,401,harness,1.0,white_uav5,UAV,21875.0,4250.0,0,0,0,True,,
S10,401,harness,1.0,white_uav8,UAV,28550.0,6075.0,0,0,0,True,,
S10,401,harness,1.0,white_uav4,UAV,23425.0,2275.0,0,0,0,True,,
S10,401,harness,1.0,white_uav1,UAV,30300.0,4500.0,0,0,0,True,,
S10,401,harness,1.0,white_uav7,UAV,25275.0,5625.0,0,0,0,True,,
S10,401,harness,1.0,white_uav9,UAV,28625.0,9800.0,0,0,0,True,,
S10,401,harness,1.0,white_usv1,USV,14225.0,2000.0,2,0,2,True,,
S10,401,harness,1.0,white_usv5,USV,14850.0,125.0,2,0,1,True,,
S10,401,harness,1.0,white_usv2,USV,15125.0,0.0,2,0,3,True,,
S10,401,harness,1.0,white_usv8,USV,13325.0,575.0,4,0,3,True,,
S10,401,harness,1.0,white_usv9,USV,13375.0,275.0,4,0,4,True,,
S10,401,harness,1.0,white_usv3,USV,14800.0,0.0,1,0,2,True,,
S10,401,harness,1.0,white_usv6,USV,13850.0,0.0,1,0,4,True,,
S10,401,harness,1.0,white_usv7,USV,13650.0,0.0,1,4,4,True,,
S10,401,harness,1.0,white_usv4,USV,13825.0,0.0,2,4,4,True,,
S10,401,harness,1.0,white_usv10,USV,15200.0,900.0,1,2,2,True,,
S10,401,harness,1.0,white_uav1,UAV,27275.0,7025.0,0,0,0,True,,
S10,401,harness,1.0,white_uav4,UAV,21475.0,10550.0,0,0,0,True,,
S10,401,harness,1.0,white_uav7,UAV,17475.0,7450.0,0,0,0,True,,
S10,401,harness,1.0,white_uav10,UAV,27850.0,13825.0,0,0,0,True,,
S10,401,harness,1.0,white_uav3,UAV,25325.0,6825.0,0,0,0,True,,
S10,401,harness,1.0,white_uav5,UAV,21775.0,4075.0,0,0,0,True,,
S10,401,harness,1.0,white_uav6,UAV,21900.0,2150.0,0,0,0,True,,
S10,401,harness,1.0,white_uav9,UAV,28075.0,8600.0,0,0,0,True,,
S10,401,harness,1.0,white_uav2,UAV,26225.0,8700.0,0,0,0,True,,
S10,401,harness,1.0,white_uav8,UAV,25275.0,1925.0,0,0,0,True,,
S10,401,harness,1.0,white_usv1,USV,15825.0,2050.0,4,0,3,True,,
S10,401,harness,1.0,white_usv5,USV,15250.0,275.0,3,0,2,True,,
S10,401,harness,1.0,white_usv7,USV,14825.0,375.0,3,0,3,True,,
S10,401,harness,1.0,white_usv8,USV,13650.0,200.0,4,0,4,True,,
S10,401,harness,1.0,white_usv3,USV,15275.0,0.0,2,0,2,True,,
S10,401,harness,1.0,white_usv2,USV,15300.0,0.0,2,0,3,True,,
S10,401,harness,1.0,white_usv6,USV,15700.0,0.0,1,3,3,True,,
S10,401,harness,1.0,white_usv9,USV,13500.0,225.0,0,4,4,True,,
S10,401,harness,1.0,white_usv10,USV,13925.0,875.0,0,0,1,False,8932,unknown
S10,401,harness,1.0,white_usv4,USV,15625.0,0.0,1,3,4,True,,
S10,401,harness,1.0,white_uav8,UAV,28050.0,12125.0,0,0,0,True,,
S10,401,harness,1.0,white_uav2,UAV,26225.0,9725.0,0,0,0,True,,
S10,401,harness,1.0,white_uav5,UAV,20375.0,8625.0,0,0,0,True,,
S10,401,harness,1.0,white_uav9,UAV,24650.0,8500.0,0,0,0,True,,
S10,401,harness,1.0,white_uav1,UAV,26425.0,3975.0,0,0,0,True,,
S10,401,harness,1.0,white_uav4,UAV,21675.0,2500.0,0,0,0,True,,
S10,401,harness,1.0,white_uav6,UAV,21525.0,2825.0,0,0,0,True,,
S10,401,harness,1.0,white_uav3,UAV,23275.0,1850.0,0,0,0,True,,
S10,401,harness,1.0,white_uav7,UAV,17775.0,2900.0,0,0,0,True,,
S10,401,harness,1.0,white_uav10,UAV,25700.0,7275.0,0,0,0,True,,
S10,401,harness,1.0,white_usv1,USV,13850.0,2650.0,1,1,3,True,,
S10,401,harness,1.0,white_usv6,USV,13200.0,800.0,5,0,2,True,,
S10,401,harness,1.0,white_usv7,USV,13675.0,175.0,3,1,3,True,,
S10,401,harness,1.0,white_usv3,USV,14000.0,0.0,1,2,3,True,,
S10,401,harness,1.0,white_usv5,USV,13500.0,0.0,2,1,2,True,,
S10,401,harness,1.0,white_usv4,USV,14150.0,0.0,3,0,3,True,,
S10,401,harness,1.0,white_usv2,USV,13900.0,0.0,2,1,3,True,,
S10,401,harness,1.0,white_usv8,USV,13050.0,225.0,1,1,3,True,,
S10,401,harness,1.0,white_usv9,USV,13900.0,300.0,1,1,2,False,9038,unknown
S10,401,harness,1.0,white_usv10,USV,13975.0,900.0,0,1,1,False,9038,unknown
S10,401,harness,1.0,white_uav1,UAV,27800.0,9950.0,0,0,0,True,,
S10,401,harness,1.0,white_uav4,UAV,19600.0,10700.0,0,0,0,True,,
S10,401,harness,1.0,white_uav7,UAV,15050.0,7475.0,0,0,0,True,,
S10,401,harness,1.0,white_uav10,UAV,19075.0,9225.0,0,0,0,True,,
S10,401,harness,1.0,white_uav3,UAV,16875.0,4300.0,0,0,0,True,,
S10,401,harness,1.0,white_uav6,UAV,15975.0,1925.0,0,0,0,True,,
S10,401,harness,1.0,white_uav9,UAV,19575.0,3500.0,0,0,0,True,,
S10,401,harness,1.0,white_uav5,UAV,16875.0,850.0,0,0,0,True,,
S10,401,harness,1.0,white_uav2,UAV,18825.0,4000.0,0,0,0,True,,
S10,401,harness,1.0,white_uav8,UAV,17625.0,2175.0,0,0,0,True,,
L10_60,302,harness,1.0,white_usv4,USV,19625.0,975.0,10,0,6,True,,
L10_60,302,harness,1.0,white_usv5,USV,12675.0,100.0,8,2,2,False,8470,unknown
L10_60,302,harness,1.0,white_usv7,USV,12475.0,375.0,14,0,3,False,8736,unknown
L10_60,302,harness,1.0,white_usv2,USV,20075.0,675.0,8,3,7,True,,
L10_60,302,harness,1.0,white_usv8,USV,17025.0,225.0,4,0,9,True,,
L10_60,302,harness,1.0,white_usv6,USV,12475.0,0.0,2,4,6,False,10096,unknown
L10_60,302,harness,1.0,white_usv9,USV,12775.0,225.0,2,2,8,False,11416,unknown
L10_60,302,harness,1.0,white_usv10,USV,16575.0,1000.0,1,6,7,True,,
L10_60,302,harness,1.0,white_usv3,USV,12850.0,0.0,2,4,6,False,9761,unknown
L10_60,302,harness,1.0,white_usv1,USV,18300.0,1025.0,5,7,7,True,,
L10_60,302,harness,1.0,white_uav7,UAV,32900.0,21250.0,0,0,0,True,,
L10_60,302,harness,1.0,white_uav2,UAV,38400.0,12050.0,0,0,0,True,,
L10_60,302,harness,1.0,white_uav3,UAV,37350.0,6375.0,0,0,0,True,,
L10_60,302,harness,1.0,white_uav4,UAV,34400.0,4975.0,0,0,0,True,,
L10_60,302,harness,1.0,white_uav6,UAV,29800.0,3725.0,0,0,0,True,,
L10_60,302,harness,1.0,white_uav8,UAV,26700.0,3250.0,0,0,0,True,,
L10_60,302,harness,1.0,white_uav1,UAV,36075.0,7475.0,0,0,0,True,,
L10_60,302,harness,1.0,white_uav9,UAV,27725.0,3575.0,0,0,0,True,,
L10_60,302,harness,1.0,white_uav5,UAV,31175.0,1275.0,0,0,0,True,,
L10_60,302,harness,1.0,white_uav10,UAV,39675.0,16850.0,0,0,0,True,,
L10_60,303,harness,1.0,white_usv2,USV,12550.0,1250.0,13,3,6,False,10856,unknown
L10_60,303,harness,1.0,white_usv9,USV,13725.0,1050.0,10,1,5,True,,
L10_60,303,harness,1.0,white_usv1,USV,14650.0,925.0,3,2,4,True,,
L10_60,303,harness,1.0,white_usv3,USV,12475.0,0.0,8,3,6,False,10145,unknown
L10_60,303,harness,1.0,white_usv8,USV,14025.0,0.0,8,5,6,True,,
L10_60,303,harness,1.0,white_usv6,USV,15325.0,0.0,5,2,7,True,,
L10_60,303,harness,1.0,white_usv10,USV,12800.0,1000.0,5,2,4,False,10458,unknown
L10_60,303,harness,1.0,white_usv5,USV,15525.0,0.0,1,4,6,True,,
L10_60,303,harness,1.0,white_usv7,USV,12975.0,0.0,5,3,4,False,10856,unknown
L10_60,303,harness,1.0,white_usv4,USV,12925.0,0.0,2,4,7,True,,
L10_60,303,harness,1.0,white_uav5,UAV,15575.0,11575.0,0,0,0,True,,
L10_60,303,harness,1.0,white_uav8,UAV,21300.0,10850.0,0,0,0,True,,
L10_60,303,harness,1.0,white_uav4,UAV,21275.0,4900.0,0,0,0,True,,
L10_60,303,harness,1.0,white_uav7,UAV,20125.0,3600.0,0,0,0,True,,
L10_60,303,harness,1.0,white_uav10,UAV,21875.0,8850.0,0,0,0,True,,
L10_60,303,harness,1.0,white_uav2,UAV,21075.0,8875.0,0,0,0,True,,
L10_60,303,harness,1.0,white_uav3,UAV,22375.0,2825.0,0,0,0,True,,
L10_60,303,harness,1.0,white_uav1,UAV,23125.0,4650.0,0,0,0,True,,
L10_60,303,harness,1.0,white_uav6,UAV,14775.0,600.0,0,0,0,False,13519,unknown
L10_60,303,harness,1.0,white_uav9,UAV,22100.0,1800.0,0,0,0,False,13519,unknown
L10_60,304,harness,1.0,white_usv2,USV,12525.0,1275.0,20,3,5,False,10787,unknown
L10_60,304,harness,1.0,white_usv10,USV,12475.0,2075.0,10,1,5,False,9123,unknown
L10_60,304,harness,1.0,white_usv3,USV,12450.0,0.0,7,0,4,False,8863,unknown
L10_60,304,harness,1.0,white_usv7,USV,13300.0,0.0,7,4,8,True,,
L10_60,304,harness,1.0,white_usv6,USV,12550.0,0.0,3,4,9,False,13315,unknown
L10_60,304,harness,1.0,white_usv4,USV,15800.0,0.0,3,5,7,True,,
L10_60,304,harness,1.0,white_usv1,USV,14575.0,975.0,5,4,4,True,,
L10_60,304,harness,1.0,white_usv5,USV,12500.0,0.0,1,2,3,False,8657,unknown
L10_60,304,harness,1.0,white_usv9,USV,12650.0,0.0,1,3,4,False,9123,unknown
L10_60,304,harness,1.0,white_usv8,USV,12625.0,0.0,3,1,3,False,8863,unknown
L10_60,304,harness,1.0,white_uav9,UAV,27625.0,13125.0,0,0,0,True,,
L10_60,304,harness,1.0,white_uav4,UAV,19100.0,9900.0,0,0,0,True,,
L10_60,304,harness,1.0,white_uav6,UAV,16300.0,6725.0,0,0,0,True,,
L10_60,304,harness,1.0,white_uav5,UAV,16025.0,575.0,0,0,0,True,,
L10_60,304,harness,1.0,white_uav3,UAV,21800.0,6400.0,0,0,0,True,,
L10_60,304,harness,1.0,white_uav7,UAV,20525.0,3725.0,0,0,0,True,,
L10_60,304,harness,1.0,white_uav10,UAV,23925.0,5775.0,0,0,0,True,,
L10_60,304,harness,1.0,white_uav8,UAV,24975.0,3050.0,0,0,0,True,,
L10_60,304,harness,1.0,white_uav2,UAV,21550.0,4750.0,0,0,0,True,,
L10_60,304,harness,1.0,white_uav1,UAV,22400.0,5200.0,0,0,0,True,,
L10_60,305,harness,1.0,white_usv8,USV,12475.0,1100.0,14,2,7,False,11355,unknown
L10_60,305,harness,1.0,white_usv7,USV,12625.0,25.0,4,1,3,False,10007,unknown
L10_60,305,harness,1.0,white_usv10,USV,12625.0,1175.0,3,2,5,False,10007,unknown
L10_60,305,harness,1.0,white_usv9,USV,16025.0,0.0,8,6,8,False,16305,unknown
L10_60,305,harness,1.0,white_usv6,USV,12500.0,100.0,7,2,5,False,10456,unknown
L10_60,305,harness,1.0,white_usv5,USV,12575.0,175.0,7,1,6,False,10914,unknown
L10_60,305,harness,1.0,white_usv1,USV,12600.0,1675.0,7,3,6,False,12049,unknown
L10_60,305,harness,1.0,white_usv4,USV,12575.0,0.0,5,4,6,False,10914,unknown
L10_60,305,harness,1.0,white_usv2,USV,12625.0,0.0,1,4,6,False,10220,unknown
L10_60,305,harness,1.0,white_usv3,USV,12600.0,0.0,1,3,3,False,8943,unknown
L10_60,305,harness,1.0,white_uav8,UAV,26575.0,13225.0,0,0,0,False,28118,unknown
L10_60,305,harness,1.0,white_uav5,UAV,21125.0,8925.0,0,0,0,False,28118,unknown
L10_60,305,harness,1.0,white_uav10,UAV,27250.0,9050.0,0,0,0,False,28118,unknown
L10_60,305,harness,1.0,white_uav3,UAV,28025.0,7750.0,0,0,0,False,28118,unknown
L10_60,305,harness,1.0,white_uav7,UAV,23125.0,5250.0,0,0,0,False,28118,unknown
L10_60,305,harness,1.0,white_uav2,UAV,28825.0,5700.0,0,0,0,False,28118,unknown
L10_60,305,harness,1.0,white_uav6,UAV,20625.0,625.0,0,0,0,False,28118,unknown
L10_60,305,harness,1.0,white_uav1,UAV,30075.0,5275.0,0,0,0,False,28118,unknown
L10_60,305,harness,1.0,white_uav4,UAV,26000.0,2125.0,0,0,0,False,28118,unknown
L10_60,305,harness,1.0,white_uav9,UAV,25300.0,1275.0,0,0,0,False,28118,unknown
L10_65,301,harness,1.0,white_usv3,USV,18475.0,1125.0,21,1,12,True,,
L10_65,301,harness,1.0,white_usv5,USV,12825.0,125.0,12,0,8,False,12767,unknown
L10_65,301,harness,1.0,white_usv7,USV,18675.0,375.0,8,4,7,True,,
L10_65,301,harness,1.0,white_usv1,USV,12625.0,1175.0,7,1,4,False,9486,unknown
L10_65,301,harness,1.0,white_usv2,USV,12500.0,0.0,4,1,4,False,8875,unknown
L10_65,301,harness,1.0,white_usv4,USV,12675.0,0.0,3,7,9,False,10920,unknown
L10_65,301,harness,1.0,white_usv8,USV,21150.0,550.0,4,3,10,True,,
L10_65,301,harness,1.0,white_usv10,USV,12475.0,1150.0,1,1,6,False,10337,unknown
L10_65,301,harness,1.0,white_usv6,USV,19125.0,300.0,4,7,8,True,,
L10_65,301,harness,1.0,white_usv9,USV,12600.0,0.0,2,6,7,False,11704,unknown
L10_65,301,harness,1.0,white_uav4,UAV,28825.0,13575.0,0,0,0,True,,
L10_65,301,harness,1.0,white_uav6,UAV,25100.0,9150.0,0,0,0,True,,
L10_65,301,harness,1.0,white_uav5,UAV,26275.0,1300.0,0,0,0,True,,
L10_65,301,harness,1.0,white_uav3,UAV,31750.0,6700.0,0,0,0,True,,
L10_65,301,harness,1.0,white_uav9,UAV,26575.0,11125.0,0,0,0,True,,
L10_65,301,harness,1.0,white_uav1,UAV,31025.0,9025.0,0,0,0,True,,
L10_65,301,harness,1.0,white_uav8,UAV,29675.0,10200.0,0,0,0,True,,
L10_65,301,harness,1.0,white_uav10,UAV,29900.0,12350.0,0,0,0,True,,
L10_65,301,harness,1.0,white_uav7,UAV,26575.0,4650.0,0,0,0,True,,
L10_65,301,harness,1.0,white_uav2,UAV,31225.0,2225.0,0,0,0,True,,
L10_65,302,harness,1.0,white_usv1,USV,12525.0,2200.0,18,2,4,False,8608,unknown
L10_65,302,harness,1.0,white_usv4,USV,12525.0,175.0,10,1,4,False,9113,unknown
L10_65,302,harness,1.0,white_usv5,USV,12525.0,100.0,6,1,5,False,9582,unknown
L10_65,302,harness,1.0,white_usv3,USV,20900.0,0.0,8,5,10,True,,
L10_65,302,harness,1.0,white_usv6,USV,12475.0,175.0,5,0,5,False,9998,unknown
L10_65,302,harness,1.0,white_usv9,USV,12650.0,650.0,2,1,6,False,9998,unknown
L10_65,302,harness,1.0,white_usv8,USV,21825.0,0.0,7,6,11,True,,
L10_65,302,harness,1.0,white_usv7,USV,21525.0,0.0,3,9,9,True,,
L10_65,302,harness,1.0,white_usv2,USV,12500.0,0.0,1,2,4,False,9113,unknown
L10_65,302,harness,1.0,white_usv10,USV,12475.0,1000.0,2,2,4,False,10349,unknown
L10_65,302,harness,1.0,white_uav2,UAV,35175.0,10425.0,0,0,0,True,,
L10_65,302,harness,1.0,white_uav6,UAV,29275.0,10550.0,0,0,0,True,,
L10_65,302,harness,1.0,white_uav7,UAV,29950.0,8700.0,0,0,0,True,,
L10_65,302,harness,1.0,white_uav9,UAV,28650.0,8875.0,0,0,0,True,,
L10_65,302,harness,1.0,white_uav4,UAV,35375.0,8900.0,0,0,0,True,,
L10_65,302,harness,1.0,white_uav8,UAV,26800.0,4825.0,0,0,0,True,,
L10_65,302,harness,1.0,white_uav3,UAV,35350.0,2050.0,0,0,0,True,,
L10_65,302,harness,1.0,white_uav1,UAV,35175.0,4875.0,0,0,0,True,,
L10_65,302,harness,1.0,white_uav5,UAV,26875.0,750.0,0,0,0,True,,
L10_65,302,harness,1.0,white_uav10,UAV,29825.0,10150.0,0,0,0,True,,
L10_65,303,harness,1.0,white_usv2,USV,12775.0,1075.0,3,1,3,False,10221,unknown
L10_65,303,harness,1.0,white_usv3,USV,13325.0,50.0,18,6,9,False,15295,unknown
L10_65,303,harness,1.0,white_usv7,USV,12875.0,525.0,12,1,7,False,11830,unknown
L10_65,303,harness,1.0,white_usv5,USV,12575.0,0.0,10,4,7,False,11267,unknown
L10_65,303,harness,1.0,white_usv9,USV,12525.0,425.0,4,2,4,False,8785,unknown
L10_65,303,harness,1.0,white_usv4,USV,12975.0,0.0,5,4,6,False,12358,unknown
L10_65,303,harness,1.0,white_usv8,USV,12550.0,0.0,3,3,5,False,10221,unknown
L10_65,303,harness,1.0,white_usv10,USV,18075.0,975.0,6,2,8,True,,
L10_65,303,harness,1.0,white_usv6,USV,17150.0,0.0,3,8,8,True,,
L10_65,303,harness,1.0,white_usv1,USV,12475.0,975.0,2,1,4,False,9018,unknown
L10_65,303,harness,1.0,white_uav5,UAV,25700.0,13575.0,0,0,0,False,17244,unknown
L10_65,303,harness,1.0,white_uav3,UAV,22825.0,7275.0,0,0,0,False,17244,unknown
L10_65,303,harness,1.0,white_uav8,UAV,23400.0,12375.0,0,0,0,True,,
L10_65,303,harness,1.0,white_uav10,UAV,21225.0,7275.0,0,0,0,True,,
L10_65,303,harness,1.0,white_uav6,UAV,16500.0,2375.0,0,0,0,False,17244,unknown
L10_65,303,harness,1.0,white_uav1,UAV,25900.0,7400.0,0,0,0,True,,
L10_65,303,harness,1.0,white_uav7,UAV,21250.0,2350.0,0,0,0,True,,
L10_65,303,harness,1.0,white_uav2,UAV,22150.0,1475.0,0,0,0,False,17244,unknown
L10_65,303,harness,1.0,white_uav9,UAV,22950.0,3150.0,0,0,0,False,17244,unknown
L10_65,303,harness,1.0,white_uav4,UAV,21400.0,1750.0,0,0,0,False,17244,unknown
L10_65,304,harness,1.0,white_usv1,USV,12675.0,2225.0,18,2,9,False,11773,unknown
L10_65,304,harness,1.0,white_usv3,USV,12775.0,150.0,15,4,8,False,11029,unknown
L10_65,304,harness,1.0,white_usv6,USV,12500.0,325.0,6,0,6,False,9687,unknown
L10_65,304,harness,1.0,white_usv7,USV,12475.0,200.0,5,3,7,False,9967,unknown
L10_65,304,harness,1.0,white_usv9,USV,12600.0,425.0,5,0,9,False,10789,unknown
L10_65,304,harness,1.0,white_usv5,USV,12525.0,0.0,4,0,5,False,9687,unknown
L10_65,304,harness,1.0,white_usv4,USV,15125.0,0.0,5,5,10,False,15879,unknown
L10_65,304,harness,1.0,white_usv8,USV,23050.0,850.0,5,5,10,True,,
L10_65,304,harness,1.0,white_usv10,USV,12600.0,1000.0,1,11,11,False,13142,unknown
L10_65,304,harness,1.0,white_usv2,USV,12525.0,0.0,2,3,5,False,9181,unknown
L10_65,304,harness,1.0,white_uav6,UAV,30150.0,14200.0,0,0,0,True,,
L10_65,304,harness,1.0,white_uav7,UAV,24400.0,3950.0,0,0,0,True,,
L10_65,304,harness,1.0,white_uav4,UAV,23575.0,6825.0,0,0,0,True,,
L10_65,304,harness,1.0,white_uav8,UAV,25350.0,6925.0,0,0,0,True,,
L10_65,304,harness,1.0,white_uav1,UAV,28000.0,8225.0,0,0,0,True,,
L10_65,304,harness,1.0,white_uav5,UAV,21475.0,1550.0,0,0,0,True,,
L10_65,304,harness,1.0,white_uav10,UAV,25700.0,9850.0,0,0,0,True,,
L10_65,304,harness,1.0,white_uav2,UAV,29275.0,3700.0,0,0,0,True,,
L10_65,304,harness,1.0,white_uav9,UAV,22900.0,1225.0,0,0,0,True,,
L10_65,304,harness,1.0,white_uav3,UAV,27700.0,2875.0,0,0,0,True,,
L10_65,305,harness,1.0,white_usv4,USV,12475.0,900.0,17,0,6,False,9936,unknown
L10_65,305,harness,1.0,white_usv3,USV,16350.0,200.0,10,1,8,True,,
L10_65,305,harness,1.0,white_usv6,USV,15000.0,275.0,9,0,8,True,,
L10_65,305,harness,1.0,white_usv9,USV,13800.0,650.0,8,7,9,True,,
L10_65,305,harness,1.0,white_usv2,USV,12575.0,225.0,3,1,4,False,9288,unknown
L10_65,305,harness,1.0,white_usv5,USV,14700.0,0.0,3,2,7,True,,
L10_65,305,harness,1.0,white_usv10,USV,12675.0,975.0,2,4,5,False,10592,unknown
L10_65,305,harness,1.0,white_usv1,USV,12600.0,925.0,3,4,7,False,11541,unknown
L10_65,305,harness,1.0,white_usv7,USV,14000.0,0.0,7,5,7,False,14681,unknown
L10_65,305,harness,1.0,white_usv8,USV,17400.0,0.0,4,7,9,True,,
L10_65,305,harness,1.0,white_uav2,UAV,22925.0,11550.0,0,0,0,True,,
L10_65,305,harness,1.0,white_uav4,UAV,23650.0,8825.0,0,0,0,True,,
L10_65,305,harness,1.0,white_uav3,UAV,26975.0,2550.0,0,0,0,True,,
L10_65,305,harness,1.0,white_uav5,UAV,19000.0,4800.0,0,0,0,True,,
L10_65,305,harness,1.0,white_uav8,UAV,24425.0,10125.0,0,0,0,True,,
L10_65,305,harness,1.0,white_uav1,UAV,26800.0,5025.0,0,0,0,True,,
L10_65,305,harness,1.0,white_uav7,UAV,20925.0,4900.0,0,0,0,True,,
L10_65,305,harness,1.0,white_uav9,UAV,23150.0,7300.0,0,0,0,True,,
L10_65,305,harness,1.0,white_uav6,UAV,17325.0,1525.0,0,0,0,True,,
L10_65,305,harness,1.0,white_uav10,UAV,25025.0,5025.0,0,0,0,True,,
L10_70,301,harness,1.0,white_usv6,USV,13350.0,600.0,24,2,10,False,12738,unknown
L10_70,301,harness,1.0,white_usv9,USV,14025.0,650.0,3,2,7,False,12738,unknown
L10_70,301,harness,1.0,white_usv5,USV,14100.0,175.0,14,0,5,False,12738,unknown
L10_70,301,harness,1.0,white_usv1,USV,12625.0,1650.0,9,3,6,False,10615,unknown
L10_70,301,harness,1.0,white_usv10,USV,12725.0,975.0,0,5,7,False,10319,unknown
L10_70,301,harness,1.0,white_usv4,USV,19625.0,325.0,5,1,7,True,,
L10_70,301,harness,1.0,white_usv2,USV,19500.0,575.0,9,6,9,True,,
L10_70,301,harness,1.0,white_usv3,USV,12625.0,0.0,2,0,8,False,11695,unknown
L10_70,301,harness,1.0,white_usv7,USV,12950.0,0.0,2,8,8,False,11695,unknown
L10_70,301,harness,1.0,white_usv8,USV,12900.0,0.0,2,6,8,False,12738,unknown
L10_70,301,harness,1.0,white_uav10,UAV,31700.0,13575.0,0,0,0,True,,
L10_70,301,harness,1.0,white_uav7,UAV,28525.0,13325.0,0,0,0,True,,
L10_70,301,harness,1.0,white_uav4,UAV,26975.0,13650.0,0,0,0,True,,
L10_70,301,harness,1.0,white_uav6,UAV,25650.0,3275.0,0,0,0,True,,
L10_70,301,harness,1.0,white_uav9,UAV,27350.0,7125.0,0,0,0,True,,
L10_70,301,harness,1.0,white_uav5,UAV,20350.0,1700.0,0,0,0,True,,
L10_70,301,harness,1.0,white_uav8,UAV,29650.0,4050.0,0,0,0,True,,
L10_70,301,harness,1.0,white_uav1,UAV,24775.0,7850.0,0,0,0,True,,
L10_70,301,harness,1.0,white_uav2,UAV,23225.0,5350.0,0,0,0,True,,
L10_70,301,harness,1.0,white_uav3,UAV,24000.0,1900.0,0,0,0,True,,
L10_70,302,harness,1.0,white_usv6,USV,12500.0,625.0,20,1,7,False,9715,unknown
L10_70,302,harness,1.0,white_usv5,USV,12600.0,175.0,11,2,8,False,10497,unknown
L10_70,302,harness,1.0,white_usv2,USV,12600.0,650.0,8,0,5,False,9038,unknown
L10_70,302,harness,1.0,white_usv7,USV,12500.0,225.0,4,0,4,False,8818,unknown
L10_70,302,harness,1.0,white_usv10,USV,19650.0,1425.0,4,6,7,True,,
L10_70,302,harness,1.0,white_usv8,USV,24900.0,0.0,4,7,8,True,,
L10_70,302,harness,1.0,white_usv9,USV,12625.0,0.0,4,2,6,False,9936,unknown
L10_70,302,harness,1.0,white_usv1,USV,12600.0,975.0,3,3,4,False,10183,unknown
L10_70,302,harness,1.0,white_usv4,USV,24200.0,875.0,4,4,8,True,,
L10_70,302,harness,1.0,white_usv3,USV,22475.0,50.0,6,6,7,True,,
L10_70,302,harness,1.0,white_uav8,UAV,31975.0,13050.0,0,0,0,False,28097,unknown
L10_70,302,harness,1.0,white_uav1,UAV,40150.0,12400.0,0,0,0,False,28097,unknown
L10_70,302,harness,1.0,white_uav6,UAV,31725.0,11150.0,0,0,0,False,28097,unknown
L10_70,302,harness,1.0,white_uav10,UAV,36500.0,16800.0,0,0,0,False,28097,unknown
L10_70,302,harness,1.0,white_uav2,UAV,38025.0,10925.0,0,0,0,False,28097,unknown
L10_70,302,harness,1.0,white_uav9,UAV,30650.0,6825.0,0,0,0,False,28097,unknown
L10_70,302,harness,1.0,white_uav5,UAV,32925.0,6125.0,0,0,0,False,28097,unknown
L10_70,302,harness,1.0,white_uav7,UAV,32725.0,5500.0,0,0,0,False,28097,unknown
L10_70,302,harness,1.0,white_uav4,UAV,33825.0,4025.0,0,0,0,False,28097,unknown
L10_70,302,harness,1.0,white_uav3,UAV,37550.0,2725.0,0,0,0,False,28097,unknown
L10_70,303,harness,1.0,white_usv1,USV,12550.0,2025.0,19,3,6,False,10496,unknown
L10_70,303,harness,1.0,white_usv5,USV,13950.0,200.0,13,4,8,True,,
L10_70,303,harness,1.0,white_usv9,USV,12675.0,800.0,10,0,9,False,11113,unknown
L10_70,303,harness,1.0,white_usv7,USV,15975.0,0.0,6,5,9,True,,
L10_70,303,harness,1.0,white_usv10,USV,14525.0,975.0,7,7,11,True,,
L10_70,303,harness,1.0,white_usv8,USV,12475.0,0.0,5,4,4,False,9181,unknown
L10_70,303,harness,1.0,white_usv2,USV,12650.0,0.0,1,2,4,False,10201,unknown
L10_70,303,harness,1.0,white_usv3,USV,12425.0,0.0,1,1,5,False,9768,unknown
L10_70,303,harness,1.0,white_usv4,USV,12625.0,0.0,4,6,8,False,11507,unknown
L10_70,303,harness,1.0,white_usv6,USV,12550.0,0.0,4,2,6,False,10201,unknown
L10_70,303,harness,1.0,white_uav1,UAV,29450.0,13000.0,0,0,0,True,,
L10_70,303,harness,1.0,white_uav10,UAV,22625.0,9025.0,0,0,0,False,16848,unknown
L10_70,303,harness,1.0,white_uav8,UAV,22725.0,9000.0,0,0,0,False,16848,unknown
L10_70,303,harness,1.0,white_uav9,UAV,21700.0,2475.0,0,0,0,False,16848,unknown
L10_70,303,harness,1.0,white_uav6,UAV,16625.0,7375.0,0,0,0,False,16848,unknown
L10_70,303,harness,1.0,white_uav4,UAV,21925.0,9075.0,0,0,0,False,16848,unknown
L10_70,303,harness,1.0,white_uav3,UAV,22175.0,5050.0,0,0,0,False,16848,unknown
L10_70,303,harness,1.0,white_uav5,UAV,16200.0,650.0,0,0,0,False,16848,unknown
L10_70,303,harness,1.0,white_uav2,UAV,22025.0,2025.0,0,0,0,False,16848,unknown
L10_70,303,harness,1.0,white_uav7,UAV,21025.0,2025.0,0,0,0,False,16848,unknown
L10_70,304,harness,1.0,white_usv8,USV,12575.0,1125.0,15,2,9,False,11430,unknown
L10_70,304,harness,1.0,white_usv1,USV,15650.0,1925.0,13,1,8,True,,
L10_70,304,harness,1.0,white_usv2,USV,12525.0,0.0,7,0,3,False,8835,unknown
L10_70,304,harness,1.0,white_usv5,USV,15050.0,0.0,7,1,7,True,,
L10_70,304,harness,1.0,white_usv4,USV,12550.0,0.0,3,4,6,False,9557,unknown
L10_70,304,harness,1.0,white_usv6,USV,14475.0,0.0,5,3,8,True,,
L10_70,304,harness,1.0,white_usv9,USV,12600.0,225.0,4,4,6,False,10601,unknown
L10_70,304,harness,1.0,white_usv10,USV,12700.0,925.0,5,6,10,False,12113,unknown
L10_70,304,harness,1.0,white_usv3,USV,16525.0,0.0,5,7,8,True,,
L10_70,304,harness,1.0,white_usv7,USV,14850.0,0.0,6,6,8,True,,
L10_70,304,harness,1.0,white_uav7,UAV,24325.0,12775.0,0,0,0,True,,
L10_70,304,harness,1.0,white_uav1,UAV,24000.0,11375.0,0,0,0,False,14640,unknown
L10_70,304,harness,1.0,white_uav8,UAV,23150.0,6175.0,0,0,0,True,,
L10_70,304,harness,1.0,white_uav10,UAV,24200.0,7850.0,0,0,0,True,,
L10_70,304,harness,1.0,white_uav2,UAV,22675.0,4800.0,0,0,0,False,14640,unknown
L10_70,304,harness,1.0,white_uav3,UAV,23825.0,5450.0,0,0,0,False,14640,unknown
L10_70,304,harness,1.0,white_uav6,UAV,15450.0,3800.0,0,0,0,True,,
L10_70,304,harness,1.0,white_uav5,UAV,15825.0,2550.0,0,0,0,True,,
L10_70,304,harness,1.0,white_uav9,UAV,23425.0,2300.0,0,0,0,False,14640,unknown
L10_70,304,harness,1.0,white_uav4,UAV,22800.0,3575.0,0,0,0,True,,
L10_70,305,harness,1.0,white_usv4,USV,12450.0,975.0,18,1,7,False,9832,unknown
L10_70,305,harness,1.0,white_usv3,USV,12450.0,225.0,16,2,7,False,9832,unknown
L10_70,305,harness,1.0,white_usv10,USV,16850.0,1925.0,8,1,8,True,,
L10_70,305,harness,1.0,white_usv1,USV,13200.0,1125.0,3,2,5,False,12761,unknown
L10_70,305,harness,1.0,white_usv7,USV,14275.0,0.0,8,7,9,True,,
L10_70,305,harness,1.0,white_usv6,USV,16975.0,0.0,4,3,6,True,,
L10_70,305,harness,1.0,white_usv9,USV,16650.0,0.0,6,6,9,True,,
L10_70,305,harness,1.0,white_usv2,USV,12600.0,0.0,4,5,8,False,11788,unknown
L10_70,305,harness,1.0,white_usv5,USV,12600.0,0.0,1,2,4,False,10402,unknown
L10_70,305,harness,1.0,white_usv8,USV,12675.0,0.0,2,3,6,False,9595,unknown
L10_70,305,harness,1.0,white_uav3,UAV,23450.0,16025.0,0,0,0,True,,
L10_70,305,harness,1.0,white_uav7,UAV,22175.0,10600.0,0,0,0,True,,
L10_70,305,harness,1.0,white_uav10,UAV,25850.0,11375.0,0,0,0,True,,
L10_70,305,harness,1.0,white_uav5,UAV,17925.0,5000.0,0,0,0,True,,
L10_70,305,harness,1.0,white_uav2,UAV,23425.0,7225.0,0,0,0,True,,
L10_70,305,harness,1.0,white_uav6,UAV,19825.0,900.0,0,0,0,True,,
L10_70,305,harness,1.0,white_uav9,UAV,21775.0,3725.0,0,0,0,True,,
L10_70,305,harness,1.0,white_uav1,UAV,24125.0,6375.0,0,0,0,True,,
L10_70,305,harness,1.0,white_uav8,UAV,22200.0,1550.0,0,0,0,True,,
L10_70,305,harness,1.0,white_uav4,UAV,22850.0,2200.0,0,0,0,True,,
L10_75,301,harness,1.0,white_usv7,USV,24050.0,1875.0,31,5,11,True,,
L10_75,301,harness,1.0,white_usv6,USV,21350.0,250.0,17,8,10,True,,
L10_75,301,harness,1.0,white_usv10,USV,12500.0,1375.0,7,0,5,False,8980,unknown
L10_75,301,harness,1.0,white_usv1,USV,12725.0,1675.0,2,2,5,False,10096,unknown
L10_75,301,harness,1.0,white_usv2,USV,12625.0,0.0,7,0,7,False,10929,unknown
L10_75,301,harness,1.0,white_usv4,USV,12450.0,0.0,2,1,5,False,10096,unknown
L10_75,301,harness,1.0,white_usv8,USV,12450.0,0.0,1,3,5,False,8980,unknown
L10_75,301,harness,1.0,white_usv5,USV,12550.0,0.0,2,2,6,False,10096,unknown
L10_75,301,harness,1.0,white_usv3,USV,12500.0,0.0,2,5,7,False,12461,unknown
L10_75,301,harness,1.0,white_usv9,USV,24250.0,175.0,5,11,11,True,,
L10_75,301,harness,1.0,white_uav9,UAV,29175.0,13725.0,0,0,0,False,24462,unknown
L10_75,301,harness,1.0,white_uav7,UAV,21775.0,8150.0,0,0,0,False,24462,unknown
L10_75,301,harness,1.0,white_uav4,UAV,28450.0,8400.0,0,0,0,False,24462,unknown
L10_75,301,harness,1.0,white_uav1,UAV,33200.0,9250.0,0,0,0,True,,
L10_75,301,harness,1.0,white_uav5,UAV,23275.0,2350.0,0,0,0,False,24462,unknown
L10_75,301,harness,1.0,white_uav6,UAV,23750.0,950.0,0,0,0,False,24462,unknown
L10_75,301,harness,1.0,white_uav8,UAV,27650.0,7825.0,0,0,0,True,,
L10_75,301,harness,1.0,white_uav2,UAV,30825.0,3150.0,0,0,0,False,24462,unknown
L10_75,301,harness,1.0,white_uav3,UAV,31150.0,2600.0,0,0,0,False,24462,unknown
L10_75,301,harness,1.0,white_uav10,UAV,27275.0,8575.0,0,0,0,True,,
L10_75,302,harness,1.0,white_usv9,USV,13075.0,1075.0,6,4,9,False,12829,unknown
L10_75,302,harness,1.0,white_usv5,USV,12700.0,325.0,22,1,10,False,11443,unknown
L10_75,302,harness,1.0,white_usv8,USV,12575.0,0.0,7,0,4,False,8923,unknown
L10_75,302,harness,1.0,white_usv3,USV,12625.0,400.0,6,4,8,False,11443,unknown
L10_75,302,harness,1.0,white_usv7,USV,15775.0,0.0,9,9,14,True,,
L10_75,302,harness,1.0,white_usv2,USV,12575.0,250.0,4,3,4,False,9256,unknown
L10_75,302,harness,1.0,white_usv4,USV,12575.0,0.0,4,2,4,False,8923,unknown
L10_75,302,harness,1.0,white_usv10,USV,12750.0,900.0,3,5,7,False,9887,unknown
L10_75,302,harness,1.0,white_usv6,USV,12600.0,0.0,2,3,8,False,10610,unknown
L10_75,302,harness,1.0,white_usv1,USV,12575.0,975.0,3,2,6,False,10125,unknown
L10_75,302,harness,1.0,white_uav7,UAV,31825.0,20025.0,0,0,0,True,,
L10_75,302,harness,1.0,white_uav8,UAV,33425.0,11375.0,0,0,0,True,,
L10_75,302,harness,1.0,white_uav9,UAV,25425.0,4700.0,0,0,0,True,,
L10_75,302,harness,1.0,white_uav6,UAV,19950.0,4125.0,0,0,0,True,,
L10_75,302,harness,1.0,white_uav1,UAV,30950.0,8625.0,0,0,0,True,,
L10_75,302,harness,1.0,white_uav4,UAV,25650.0,10750.0,0,0,0,True,,
L10_75,302,harness,1.0,white_uav2,UAV,28950.0,3325.0,0,0,0,True,,
L10_75,302,harness,1.0,white_uav3,UAV,27775.0,1350.0,0,0,0,True,,
L10_75,302,harness,1.0,white_uav10,UAV,25800.0,3675.0,0,0,0,True,,
L10_75,302,harness,1.0,white_uav5,UAV,19975.0,1325.0,0,0,0,True,,
L10_75,303,harness,1.0,white_usv3,USV,12500.0,925.0,23,3,7,False,11071,unknown
L10_75,303,harness,1.0,white_usv4,USV,12475.0,25.0,12,1,4,False,8975,unknown
L10_75,303,harness,1.0,white_usv6,USV,13075.0,250.0,9,0,9,False,11071,unknown
L10_75,303,harness,1.0,white_usv7,USV,13050.0,225.0,7,1,8,False,11071,unknown
L10_75,303,harness,1.0,white_usv10,USV,18250.0,1400.0,8,6,10,True,,
L10_75,303,harness,1.0,white_usv8,USV,17500.0,0.0,5,5,11,False,21039,unknown
L10_75,303,harness,1.0,white_usv9,USV,12525.0,0.0,3,3,4,False,9208,unknown
L10_75,303,harness,1.0,white_usv5,USV,12600.0,0.0,2,6,7,False,10725,unknown
L10_75,303,harness,1.0,white_usv1,USV,12650.0,1250.0,3,5,6,False,11976,unknown
L10_75,303,harness,1.0,white_usv2,USV,13775.0,0.0,4,5,8,False,12442,unknown
L10_75,303,harness,1.0,white_uav6,UAV,27800.0,11675.0,0,0,0,True,,
L10_75,303,harness,1.0,white_uav9,UAV,22250.0,8025.0,0,0,0,True,,
L10_75,303,harness,1.0,white_uav5,UAV,22150.0,3575.0,0,0,0,True,,
L10_75,303,harness,1.0,white_uav1,UAV,27725.0,9325.0,0,0,0,True,,
L10_75,303,harness,1.0,white_uav8,UAV,23525.0,5200.0,0,0,0,True,,
L10_75,303,harness,1.0,white_uav3,UAV,26450.0,8400.0,0,0,0,True,,
L10_75,303,harness,1.0,white_uav10,UAV,24550.0,5775.0,0,0,0,True,,
L10_75,303,harness,1.0,white_uav4,UAV,24400.0,1850.0,0,0,0,True,,
L10_75,303,harness,1.0,white_uav7,UAV,25725.0,8600.0,0,0,0,True,,
L10_75,303,harness,1.0,white_uav2,UAV,26325.0,1500.0,0,0,0,True,,
L10_75,304,harness,1.0,white_usv6,USV,12675.0,625.0,22,3,7,False,11146,unknown
L10_75,304,harness,1.0,white_usv1,USV,14850.0,1800.0,16,2,7,True,,
L10_75,304,harness,1.0,white_usv3,USV,12625.0,0.0,5,3,4,False,9652,unknown
L10_75,304,harness,1.0,white_usv2,USV,12550.0,0.0,5,1,3,False,9324,unknown
L10_75,304,harness,1.0,white_usv8,USV,12725.0,400.0,2,0,4,False,9652,unknown
L10_75,304,harness,1.0,white_usv7,USV,14875.0,0.0,6,5,12,True,,
L10_75,304,harness,1.0,white_usv5,USV,14350.0,0.0,6,6,11,True,,
L10_75,304,harness,1.0,white_usv9,USV,12800.0,225.0,5,4,8,False,12383,unknown
L10_75,304,harness,1.0,white_usv10,USV,15850.0,975.0,3,7,11,True,,
L10_75,304,harness,1.0,white_usv4,USV,12525.0,0.0,2,2,3,False,8581,unknown
L10_75,304,harness,1.0,white_uav6,UAV,27150.0,14250.0,0,0,0,True,,
L10_75,304,harness,1.0,white_uav7,UAV,30300.0,7350.0,0,0,0,True,,
L10_75,304,harness,1.0,white_uav9,UAV,27400.0,8775.0,0,0,0,True,,
L10_75,304,harness,1.0,white_uav4,UAV,34050.0,9825.0,0,0,0,True,,
L10_75,304,harness,1.0,white_uav8,UAV,28050.0,2625.0,0,0,0,True,,
L10_75,304,harness,1.0,white_uav3,UAV,34200.0,4700.0,0,0,0,True,,
L10_75,304,harness,1.0,white_uav1,UAV,35300.0,8950.0,0,0,0,True,,
L10_75,304,harness,1.0,white_uav10,UAV,36325.0,16975.0,0,0,0,True,,
L10_75,304,harness,1.0,white_uav2,UAV,34250.0,2075.0,0,0,0,True,,
L10_75,304,harness,1.0,white_uav5,UAV,28525.0,1600.0,0,0,0,True,,
L10_75,305,harness,1.0,white_usv10,USV,12625.0,2050.0,7,1,8,False,11341,unknown
L10_75,305,harness,1.0,white_usv2,USV,15825.0,1000.0,18,0,10,True,,
L10_75,305,harness,1.0,white_usv3,USV,15975.0,0.0,13,3,14,True,,
L10_75,305,harness,1.0,white_usv5,USV,12475.0,0.0,7,2,7,False,10860,unknown
L10_75,305,harness,1.0,white_usv4,USV,12650.0,0.0,7,5,11,False,11936,unknown
L10_75,305,harness,1.0,white_usv6,USV,14650.0,0.0,9,2,7,True,,
L10_75,305,harness,1.0,white_usv1,USV,13050.0,950.0,3,2,5,False,11525,unknown
L10_75,305,harness,1.0,white_usv7,USV,12525.0,0.0,5,5,5,False,10262,unknown
L10_75,305,harness,1.0,white_usv9,USV,16375.0,0.0,5,7,8,True,,
L10_75,305,harness,1.0,white_usv8,USV,14400.0,0.0,2,10,12,True,,
L10_75,305,harness,1.0,white_uav2,UAV,29350.0,14350.0,0,0,0,False,19692,unknown
L10_75,305,harness,1.0,white_uav4,UAV,29150.0,10100.0,0,0,0,False,19692,unknown
L10_75,305,harness,1.0,white_uav6,UAV,24825.0,6800.0,0,0,0,False,19692,unknown
L10_75,305,harness,1.0,white_uav3,UAV,29600.0,4975.0,0,0,0,True,,
L10_75,305,harness,1.0,white_uav1,UAV,30575.0,8475.0,0,0,0,True,,
L10_75,305,harness,1.0,white_uav10,UAV,31225.0,16525.0,0,0,0,False,19692,unknown
L10_75,305,harness,1.0,white_uav5,UAV,24775.0,1500.0,0,0,0,False,19692,unknown
L10_75,305,harness,1.0,white_uav8,UAV,27350.0,9125.0,0,0,0,True,,
L10_75,305,harness,1.0,white_uav9,UAV,26625.0,2175.0,0,0,0,True,,
L10_75,305,harness,1.0,white_uav7,UAV,26500.0,5525.0,0,0,0,True,,
S10,402,harness,1.0,white_usv5,USV,13625.0,1250.0,6,0,3,True,,
S10,402,harness,1.0,white_usv8,USV,13425.0,600.0,4,0,3,True,,
S10,402,harness,1.0,white_usv1,USV,13000.0,1650.0,3,1,2,True,,
S10,402,harness,1.0,white_usv4,USV,13125.0,0.0,1,0,1,False,8478,unknown
S10,402,harness,1.0,white_usv7,USV,13600.0,0.0,1,1,3,True,,
S10,402,harness,1.0,white_usv9,USV,12825.0,325.0,0,3,3,True,,
S10,402,harness,1.0,white_usv2,USV,12650.0,0.0,1,2,4,True,,
S10,402,harness,1.0,white_usv3,USV,12975.0,0.0,1,0,1,True,,
S10,402,harness,1.0,white_usv6,USV,13125.0,0.0,1,1,2,False,8887,unknown
S10,402,harness,1.0,white_usv10,USV,13150.0,975.0,1,1,1,True,,
S10,402,harness,1.0,white_uav2,UAV,16575.0,9500.0,0,0,0,True,,
S10,402,harness,1.0,white_uav3,UAV,17300.0,4100.0,0,0,0,True,,
S10,402,harness,1.0,white_uav6,UAV,14200.0,7525.0,0,0,0,True,,
S10,402,harness,1.0,white_uav9,UAV,17275.0,6900.0,0,0,0,True,,
S10,402,harness,1.0,white_uav1,UAV,19725.0,3525.0,0,0,0,True,,
S10,402,harness,1.0,white_uav8,UAV,17600.0,2550.0,0,0,0,True,,
S10,402,harness,1.0,white_uav4,UAV,18000.0,1975.0,0,0,0,True,,
S10,402,harness,1.0,white_uav7,UAV,16750.0,675.0,0,0,0,True,,
S10,402,harness,1.0,white_uav5,UAV,14850.0,650.0,0,0,0,True,,
S10,402,harness,1.0,white_uav10,UAV,18250.0,4525.0,0,0,0,True,,
S10,403,harness,1.0,white_usv9,USV,15075.0,1525.0,5,0,2,True,,
S10,403,harness,1.0,white_usv3,USV,14600.0,950.0,3,0,3,True,,
S10,403,harness,1.0,white_usv6,USV,13275.0,0.0,2,0,2,False,8964,unknown
S10,403,harness,1.0,white_usv1,USV,13175.0,1325.0,1,0,5,False,10470,unknown
S10,403,harness,1.0,white_usv5,USV,13275.0,0.0,2,1,2,False,8964,unknown
S10,403,harness,1.0,white_usv2,USV,13325.0,0.0,2,1,2,False,8964,unknown
S10,403,harness,1.0,white_usv4,USV,16775.0,0.0,1,1,1,True,,
S10,403,harness,1.0,white_usv7,USV,12775.0,0.0,1,1,2,False,8352,unknown
S10,403,harness,1.0,white_usv8,USV,13425.0,0.0,2,1,4,False,10470,unknown
S10,403,harness,1.0,white_usv10,USV,13725.0,975.0,1,4,4,False,10470,unknown
S10,403,harness,1.0,white_uav2,UAV,18850.0,12050.0,0,0,0,True,,
S10,403,harness,1.0,white_uav5,UAV,15750.0,8000.0,0,0,0,True,,
S10,403,harness,1.0,white_uav8,UAV,19725.0,8100.0,0,0,0,True,,
S10,403,harness,1.0,white_uav3,UAV,21300.0,5425.0,0,0,0,True,,
S10,403,harness,1.0,white_uav7,UAV,19300.0,3125.0,0,0,0,True,,
S10,403,harness,1.0,white_uav10,UAV,21750.0,7775.0,0,0,0,True,,
S10,403,harness,1.0,white_uav1,UAV,18850.0,3250.0,0,0,0,True,,
S10,403,harness,1.0,white_uav4,UAV,17250.0,1975.0,0,0,0,True,,
S10,403,harness,1.0,white_uav6,UAV,16325.0,625.0,0,0,0,True,,
S10,403,harness,1.0,white_uav9,UAV,18250.0,900.0,0,0,0,True,,
S10,404,harness,1.0,white_usv5,USV,12850.0,1450.0,4,0,1,False,8284,unknown
S10,404,harness,1.0,white_usv4,USV,12675.0,175.0,4,1,3,True,,
S10,404,harness,1.0,white_usv7,USV,13025.0,400.0,4,1,3,False,9254,unknown
S10,404,harness,1.0,white_usv10,USV,13150.0,1575.0,2,0,3,True,,
S10,404,harness,1.0,white_usv1,USV,13525.0,1475.0,0,0,0,False,8590,unknown
S10,404,harness,1.0,white_usv2,USV,13325.0,0.0,0,0,1,False,8590,unknown
S10,404,harness,1.0,white_usv3,USV,12700.0,0.0,2,1,4,True,,
S10,404,harness,1.0,white_usv6,USV,13725.0,0.0,2,2,4,True,,
S10,404,harness,1.0,white_usv8,USV,12950.0,0.0,1,1,2,False,8590,unknown
S10,404,harness,1.0,white_usv9,USV,14150.0,0.0,0,3,3,True,,
S10,404,harness,1.0,white_uav10,UAV,18750.0,10325.0,0,0,0,True,,
S10,404,harness,1.0,white_uav3,UAV,16875.0,8775.0,0,0,0,True,,
S10,404,harness,1.0,white_uav6,UAV,12200.0,7250.0,0,0,0,True,,
S10,404,harness,1.0,white_uav9,UAV,17950.0,3775.0,0,0,0,True,,
S10,404,harness,1.0,white_uav2,UAV,15800.0,3275.0,0,0,0,True,,
S10,404,harness,1.0,white_uav4,UAV,15900.0,2100.0,0,0,0,True,,
S10,404,harness,1.0,white_uav5,UAV,12775.0,475.0,0,0,0,True,,
S10,404,harness,1.0,white_uav7,UAV,17250.0,2575.0,0,0,0,True,,
S10,404,harness,1.0,white_uav8,UAV,17775.0,775.0,0,0,0,True,,
S10,404,harness,1.0,white_uav1,UAV,17725.0,3350.0,0,0,0,True,,
S10,405,harness,1.0,white_usv2,USV,12800.0,1600.0,5,1,3,False,9454,unknown
S10,405,harness,1.0,white_usv9,USV,12900.0,1325.0,3,0,3,True,,
S10,405,harness,1.0,white_usv3,USV,12525.0,0.0,2,0,2,True,,
S10,405,harness,1.0,white_usv4,USV,12550.0,0.0,2,0,2,True,,
S10,405,harness,1.0,white_usv8,USV,13125.0,0.0,2,2,3,True,,
S10,405,harness,1.0,white_usv1,USV,12950.0,1050.0,1,2,3,True,,
S10,405,harness,1.0,white_usv6,USV,12500.0,0.0,1,1,2,True,,
S10,405,harness,1.0,white_usv7,USV,13200.0,0.0,1,2,2,False,9454,unknown
S10,405,harness,1.0,white_usv10,USV,13450.0,1025.0,1,1,1,True,,
S10,405,harness,1.0,white_usv5,USV,13000.0,0.0,2,1,2,False,9454,unknown
S10,405,harness,1.0,white_uav1,UAV,20825.0,9750.0,0,0,0,True,,
S10,405,harness,1.0,white_uav3,UAV,18625.0,7025.0,0,0,0,True,,
S10,405,harness,1.0,white_uav2,UAV,19050.0,1625.0,0,0,0,True,,
S10,405,harness,1.0,white_uav7,UAV,14975.0,8375.0,0,0,0,True,,
S10,405,harness,1.0,white_uav8,UAV,14025.0,3025.0,0,0,0,True,,
S10,405,harness,1.0,white_uav9,UAV,17400.0,5375.0,0,0,0,True,,
S10,405,harness,1.0,white_uav4,UAV,17875.0,3800.0,0,0,0,True,,
S10,405,harness,1.0,white_uav10,UAV,17550.0,5700.0,0,0,0,True,,
S10,405,harness,1.0,white_uav6,UAV,12925.0,1950.0,0,0,0,True,,
S10,405,harness,1.0,white_uav5,UAV,14800.0,450.0,0,0,0,True,,
S10,406,harness,1.0,white_usv1,USV,12550.0,2525.0,2,0,2,True,,
S10,406,harness,1.0,white_usv4,USV,12675.0,300.0,3,1,3,False,8792,unknown
S10,406,harness,1.0,white_usv9,USV,12525.0,1100.0,2,1,2,True,,
S10,406,harness,1.0,white_usv7,USV,12525.0,0.0,3,0,2,True,,
S10,406,harness,1.0,white_usv10,USV,12575.0,1000.0,2,0,2,True,,
S10,406,harness,1.0,white_usv3,USV,12525.0,0.0,2,1,3,True,,
S10,406,harness,1.0,white_usv8,USV,12775.0,0.0,3,2,3,False,8792,unknown
S10,406,harness,1.0,white_usv5,USV,12575.0,0.0,1,1,2,True,,
S10,406,harness,1.0,white_usv2,USV,12625.0,0.0,1,2,2,True,,
S10,406,harness,1.0,white_usv6,USV,12550.0,0.0,1,2,2,True,,
S10,406,harness,1.0,white_uav3,UAV,17225.0,10700.0,0,0,0,True,,
S10,406,harness,1.0,white_uav6,UAV,13125.0,7600.0,0,0,0,True,,
S10,406,harness,1.0,white_uav7,UAV,15325.0,3475.0,0,0,0,True,,
S10,406,harness,1.0,white_uav4,UAV,13350.0,1950.0,0,0,0,True,,
S10,406,harness,1.0,white_uav5,UAV,12575.0,525.0,0,0,0,True,,
S10,406,harness,1.0,white_uav2,UAV,16175.0,3325.0,0,0,0,True,,
S10,406,harness,1.0,white_uav1,UAV,16150.0,3925.0,0,0,0,True,,
S10,406,harness,1.0,white_uav10,UAV,17300.0,7250.0,0,0,0,True,,
S10,406,harness,1.0,white_uav9,UAV,16325.0,2675.0,0,0,0,True,,
S10,406,harness,1.0,white_uav8,UAV,16625.0,1000.0,0,0,0,True,,
S10,407,harness,1.0,white_usv5,USV,12425.0,1400.0,5,0,3,True,,
S10,407,harness,1.0,white_usv2,USV,12425.0,700.0,3,0,3,True,,
S10,407,harness,1.0,white_usv8,USV,12375.0,625.0,3,0,2,True,,
S10,407,harness,1.0,white_usv6,USV,12400.0,0.0,2,1,3,True,,
S10,407,harness,1.0,white_usv7,USV,12450.0,0.0,1,1,2,True,,
S10,407,harness,1.0,white_usv1,USV,12825.0,975.0,1,0,3,True,,
S10,407,harness,1.0,white_usv4,USV,13175.0,0.0,0,1,3,True,,
S10,407,harness,1.0,white_usv3,USV,12650.0,0.0,0,1,4,True,,
S10,407,harness,1.0,white_usv9,USV,13575.0,325.0,1,0,4,True,,
S10,407,harness,1.0,white_usv10,USV,13675.0,900.0,1,4,4,True,,
S10,407,harness,1.0,white_uav2,UAV,16825.0,8950.0,0,0,0,True,,
S10,407,harness,1.0,white_uav3,UAV,15925.0,3900.0,0,0,0,True,,
S10,407,harness,1.0,white_uav1,UAV,17125.0,4100.0,0,0,0,True,,
S10,407,harness,1.0,white_uav4,UAV,14525.0,3675.0,0,0,0,True,,
S10,407,harness,1.0,white_uav5,UAV,14050.0,3050.0,0,0,0,True,,
S10,407,harness,1.0,white_uav8,UAV,16550.0,7575.0,0,0,0,True,,
S10,407,harness,1.0,white_uav10,UAV,16925.0,6100.0,0,0,0,True,,
S10,407,harness,1.0,white_uav9,UAV,16400.0,1050.0,0,0,0,True,,
S10,407,harness,1.0,white_uav6,UAV,15250.0,2400.0,0,0,0,True,,
S10,407,harness,1.0,white_uav7,UAV,14125.0,400.0,0,0,0,True,,
S10,408,harness,1.0,white_usv2,USV,15750.0,1725.0,3,0,3,True,,
S10,408,harness,1.0,white_usv9,USV,14550.0,1325.0,3,0,4,True,,
S10,408,harness,1.0,white_usv3,USV,15575.0,0.0,3,0,2,True,,
S10,408,harness,1.0,white_usv4,USV,14750.0,0.0,3,3,3,True,,
S10,408,harness,1.0,white_usv7,USV,14275.0,0.0,2,0,2,True,,
S10,408,harness,1.0,white_usv8,USV,14500.0,0.0,1,0,4,True,,
S10,408,harness,1.0,white_usv10,USV,15050.0,950.0,1,2,4,True,,
S10,408,harness,1.0,white_usv1,USV,14200.0,1050.0,2,1,2,True,,
S10,408,harness,1.0,white_usv5,USV,15950.0,0.0,0,1,3,True,,
S10,408,harness,1.0,white_usv6,USV,14675.0,0.0,0,2,3,True,,
S10,408,harness,1.0,white_uav3,UAV,20725.0,12475.0,0,0,0,True,,
S10,408,harness,1.0,white_uav6,UAV,14225.0,9250.0,0,0,0,True,,
S10,408,harness,1.0,white_uav9,UAV,19850.0,9175.0,0,0,0,True,,
S10,408,harness,1.0,white_uav2,UAV,19500.0,6600.0,0,0,0,True,,
S10,408,harness,1.0,white_uav4,UAV,21050.0,3100.0,0,0,0,True,,
S10,408,harness,1.0,white_uav5,UAV,15125.0,2100.0,0,0,0,True,,
S10,408,harness,1.0,white_uav8,UAV,19200.0,3600.0,0,0,0,True,,
S10,408,harness,1.0,white_uav1,UAV,20775.0,4925.0,0,0,0,True,,
S10,408,harness,1.0,white_uav7,UAV,17275.0,1425.0,0,0,0,True,,
S10,408,harness,1.0,white_uav10,UAV,20625.0,6675.0,0,0,0,True,,
S10,409,harness,1.0,white_usv1,USV,14225.0,2475.0,2,0,2,True,,
S10,409,harness,1.0,white_usv3,USV,12725.0,200.0,2,1,2,True,,
S10,409,harness,1.0,white_usv2,USV,13150.0,0.0,2,1,3,True,,
S10,409,harness,1.0,white_usv5,USV,12750.0,250.0,2,2,2,False,8518,unknown
S10,409,harness,1.0,white_usv4,USV,12500.0,0.0,3,0,2,False,8518,unknown
S10,409,harness,1.0,white_usv8,USV,12900.0,600.0,3,1,3,False,9060,unknown
S10,409,harness,1.0,white_usv6,USV,13175.0,0.0,2,1,2,True,,
S10,409,harness,1.0,white_usv7,USV,13600.0,0.0,1,2,2,True,,
S10,409,harness,1.0,white_usv9,USV,12775.0,300.0,1,0,2,True,,
S10,409,harness,1.0,white_usv10,USV,12500.0,1075.0,0,1,2,True,,
S10,409,harness,1.0,white_uav1,UAV,20000.0,11475.0,0,0,0,True,,
S10,409,harness,1.0,white_uav4,UAV,15975.0,8825.0,0,0,0,True,,
S10,409,harness,1.0,white_uav7,UAV,15000.0,7500.0,0,0,0,True,,
S10,409,harness,1.0,white_uav10,UAV,19700.0,10450.0,0,0,0,True,,
S10,409,harness,1.0,white_uav2,UAV,19775.0,3175.0,0,0,0,True,,
S10,409,harness,1.0,white_uav6,UAV,14500.0,2500.0,0,0,0,True,,
S10,409,harness,1.0,white_uav9,UAV,19750.0,3850.0,0,0,0,True,,
S10,409,harness,1.0,white_uav3,UAV,19200.0,1225.0,0,0,0,True,,
S10,409,harness,1.0,white_uav5,UAV,13500.0,1550.0,0,0,0,True,,
S10,409,harness,1.0,white_uav8,UAV,19250.0,2675.0,0,0,0,True,,
S10,410,harness,1.0,white_usv3,USV,13950.0,1550.0,5,0,1,True,,
S10,410,harness,1.0,white_usv4,USV,13575.0,100.0,4,0,2,True,,
S10,410,harness,1.0,white_usv8,USV,12975.0,825.0,2,0,2,True,,
S10,410,harness,1.0,white_usv2,USV,13900.0,350.0,3,1,2,True,,
S10,410,harness,1.0,white_usv1,USV,12750.0,1025.0,1,2,2,True,,
S10,410,harness,1.0,white_usv5,USV,12875.0,0.0,1,1,3,True,,
S10,410,harness,1.0,white_usv6,USV,12850.0,0.0,1,1,2,True,,
S10,410,harness,1.0,white_usv7,USV,12775.0,0.0,1,2,2,True,,
S10,410,harness,1.0,white_usv9,USV,14025.0,350.0,1,1,1,True,,
S10,410,harness,1.0,white_usv10,USV,13425.0,1025.0,1,1,1,True,,
S10,410,harness,1.0,white_uav3,UAV,19225.0,12500.0,0,0,0,True,,
S10,410,harness,1.0,white_uav8,UAV,19075.0,9975.0,0,0,0,True,,
S10,410,harness,1.0,white_uav4,UAV,17150.0,3800.0,0,0,0,True,,
S10,410,harness,1.0,white_uav5,UAV,13775.0,2400.0,0,0,0,True,,
S10,410,harness,1.0,white_uav7,UAV,16900.0,2600.0,0,0,0,True,,
S10,410,harness,1.0,white_uav9,UAV,18525.0,4875.0,0,0,0,True,,
S10,410,harness,1.0,white_uav2,UAV,18525.0,4325.0,0,0,0,True,,
S10,410,harness,1.0,white_uav10,UAV,19675.0,5300.0,0,0,0,True,,
S10,410,harness,1.0,white_uav6,UAV,12275.0,375.0,0,0,0,True,,
S10,410,harness,1.0,white_uav1,UAV,19775.0,3825.0,0,0,0,True,,
S10,411,harness,1.0,white_usv1,USV,12800.0,2600.0,4,0,3,True,,
S10,411,harness,1.0,white_usv10,USV,12775.0,2400.0,4,2,2,False,8702,unknown
S10,411,harness,1.0,white_usv5,USV,12750.0,0.0,3,0,3,True,,
S10,411,harness,1.0,white_usv6,USV,12575.0,0.0,2,0,2,True,,
S10,411,harness,1.0,white_usv9,USV,12925.0,0.0,2,0,2,False,8702,unknown
S10,411,harness,1.0,white_usv2,USV,13425.0,0.0,1,1,3,True,,
S10,411,harness,1.0,white_usv7,USV,12925.0,0.0,0,0,3,True,,
S10,411,harness,1.0,white_usv8,USV,12900.0,0.0,1,1,1,False,8385,unknown
S10,411,harness,1.0,white_usv3,USV,12575.0,0.0,0,3,3,True,,
S10,411,harness,1.0,white_usv4,USV,12525.0,0.0,1,2,3,True,,
S10,411,harness,1.0,white_uav6,UAV,15050.0,10200.0,0,0,0,True,,
S10,411,harness,1.0,white_uav1,UAV,17975.0,8575.0,0,0,0,True,,
S10,411,harness,1.0,white_uav9,UAV,16150.0,7425.0,0,0,0,True,,
S10,411,harness,1.0,white_uav8,UAV,16025.0,2225.0,0,0,0,True,,
S10,411,harness,1.0,white_uav5,UAV,11925.0,3000.0,0,0,0,True,,
S10,411,harness,1.0,white_uav7,UAV,14650.0,675.0,0,0,0,True,,
S10,411,harness,1.0,white_uav2,UAV,18375.0,4575.0,0,0,0,True,,
S10,411,harness,1.0,white_uav3,UAV,18550.0,2800.0,0,0,0,True,,
S10,411,harness,1.0,white_uav10,UAV,17800.0,3525.0,0,0,0,True,,
S10,411,harness,1.0,white_uav4,UAV,16350.0,1000.0,0,0,0,True,,
S10,412,harness,1.0,white_usv5,USV,12500.0,1300.0,4,0,4,True,,
S10,412,harness,1.0,white_usv2,USV,12825.0,675.0,3,0,4,True,,
S10,412,harness,1.0,white_usv8,USV,12475.0,600.0,2,0,3,True,,
S10,412,harness,1.0,white_usv1,USV,13825.0,1000.0,2,0,3,True,,
S10,412,harness,1.0,white_usv4,USV,12625.0,0.0,1,1,4,True,,
S10,412,harness,1.0,white_usv3,USV,13525.0,0.0,2,3,4,True,,
S10,412,harness,1.0,white_usv6,USV,13775.0,0.0,2,0,2,True,,
S10,412,harness,1.0,white_usv7,USV,12775.0,0.0,1,3,3,True,,
S10,412,harness,1.0,white_usv9,USV,14175.0,300.0,1,2,2,True,,
S10,412,harness,1.0,white_usv10,USV,12425.0,1100.0,1,0,1,True,,
S10,412,harness,1.0,white_uav1,UAV,18925.0,10550.0,0,0,0,True,,
S10,412,harness,1.0,white_uav8,UAV,17550.0,9725.0,0,0,0,True,,
S10,412,harness,1.0,white_uav4,UAV,17525.0,8425.0,0,0,0,True,,
S10,412,harness,1.0,white_uav7,UAV,16625.0,2850.0,0,0,0,True,,
S10,412,harness,1.0,white_uav10,UAV,20300.0,7475.0,0,0,0,True,,
S10,412,harness,1.0,white_uav3,UAV,17850.0,2925.0,0,0,0,True,,
S10,412,harness,1.0,white_uav6,UAV,13925.0,1700.0,0,0,0,True,,
S10,412,harness,1.0,white_uav9,UAV,18750.0,1225.0,0,0,0,True,,
S10,412,harness,1.0,white_uav2,UAV,18700.0,2450.0,0,0,0,True,,
S10,412,harness,1.0,white_uav5,UAV,13600.0,425.0,0,0,0,True,,
S10,413,harness,1.0,white_usv1,USV,12425.0,2700.0,5,1,3,False,8994,unknown
S10,413,harness,1.0,white_usv7,USV,12950.0,925.0,3,0,2,False,8994,unknown
S10,413,harness,1.0,white_usv5,USV,12675.0,0.0,2,0,2,True,,
S10,413,harness,1.0,white_usv4,USV,12675.0,0.0,2,1,3,True,,
S10,413,harness,1.0,white_usv6,USV,12550.0,0.0,1,1,2,True,,
S10,413,harness,1.0,white_usv9,USV,13050.0,525.0,1,1,2,False,8994,unknown
S10,413,harness,1.0,white_usv3,USV,12925.0,0.0,1,1,2,False,8562,unknown
S10,413,harness,1.0,white_usv2,USV,12525.0,0.0,3,2,2,True,,
S10,413,harness,1.0,white_usv8,USV,12850.0,0.0,1,2,2,True,,
S10,413,harness,1.0,white_usv10,USV,13050.0,1025.0,1,1,1,True,,
S10,413,harness,1.0,white_uav1,UAV,17525.0,8825.0,0,0,0,True,,
S10,413,harness,1.0,white_uav9,UAV,16675.0,8675.0,0,0,0,True,,
S10,413,harness,1.0,white_uav8,UAV,15975.0,4500.0,0,0,0,True,,
S10,413,harness,1.0,white_uav6,UAV,12725.0,6250.0,0,0,0,True,,
S10,413,harness,1.0,white_uav7,UAV,12700.0,450.0,0,0,0,True,,
S10,413,harness,1.0,white_uav5,UAV,12200.0,3025.0,0,0,0,True,,
S10,413,harness,1.0,white_uav2,UAV,16475.0,3375.0,0,0,0,True,,
S10,413,harness,1.0,white_uav4,UAV,16175.0,2350.0,0,0,0,True,,
S10,413,harness,1.0,white_uav10,UAV,16525.0,3925.0,0,0,0,True,,
S10,413,harness,1.0,white_uav3,UAV,17050.0,500.0,0,0,0,True,,
S10,414,harness,1.0,white_usv1,USV,12500.0,2625.0,4,2,3,True,,
S10,414,harness,1.0,white_usv5,USV,12850.0,450.0,2,0,3,True,,
S10,414,harness,1.0,white_usv6,USV,12650.0,250.0,2,0,3,True,,
S10,414,harness,1.0,white_usv7,USV,13550.0,175.0,3,0,3,True,,
S10,414,harness,1.0,white_usv8,USV,12600.0,175.0,1,3,3,True,,
S10,414,harness,1.0,white_usv4,USV,12850.0,0.0,2,0,3,False,8859,unknown
S10,414,harness,1.0,white_usv2,USV,12550.0,0.0,1,2,4,True,,
S10,414,harness,1.0,white_usv3,USV,12475.0,0.0,2,1,3,True,,
S10,414,harness,1.0,white_usv9,USV,12775.0,300.0,1,1,2,True,,
S10,414,harness,1.0,white_usv10,USV,12800.0,1000.0,0,0,2,True,,
S10,414,harness,1.0,white_uav7,UAV,19475.0,10450.0,0,0,0,True,,
S10,414,harness,1.0,white_uav1,UAV,18375.0,9400.0,0,0,0,True,,
S10,414,harness,1.0,white_uav3,UAV,17100.0,6425.0,0,0,0,True,,
S10,414,harness,1.0,white_uav6,UAV,13600.0,2800.0,0,0,0,True,,
S10,414,harness,1.0,white_uav10,UAV,19950.0,8475.0,0,0,0,True,,
S10,414,harness,1.0,white_uav2,UAV,17775.0,1275.0,0,0,0,True,,
S10,414,harness,1.0,white_uav9,UAV,18800.0,4425.0,0,0,0,True,,
S10,414,harness,1.0,white_uav4,UAV,15800.0,2175.0,0,0,0,True,,
S10,414,harness,1.0,white_uav8,UAV,18075.0,1000.0,0,0,0,True,,
S10,414,harness,1.0,white_uav5,UAV,12900.0,475.0,0,0,0,True,,
S10,415,harness,1.0,white_usv1,USV,12825.0,2525.0,6,0,2,False,8961,unknown
S10,415,harness,1.0,white_usv3,USV,14450.0,225.0,3,0,2,True,,
S10,415,harness,1.0,white_usv4,USV,13875.0,100.0,2,2,3,True,,
S10,415,harness,1.0,white_usv9,USV,13250.0,1075.0,2,0,3,True,,
S10,415,harness,1.0,white_usv2,USV,15350.0,0.0,1,0,1,True,,
S10,415,harness,1.0,white_usv8,USV,12700.0,0.0,2,1,3,True,,
S10,415,harness,1.0,white_usv6,USV,13650.0,0.0,1,0,3,True,,
S10,415,harness,1.0,white_usv7,USV,12850.0,0.0,0,3,3,True,,
S10,415,harness,1.0,white_usv10,USV,12950.0,925.0,2,1,1,False,8961,unknown
S10,415,harness,1.0,white_usv5,USV,15375.0,0.0,1,1,1,True,,
S10,415,harness,1.0,white_uav7,UAV,19325.0,11725.0,0,0,0,True,,
S10,415,harness,1.0,white_uav4,UAV,17200.0,9500.0,0,0,0,True,,
S10,415,harness,1.0,white_uav5,UAV,13100.0,2400.0,0,0,0,True,,
S10,415,harness,1.0,white_uav1,UAV,20750.0,10450.0,0,0,0,True,,
S10,415,harness,1.0,white_uav3,UAV,20425.0,4325.0,0,0,0,True,,
S10,415,harness,1.0,white_uav8,UAV,16475.0,4675.0,0,0,0,True,,
S10,415,harness,1.0,white_uav2,UAV,19500.0,2500.0,0,0,0,True,,
S10,415,harness,1.0,white_uav9,UAV,20025.0,6050.0,0,0,0,True,,
S10,415,harness,1.0,white_uav6,UAV,13550.0,1000.0,0,0,0,True,,
S10,415,harness,1.0,white_uav10,UAV,20400.0,5125.0,0,0,0,True,,
S10,416,harness,1.0,white_usv2,USV,13300.0,1600.0,4,0,2,False,9619,unknown
S10,416,harness,1.0,white_usv4,USV,12525.0,225.0,4,2,2,True,,
S10,416,harness,1.0,white_usv3,USV,13625.0,0.0,3,0,2,True,,
S10,416,harness,1.0,white_usv10,USV,12775.0,2075.0,3,1,2,False,8688,unknown
S10,416,harness,1.0,white_usv1,USV,13450.0,1000.0,2,0,1,True,,
S10,416,harness,1.0,white_usv5,USV,13175.0,0.0,2,2,2,False,9619,unknown
S10,416,harness,1.0,white_usv6,USV,13900.0,0.0,0,1,2,True,,
S10,416,harness,1.0,white_usv7,USV,12850.0,0.0,0,1,1,False,9619,unknown
S10,416,harness,1.0,white_usv8,USV,13325.0,0.0,1,1,1,False,8468,unknown
S10,416,harness,1.0,white_usv9,USV,12700.0,0.0,1,2,2,False,9619,unknown
S10,416,harness,1.0,white_uav3,UAV,18525.0,12650.0,0,0,0,True,,
S10,416,harness,1.0,white_uav9,UAV,17600.0,8400.0,0,0,0,True,,
S10,416,harness,1.0,white_uav8,UAV,17775.0,4500.0,0,0,0,True,,
S10,416,harness,1.0,white_uav6,UAV,11925.0,5400.0,0,0,0,True,,
S10,416,harness,1.0,white_uav2,UAV,19200.0,5100.0,0,0,0,True,,
S10,416,harness,1.0,white_uav5,UAV,15400.0,1950.0,0,0,0,True,,
S10,416,harness,1.0,white_uav7,UAV,16800.0,1800.0,0,0,0,True,,
S10,416,harness,1.0,white_uav4,UAV,16050.0,525.0,0,0,0,True,,
S10,416,harness,1.0,white_uav1,UAV,19225.0,3975.0,0,0,0,True,,
S10,416,harness,1.0,white_uav10,UAV,18450.0,4025.0,0,0,0,True,,
S10,417,harness,1.0,white_usv2,USV,16450.0,1750.0,5,0,2,True,,
S10,417,harness,1.0,white_usv5,USV,17425.0,425.0,1,0,2,True,,
S10,417,harness,1.0,white_usv8,USV,13125.0,625.0,2,0,2,False,9085,unknown
S10,417,harness,1.0,white_usv4,USV,16225.0,0.0,5,1,3,True,,
S10,417,harness,1.0,white_usv3,USV,15100.0,0.0,2,1,3,True,,
S10,417,harness,1.0,white_usv6,USV,16850.0,0.0,1,3,3,True,,
S10,417,harness,1.0,white_usv7,USV,17400.0,0.0,1,1,1,True,,
S10,417,harness,1.0,white_usv9,USV,17950.0,350.0,1,1,1,True,,
S10,417,harness,1.0,white_usv10,USV,16750.0,1050.0,2,1,2,True,,
S10,417,harness,1.0,white_usv1,USV,17200.0,950.0,0,1,1,True,,
S10,417,harness,1.0,white_uav1,UAV,30525.0,9300.0,0,0,0,True,,
S10,417,harness,1.0,white_uav4,UAV,19650.0,9800.0,0,0,0,True,,
S10,417,harness,1.0,white_uav7,UAV,20200.0,9550.0,0,0,0,True,,
S10,417,harness,1.0,white_uav10,UAV,26225.0,9550.0,0,0,0,True,,
S10,417,harness,1.0,white_uav5,UAV,17900.0,3500.0,0,0,0,True,,
S10,417,harness,1.0,white_uav3,UAV,20300.0,3125.0,0,0,0,True,,
S10,417,harness,1.0,white_uav6,UAV,14050.0,900.0,0,0,0,True,,
S10,417,harness,1.0,white_uav9,UAV,22600.0,3175.0,0,0,0,True,,
S10,417,harness,1.0,white_uav8,UAV,21600.0,950.0,0,0,0,True,,
S10,417,harness,1.0,white_uav2,UAV,23725.0,4525.0,0,0,0,True,,
S10,418,harness,1.0,white_usv1,USV,17025.0,2575.0,5,0,3,True,,
S10,418,harness,1.0,white_usv7,USV,12800.0,950.0,2,0,2,False,8938,unknown
S10,418,harness,1.0,white_usv8,USV,15450.0,225.0,2,0,3,True,,
S10,418,harness,1.0,white_usv10,USV,13175.0,1350.0,2,2,3,False,8938,unknown
S10,418,harness,1.0,white_usv4,USV,17000.0,0.0,2,0,4,True,,
S10,418,harness,1.0,white_usv3,USV,12750.0,0.0,2,0,3,False,8938,unknown
S10,418,harness,1.0,white_usv2,USV,16850.0,0.0,2,3,3,True,,
S10,418,harness,1.0,white_usv5,USV,15375.0,0.0,1,0,2,True,,
S10,418,harness,1.0,white_usv6,USV,12525.0,0.0,0,2,3,False,8938,unknown
S10,418,harness,1.0,white_usv9,USV,16350.0,0.0,1,2,2,True,,
S10,418,harness,1.0,white_uav1,UAV,25850.0,9200.0,0,0,0,True,,
S10,418,harness,1.0,white_uav6,UAV,25375.0,12650.0,0,0,0,True,,
S10,418,harness,1.0,white_uav2,UAV,28625.0,9000.0,0,0,0,True,,
S10,418,harness,1.0,white_uav10,UAV,32475.0,20750.0,0,0,0,True,,
S10,418,harness,1.0,white_uav5,UAV,25050.0,4925.0,0,0,0,True,,
S10,418,harness,1.0,white_uav8,UAV,23150.0,6225.0,0,0,0,True,,
S10,418,harness,1.0,white_uav4,UAV,26950.0,4125.0,0,0,0,True,,
S10,418,harness,1.0,white_uav9,UAV,22750.0,1875.0,0,0,0,True,,
S10,418,harness,1.0,white_uav3,UAV,28425.0,2675.0,0,0,0,True,,
S10,418,harness,1.0,white_uav7,UAV,26650.0,925.0,0,0,0,True,,
S10,419,harness,1.0,white_usv7,USV,15550.0,1300.0,5,0,3,True,,
S10,419,harness,1.0,white_usv4,USV,16950.0,550.0,3,0,4,True,,
S10,419,harness,1.0,white_usv2,USV,15850.0,450.0,2,1,3,True,,
S10,419,harness,1.0,white_usv5,USV,14950.0,0.0,1,1,4,True,,
S10,419,harness,1.0,white_usv6,USV,12700.0,0.0,1,0,2,False,8299,unknown
S10,419,harness,1.0,white_usv8,USV,15800.0,175.0,3,1,3,True,,
S10,419,harness,1.0,white_usv9,USV,15550.0,275.0,2,1,2,True,,
S10,419,harness,1.0,white_usv1,USV,14750.0,1100.0,1,1,2,True,,
S10,419,harness,1.0,white_usv3,USV,14700.0,0.0,1,2,2,True,,
S10,419,harness,1.0,white_usv10,USV,15575.0,1100.0,1,3,3,True,,
S10,419,harness,1.0,white_uav4,UAV,40075.0,22175.0,0,0,0,True,,
S10,419,harness,1.0,white_uav10,UAV,39525.0,24950.0,0,0,0,True,,
S10,419,harness,1.0,white_uav2,UAV,36175.0,12000.0,0,0,0,True,,
S10,419,harness,1.0,white_uav8,UAV,34850.0,12400.0,0,0,0,True,,
S10,419,harness,1.0,white_uav3,UAV,36825.0,5150.0,0,0,0,True,,
S10,419,harness,1.0,white_uav9,UAV,31850.0,5325.0,0,0,0,True,,
S10,419,harness,1.0,white_uav7,UAV,33950.0,5700.0,0,0,0,True,,
S10,419,harness,1.0,white_uav6,UAV,28675.0,3550.0,0,0,0,True,,
S10,419,harness,1.0,white_uav1,UAV,34400.0,5950.0,0,0,0,True,,
S10,419,harness,1.0,white_uav5,UAV,34300.0,6975.0,0,0,0,True,,
S10,420,harness,1.0,white_usv5,USV,12500.0,1300.0,4,0,3,True,,
S10,420,harness,1.0,white_usv6,USV,12825.0,250.0,3,0,3,True,,
S10,420,harness,1.0,white_usv8,USV,12775.0,350.0,3,0,3,True,,
S10,420,harness,1.0,white_usv9,USV,13275.0,425.0,2,1,3,True,,
S10,420,harness,1.0,white_usv4,USV,12800.0,175.0,2,0,3,True,,
S10,420,harness,1.0,white_usv2,USV,13850.0,600.0,2,3,3,True,,
S10,420,harness,1.0,white_usv7,USV,12875.0,0.0,1,3,3,True,,
S10,420,harness,1.0,white_usv10,USV,12525.0,950.0,1,0,2,True,,
S10,420,harness,1.0,white_usv1,USV,14025.0,850.0,0,1,2,True,,
S10,420,harness,1.0,white_usv3,USV,13425.0,0.0,1,1,1,True,,
S10,420,harness,1.0,white_uav6,UAV,18525.0,10575.0,0,0,0,True,,
S10,420,harness,1.0,white_uav2,UAV,17825.0,7025.0,0,0,0,True,,
S10,420,harness,1.0,white_uav8,UAV,17000.0,6175.0,0,0,0,True,,
S10,420,harness,1.0,white_uav7,UAV,16950.0,1025.0,0,0,0,True,,
S10,420,harness,1.0,white_uav1,UAV,17800.0,3575.0,0,0,0,True,,
S10,420,harness,1.0,white_uav9,UAV,17125.0,4300.0,0,0,0,True,,
S10,420,harness,1.0,white_uav4,UAV,13800.0,4225.0,0,0,0,True,,
S10,420,harness,1.0,white_uav10,UAV,18425.0,3925.0,0,0,0,True,,
S10,420,harness,1.0,white_uav3,UAV,17275.0,725.0,0,0,0,True,,
S10,420,harness,1.0,white_uav5,UAV,13475.0,450.0,0,0,0,True,,
S10,421,harness,1.0,white_usv4,USV,15425.0,1450.0,1,0,2,True,,
S10,421,harness,1.0,white_usv7,USV,16550.0,600.0,6,0,3,True,,
S10,421,harness,1.0,white_usv10,USV,14125.0,1600.0,2,0,2,True,,
S10,421,harness,1.0,white_usv2,USV,16475.0,575.0,2,0,2,True,,
S10,421,harness,1.0,white_usv1,USV,14375.0,1025.0,3,1,3,True,,
S10,421,harness,1.0,white_usv5,USV,15950.0,0.0,1,0,2,True,,
S10,421,harness,1.0,white_usv6,USV,16500.0,0.0,1,1,2,True,,
S10,421,harness,1.0,white_usv8,USV,15300.0,0.0,2,1,2,True,,
S10,421,harness,1.0,white_usv9,USV,12950.0,0.0,1,3,3,False,9685,unknown
S10,421,harness,1.0,white_usv3,USV,15075.0,0.0,0,3,3,True,,
S10,421,harness,1.0,white_uav3,UAV,22850.0,10750.0,0,0,0,True,,
S10,421,harness,1.0,white_uav6,UAV,19575.0,8450.0,0,0,0,True,,
S10,421,harness,1.0,white_uav9,UAV,21550.0,10575.0,0,0,0,True,,
S10,421,harness,1.0,white_uav10,UAV,20675.0,6875.0,0,0,0,True,,
S10,421,harness,1.0,white_uav4,UAV,16450.0,3925.0,0,0,0,True,,
S10,421,harness,1.0,white_uav2,UAV,21025.0,8125.0,0,0,0,True,,
S10,421,harness,1.0,white_uav5,UAV,14750.0,500.0,0,0,0,True,,
S10,421,harness,1.0,white_uav8,UAV,20675.0,5525.0,0,0,0,True,,
S10,421,harness,1.0,white_uav7,UAV,20050.0,2275.0,0,0,0,True,,
S10,421,harness,1.0,white_uav1,UAV,19325.0,4625.0,0,0,0,True,,
S10,422,harness,1.0,white_usv2,USV,12500.0,1900.0,2,0,3,True,,
S10,422,harness,1.0,white_usv5,USV,13250.0,500.0,1,1,3,True,,
S10,422,harness,1.0,white_usv8,USV,12575.0,675.0,2,0,3,True,,
S10,422,harness,1.0,white_usv10,USV,12700.0,1300.0,2,0,3,True,,
S10,422,harness,1.0,white_usv4,USV,12525.0,0.0,2,1,3,True,,
S10,422,harness,1.0,white_usv3,USV,12675.0,0.0,2,0,2,False,8453,unknown
S10,422,harness,1.0,white_usv6,USV,12625.0,0.0,2,1,2,False,8453,unknown
S10,422,harness,1.0,white_usv7,USV,12825.0,0.0,1,1,2,True,,
S10,422,harness,1.0,white_usv9,USV,12725.0,0.0,2,2,3,True,,
S10,422,harness,1.0,white_usv1,USV,12525.0,1000.0,1,2,3,True,,
S10,422,harness,1.0,white_uav4,UAV,18200.0,10950.0,0,0,0,True,,
S10,422,harness,1.0,white_uav7,UAV,13975.0,6800.0,0,0,0,True,,
S10,422,harness,1.0,white_uav10,UAV,17475.0,8200.0,0,0,0,True,,
S10,422,harness,1.0,white_uav5,UAV,14850.0,2725.0,0,0,0,True,,
S10,422,harness,1.0,white_uav3,UAV,18025.0,4650.0,0,0,0,True,,
S10,422,harness,1.0,white_uav6,UAV,11450.0,675.0,0,0,0,True,,
S10,422,harness,1.0,white_uav9,UAV,17325.0,2500.0,0,0,0,True,,
S10,422,harness,1.0,white_uav1,UAV,20775.0,7475.0,0,0,0,True,,
S10,422,harness,1.0,white_uav8,UAV,17800.0,1000.0,0,0,0,True,,
S10,422,harness,1.0,white_uav2,UAV,18550.0,900.0,0,0,0,True,,
S10,423,harness,1.0,white_usv5,USV,12900.0,1300.0,4,0,3,True,,
S10,423,harness,1.0,white_usv8,USV,14200.0,600.0,4,0,2,True,,
S10,423,harness,1.0,white_usv1,USV,12800.0,1650.0,2,0,3,True,,
S10,423,harness,1.0,white_usv3,USV,12700.0,0.0,3,3,4,False,9418,unknown
S10,423,harness,1.0,white_usv4,USV,12975.0,0.0,3,0,2,False,9418,unknown
S10,423,harness,1.0,white_usv2,USV,12625.0,0.0,2,1,2,True,,
S10,423,harness,1.0,white_usv7,USV,13725.0,0.0,0,3,3,True,,
S10,423,harness,1.0,white_usv9,USV,14250.0,300.0,1,1,1,True,,
S10,423,harness,1.0,white_usv6,USV,12975.0,0.0,1,1,1,False,8373,unknown
S10,423,harness,1.0,white_usv10,USV,14125.0,1075.0,0,1,1,True,,
S10,423,harness,1.0,white_uav2,UAV,18450.0,10900.0,0,0,0,True,,
S10,423,harness,1.0,white_uav4,UAV,15375.0,7350.0,0,0,0,True,,
S10,423,harness,1.0,white_uav3,UAV,18625.0,1925.0,0,0,0,True,,
S10,423,harness,1.0,white_uav7,UAV,17125.0,8750.0,0,0,0,True,,
S10,423,harness,1.0,white_uav5,UAV,13350.0,1825.0,0,0,0,True,,
S10,423,harness,1.0,white_uav9,UAV,18700.0,7625.0,0,0,0,True,,
S10,423,harness,1.0,white_uav6,UAV,12325.0,525.0,0,0,0,True,,
S10,423,harness,1.0,white_uav8,UAV,18975.0,1200.0,0,0,0,True,,
S10,423,harness,1.0,white_uav10,UAV,19175.0,4375.0,0,0,0,True,,
S10,423,harness,1.0,white_uav1,UAV,18850.0,4700.0,0,0,0,True,,
S10,424,harness,1.0,white_usv2,USV,17725.0,1825.0,1,0,1,True,,
S10,424,harness,1.0,white_usv9,USV,17425.0,1425.0,1,1,2,True,,
S10,424,harness,1.0,white_usv4,USV,16950.0,0.0,8,2,4,True,,
S10,424,harness,1.0,white_usv6,USV,17150.0,0.0,3,0,3,True,,
S10,424,harness,1.0,white_usv7,USV,17750.0,0.0,1,0,2,True,,
S10,424,harness,1.0,white_usv8,USV,19300.0,0.0,3,2,3,True,,
S10,424,harness,1.0,white_usv10,USV,19525.0,950.0,1,1,1,True,,
S10,424,harness,1.0,white_usv1,USV,18100.0,1025.0,1,2,2,True,,
S10,424,harness,1.0,white_usv3,USV,17900.0,0.0,0,0,0,True,,
S10,424,harness,1.0,white_usv5,USV,18375.0,25.0,1,2,2,True,,
S10,424,harness,1.0,white_uav1,UAV,29650.0,10025.0,0,0,0,True,,
S10,424,harness,1.0,white_uav6,UAV,25050.0,10550.0,0,0,0,True,,
S10,424,harness,1.0,white_uav8,UAV,24025.0,8600.0,0,0,0,True,,
S10,424,harness,1.0,white_uav2,UAV,24400.0,9025.0,0,0,0,True,,
S10,424,harness,1.0,white_uav4,UAV,20450.0,5275.0,0,0,0,True,,
S10,424,harness,1.0,white_uav5,UAV,20100.0,1000.0,0,0,0,True,,
S10,424,harness,1.0,white_uav7,UAV,23225.0,1450.0,0,0,0,True,,
S10,424,harness,1.0,white_uav3,UAV,22125.0,3750.0,0,0,0,True,,
S10,424,harness,1.0,white_uav9,UAV,26400.0,4025.0,0,0,0,True,,
S10,424,harness,1.0,white_uav10,UAV,29725.0,8700.0,0,0,0,True,,
S10,425,harness,1.0,white_usv4,USV,12550.0,1450.0,3,0,2,True,,
S10,425,harness,1.0,white_usv8,USV,12950.0,800.0,4,0,3,True,,
S10,425,harness,1.0,white_usv9,USV,13975.0,350.0,3,2,3,True,,
S10,425,harness,1.0,white_usv10,USV,13300.0,950.0,2,0,1,True,,
S10,425,harness,1.0,white_usv1,USV,12600.0,1550.0,1,1,1,True,,
S10,425,harness,1.0,white_usv3,USV,12700.0,0.0,1,2,2,True,,
S10,425,harness,1.0,white_usv5,USV,13550.0,0.0,2,1,2,True,,
S10,425,harness,1.0,white_usv6,USV,13250.0,0.0,2,0,2,True,,
S10,425,harness,1.0,white_usv2,USV,12575.0,0.0,1,2,2,True,,
S10,425,harness,1.0,white_usv7,USV,13925.0,0.0,1,1,1,True,,
S10,425,harness,1.0,white_uav9,UAV,17975.0,11100.0,0,0,0,True,,
S10,425,harness,1.0,white_uav10,UAV,17350.0,5400.0,0,0,0,True,,
S10,425,harness,1.0,white_uav1,UAV,18875.0,8350.0,0,0,0,True,,
S10,425,harness,1.0,white_uav6,UAV,13975.0,7550.0,0,0,0,True,,
S10,425,harness,1.0,white_uav5,UAV,14775.0,3000.0,0,0,0,True,,
S10,425,harness,1.0,white_uav8,UAV,17375.0,2725.0,0,0,0,True,,
S10,425,harness,1.0,white_uav7,UAV,14000.0,500.0,0,0,0,True,,
S10,425,harness,1.0,white_uav4,UAV,18025.0,3050.0,0,0,0,True,,
S10,425,harness,1.0,white_uav2,UAV,20650.0,5375.0,0,0,0,True,,
S10,425,harness,1.0,white_uav3,UAV,19775.0,1175.0,0,0,0,True,,
S10,426,harness,1.0,white_usv1,USV,16600.0,2750.0,2,1,2,True,,
S10,426,harness,1.0,white_usv4,USV,16775.0,425.0,2,1,3,True,,
S10,426,harness,1.0,white_usv7,USV,15650.0,625.0,5,0,2,True,,
S10,426,harness,1.0,white_usv10,USV,15925.0,1550.0,1,0,2,True,,
S10,426,harness,1.0,white_usv3,USV,12775.0,0.0,1,0,2,False,8420,unknown
S10,426,harness,1.0,white_usv5,USV,12850.0,0.0,1,1,3,False,8788,unknown
S10,426,harness,1.0,white_usv2,USV,16900.0,0.0,2,2,3,True,,
S10,426,harness,1.0,white_usv6,USV,15625.0,0.0,4,0,3,True,,
S10,426,harness,1.0,white_usv8,USV,16600.0,0.0,2,3,3,True,,
S10,426,harness,1.0,white_usv9,USV,16000.0,0.0,0,2,2,True,,
S10,426,harness,1.0,white_uav3,UAV,26225.0,11250.0,0,0,0,True,,
S10,426,harness,1.0,white_uav6,UAV,22500.0,9800.0,0,0,0,True,,
S10,426,harness,1.0,white_uav9,UAV,23500.0,10525.0,0,0,0,True,,
S10,426,harness,1.0,white_uav8,UAV,20075.0,2925.0,0,0,0,True,,
S10,426,harness,1.0,white_uav4,UAV,22275.0,4575.0,0,0,0,True,,
S10,426,harness,1.0,white_uav7,UAV,20525.0,1725.0,0,0,0,True,,
S10,426,harness,1.0,white_uav2,UAV,23625.0,7625.0,0,0,0,True,,
S10,426,harness,1.0,white_uav5,UAV,21200.0,700.0,0,0,0,True,,
S10,426,harness,1.0,white_uav10,UAV,26225.0,9575.0,0,0,0,True,,
S10,426,harness,1.0,white_uav1,UAV,27075.0,4950.0,0,0,0,True,,
S10,427,harness,1.0,white_usv2,USV,13225.0,1775.0,3,0,2,True,,
S10,427,harness,1.0,white_usv5,USV,13150.0,375.0,3,0,1,True,,
S10,427,harness,1.0,white_usv8,USV,12525.0,625.0,3,1,3,True,,
S10,427,harness,1.0,white_usv1,USV,13300.0,1000.0,2,1,2,True,,
S10,427,harness,1.0,white_usv4,USV,13100.0,0.0,2,0,2,True,,
S10,427,harness,1.0,white_usv3,USV,13475.0,0.0,1,2,2,True,,
S10,427,harness,1.0,white_usv6,USV,12550.0,0.0,3,1,1,True,,
S10,427,harness,1.0,white_usv7,USV,12925.0,0.0,1,1,2,True,,
S10,427,harness,1.0,white_usv9,USV,12550.0,375.0,1,1,3,False,8990,unknown
S10,427,harness,1.0,white_usv10,USV,12450.0,1025.0,1,2,2,False,8990,unknown
S10,427,harness,1.0,white_uav1,UAV,18400.0,10025.0,0,0,0,True,,
S10,427,harness,1.0,white_uav4,UAV,17400.0,10000.0,0,0,0,True,,
S10,427,harness,1.0,white_uav7,UAV,16950.0,7225.0,0,0,0,True,,
S10,427,harness,1.0,white_uav8,UAV,18400.0,3425.0,0,0,0,True,,
S10,427,harness,1.0,white_uav6,UAV,13275.0,2200.0,0,0,0,True,,
S10,427,harness,1.0,white_uav9,UAV,17875.0,3300.0,0,0,0,True,,
S10,427,harness,1.0,white_uav5,UAV,12250.0,600.0,0,0,0,True,,
S10,427,harness,1.0,white_uav3,UAV,18625.0,3775.0,0,0,0,True,,
S10,427,harness,1.0,white_uav10,UAV,17700.0,3250.0,0,0,0,True,,
S10,427,harness,1.0,white_uav2,UAV,18075.0,1425.0,0,0,0,True,,
S10,428,harness,1.0,white_usv5,USV,12850.0,1250.0,2,0,2,False,8552,unknown
S10,428,harness,1.0,white_usv6,USV,12650.0,200.0,2,0,2,False,8552,unknown
S10,428,harness,1.0,white_usv9,USV,12550.0,675.0,1,0,3,True,,
S10,428,harness,1.0,white_usv2,USV,12625.0,675.0,1,1,3,True,,
S10,428,harness,1.0,white_usv3,USV,12800.0,0.0,2,1,2,False,8552,unknown
S10,428,harness,1.0,white_usv1,USV,12625.0,1075.0,2,0,2,True,,
S10,428,harness,1.0,white_usv8,USV,12500.0,0.0,2,0,3,True,,
S10,428,harness,1.0,white_usv10,USV,12725.0,1075.0,0,0,1,True,,
S10,428,harness,1.0,white_usv4,USV,12550.0,0.0,1,2,2,True,,
S10,428,harness,1.0,white_usv7,USV,12700.0,0.0,1,3,3,True,,
S10,428,harness,1.0,white_uav1,UAV,17175.0,9650.0,0,0,0,True,,
S10,428,harness,1.0,white_uav5,UAV,12300.0,8600.0,0,0,0,True,,
S10,428,harness,1.0,white_uav6,UAV,11975.0,3475.0,0,0,0,True,,
S10,428,harness,1.0,white_uav8,UAV,16875.0,6225.0,0,0,0,True,,
S10,428,harness,1.0,white_uav4,UAV,15200.0,3275.0,0,0,0,True,,
S10,428,harness,1.0,white_uav7,UAV,15175.0,675.0,0,0,0,True,,
S10,428,harness,1.0,white_uav9,UAV,16125.0,3300.0,0,0,0,True,,
S10,428,harness,1.0,white_uav3,UAV,17575.0,2400.0,0,0,0,True,,
S10,428,harness,1.0,white_uav2,UAV,16325.0,725.0,0,0,0,True,,
S10,428,harness,1.0,white_uav10,UAV,17350.0,3750.0,0,0,0,True,,
S10,429,harness,1.0,white_usv10,USV,12700.0,2725.0,4,0,2,True,,
S10,429,harness,1.0,white_usv3,USV,12625.0,1200.0,3,0,3,True,,
S10,429,harness,1.0,white_usv7,USV,13650.0,0.0,3,1,3,True,,
S10,429,harness,1.0,white_usv4,USV,12500.0,0.0,2,0,2,True,,
S10,429,harness,1.0,white_usv5,USV,12550.0,0.0,2,1,2,True,,
S10,429,harness,1.0,white_usv8,USV,13525.0,0.0,0,0,3,True,,
S10,429,harness,1.0,white_usv9,USV,12925.0,0.0,1,2,3,True,,
S10,429,harness,1.0,white_usv1,USV,12625.0,1350.0,2,2,2,True,,
S10,429,harness,1.0,white_usv2,USV,12525.0,0.0,0,2,2,True,,
S10,429,harness,1.0,white_usv6,USV,12900.0,0.0,1,0,1,True,,
S10,429,harness,1.0,white_uav2,UAV,18700.0,11800.0,0,0,0,True,,
S10,429,harness,1.0,white_uav6,UAV,12275.0,8575.0,0,0,0,True,,
S10,429,harness,1.0,white_uav8,UAV,18500.0,7200.0,0,0,0,True,,
S10,429,harness,1.0,white_uav7,UAV,16925.0,700.0,0,0,0,True,,
S10,429,harness,1.0,white_uav10,UAV,18850.0,6725.0,0,0,0,True,,
S10,429,harness,1.0,white_uav1,UAV,20025.0,4600.0,0,0,0,True,,
S10,429,harness,1.0,white_uav4,UAV,16600.0,4425.0,0,0,0,True,,
S10,429,harness,1.0,white_uav3,UAV,19200.0,1775.0,0,0,0,True,,
S10,429,harness,1.0,white_uav5,UAV,12125.0,225.0,0,0,0,True,,
S10,429,harness,1.0,white_uav9,UAV,17850.0,1200.0,0,0,0,True,,
S10,430,harness,1.0,white_usv2,USV,13200.0,1800.0,4,0,1,False,8459,unknown
S10,430,harness,1.0,white_usv3,USV,14425.0,125.0,4,0,2,True,,
S10,430,harness,1.0,white_usv7,USV,13400.0,675.0,3,0,3,True,,
S10,430,harness,1.0,white_usv8,USV,13425.0,225.0,3,1,2,True,,
S10,430,harness,1.0,white_usv10,USV,12700.0,1375.0,1,0,2,True,,
S10,430,harness,1.0,white_usv1,USV,15250.0,950.0,0,0,2,True,,
S10,430,harness,1.0,white_usv5,USV,15125.0,0.0,1,2,3,True,,
S10,430,harness,1.0,white_usv9,USV,13350.0,0.0,1,1,3,True,,
S10,430,harness,1.0,white_usv4,USV,13825.0,0.0,1,2,2,True,,
S10,430,harness,1.0,white_usv6,USV,12975.0,0.0,0,2,2,False,8901,unknown
S10,430,harness,1.0,white_uav2,UAV,20350.0,14175.0,0,0,0,True,,
S10,430,harness,1.0,white_uav9,UAV,18325.0,8750.0,0,0,0,True,,
S10,430,harness,1.0,white_uav8,UAV,18125.0,3975.0,0,0,0,True,,
S10,430,harness,1.0,white_uav6,UAV,17150.0,7600.0,0,0,0,True,,
S10,430,harness,1.0,white_uav4,UAV,18175.0,5025.0,0,0,0,True,,
S10,430,harness,1.0,white_uav3,UAV,20175.0,4050.0,0,0,0,True,,
S10,430,harness,1.0,white_uav1,UAV,19750.0,6275.0,0,0,0,True,,
S10,430,harness,1.0,white_uav10,UAV,19600.0,5375.0,0,0,0,True,,
S10,430,harness,1.0,white_uav7,UAV,19000.0,1750.0,0,0,0,True,,
S10,430,harness,1.0,white_uav5,UAV,16200.0,525.0,0,0,0,True,,
S10,401,harness,0,white_usv4,USV,14775.0,1450.0,6,0,3,True,,
S10,401,harness,0,white_usv7,USV,13025.0,600.0,3,1,3,True,,
S10,401,harness,0,white_usv10,USV,15700.0,1500.0,1,0,2,True,,
S10,401,harness,0,white_usv1,USV,14025.0,1600.0,3,1,2,True,,
S10,401,harness,0,white_usv5,USV,14850.0,0.0,1,0,2,True,,
S10,401,harness,0,white_usv3,USV,14100.0,0.0,2,0,2,True,,
S10,401,harness,0,white_usv2,USV,14700.0,0.0,2,1,3,True,,
S10,401,harness,0,white_usv6,USV,14525.0,0.0,1,1,2,True,,
S10,401,harness,0,white_usv8,USV,14000.0,0.0,0,3,4,True,,
S10,401,harness,0,white_usv9,USV,14350.0,0.0,0,2,2,True,,
S10,401,harness,0,white_uav3,UAV,18825.0,11475.0,0,0,0,True,,
S10,401,harness,0,white_uav4,UAV,17450.0,4750.0,0,0,0,True,,
S10,401,harness,0,white_uav6,UAV,18725.0,7325.0,0,0,0,True,,
S10,401,harness,0,white_uav9,UAV,20200.0,9350.0,0,0,0,True,,
S10,401,harness,0,white_uav2,UAV,21075.0,8075.0,0,0,0,True,,
S10,401,harness,0,white_uav8,UAV,19675.0,4150.0,0,0,0,True,,
S10,401,harness,0,white_uav7,UAV,18825.0,1800.0,0,0,0,True,,
S10,401,harness,0,white_uav1,UAV,20975.0,4850.0,0,0,0,True,,
S10,401,harness,0,white_uav10,UAV,19825.0,4650.0,0,0,0,True,,
S10,401,harness,0,white_uav5,UAV,17125.0,1025.0,0,0,0,True,,
S10,402,harness,0,white_usv2,USV,13025.0,1550.0,5,0,2,True,,
S10,402,harness,0,white_usv5,USV,13650.0,375.0,4,0,3,True,,
S10,402,harness,0,white_usv4,USV,12550.0,0.0,2,0,2,False,8399,unknown
S10,402,harness,0,white_usv8,USV,14525.0,575.0,3,0,4,True,,
S10,402,harness,0,white_usv3,USV,12550.0,0.0,1,0,2,False,8399,unknown
S10,402,harness,0,white_usv6,USV,14200.0,0.0,2,2,4,True,,
S10,402,harness,0,white_usv7,USV,13850.0,0.0,1,0,2,True,,
S10,402,harness,0,white_usv9,USV,13225.0,275.0,0,2,2,True,,
S10,402,harness,0,white_usv10,USV,13875.0,975.0,0,2,2,True,,
S10,402,harness,0,white_usv1,USV,12700.0,1050.0,1,3,3,True,,
S10,402,harness,0,white_uav1,UAV,19775.0,11225.0,0,0,0,True,,
S10,402,harness,0,white_uav7,UAV,16575.0,8925.0,0,0,0,True,,
S10,402,harness,0,white_uav10,UAV,18025.0,7775.0,0,0,0,True,,
S10,402,harness,0,white_uav4,UAV,16675.0,6975.0,0,0,0,True,,
S10,402,harness,0,white_uav8,UAV,18200.0,3825.0,0,0,0,True,,
S10,402,harness,0,white_uav3,UAV,17525.0,2775.0,0,0,0,True,,
S10,402,harness,0,white_uav6,UAV,13675.0,2000.0,0,0,0,True,,
S10,402,harness,0,white_uav9,UAV,17475.0,925.0,0,0,0,True,,
S10,402,harness,0,white_uav5,UAV,14275.0,600.0,0,0,0,True,,
S10,402,harness,0,white_uav2,UAV,19225.0,3150.0,0,0,0,True,,
S10,403,harness,0,white_usv7,USV,13600.0,1325.0,5,1,2,True,,
S10,403,harness,0,white_usv10,USV,14175.0,1550.0,3,1,2,True,,
S10,403,harness,0,white_usv4,USV,13050.0,575.0,3,0,3,False,9011,unknown
S10,403,harness,0,white_usv2,USV,12850.0,525.0,1,1,2,False,8701,unknown
S10,403,harness,0,white_usv3,USV,12575.0,0.0,3,0,4,True,,
S10,403,harness,0,white_usv6,USV,13100.0,0.0,0,2,4,True,,
S10,403,harness,0,white_usv9,USV,13775.0,0.0,0,0,1,True,,
S10,403,harness,0,white_usv1,USV,13100.0,1000.0,2,1,2,False,9011,unknown
S10,403,harness,0,white_usv5,USV,12675.0,0.0,1,2,3,True,,
S10,403,harness,0,white_usv8,USV,13125.0,0.0,1,1,2,True,,
S10,403,harness,0,white_uav2,UAV,17700.0,9825.0,0,0,0,True,,
S10,403,harness,0,white_uav9,UAV,17100.0,8175.0,0,0,0,True,,
S10,403,harness,0,white_uav4,UAV,15800.0,6500.0,0,0,0,True,,
S10,403,harness,0,white_uav8,UAV,17250.0,4150.0,0,0,0,True,,
S10,403,harness,0,white_uav3,UAV,17450.0,2050.0,0,0,0,True,,
S10,403,harness,0,white_uav7,UAV,16475.0,3500.0,0,0,0,True,,
S10,403,harness,0,white_uav5,UAV,15225.0,1525.0,0,0,0,True,,
S10,403,harness,0,white_uav1,UAV,17650.0,3150.0,0,0,0,True,,
S10,403,harness,0,white_uav10,UAV,18575.0,4350.0,0,0,0,True,,
S10,403,harness,0,white_uav6,UAV,12950.0,275.0,0,0,0,True,,
S10,404,harness,0,white_usv7,USV,12925.0,1500.0,5,0,3,True,,
S10,404,harness,0,white_usv10,USV,13900.0,1600.0,4,0,3,True,,
S10,404,harness,0,white_usv2,USV,13250.0,1175.0,2,0,1,False,8611,unknown
S10,404,harness,0,white_usv6,USV,12850.0,0.0,1,0,1,False,8301,unknown
S10,404,harness,0,white_usv4,USV,13100.0,0.0,2,1,3,True,,
S10,404,harness,0,white_usv3,USV,12650.0,0.0,2,3,4,True,,
S10,404,harness,0,white_usv9,USV,12800.0,0.0,0,2,3,False,9000,unknown
S10,404,harness,0,white_usv1,USV,12675.0,1025.0,0,2,3,True,,
S10,404,harness,0,white_usv5,USV,12850.0,0.0,1,0,1,False,8301,unknown
S10,404,harness,0,white_usv8,USV,12825.0,0.0,1,1,1,False,8301,unknown
S10,404,harness,0,white_uav8,UAV,17650.0,10100.0,0,0,0,True,,
S10,404,harness,0,white_uav2,UAV,18075.0,8200.0,0,0,0,True,,
S10,404,harness,0,white_uav3,UAV,17500.0,3975.0,0,0,0,True,,
S10,404,harness,0,white_uav5,UAV,12975.0,5300.0,0,0,0,True,,
S10,404,harness,0,white_uav6,UAV,12550.0,2050.0,0,0,0,True,,
S10,404,harness,0,white_uav9,UAV,16175.0,3425.0,0,0,0,True,,
S10,404,harness,0,white_uav7,UAV,13750.0,600.0,0,0,0,True,,
S10,404,harness,0,white_uav1,UAV,17750.0,3775.0,0,0,0,True,,
S10,404,harness,0,white_uav4,UAV,15550.0,450.0,0,0,0,True,,
S10,404,harness,0,white_uav10,UAV,15850.0,3650.0,0,0,0,True,,
S10,405,harness,0,white_usv2,USV,12950.0,1725.0,4,1,2,False,9192,unknown
S10,405,harness,0,white_usv3,USV,13175.0,125.0,4,0,3,True,,
S10,405,harness,0,white_usv7,USV,12650.0,675.0,3,0,3,True,,
S10,405,harness,0,white_usv8,USV,12850.0,200.0,1,0,3,True,,
S10,405,harness,0,white_usv9,USV,13100.0,325.0,0,2,3,True,,
S10,405,harness,0,white_usv10,USV,14450.0,975.0,4,1,1,True,,
S10,405,harness,0,white_usv1,USV,12750.0,925.0,2,0,2,True,,
S10,405,harness,0,white_usv4,USV,13150.0,0.0,0,2,3,True,,
S10,405,harness,0,white_usv5,USV,13125.0,0.0,1,2,3,True,,
S10,405,harness,0,white_usv6,USV,13125.0,0.0,1,2,2,False,8823,unknown
S10,405,harness,0,white_uav8,UAV,16525.0,9750.0,0,0,0,True,,
S10,405,harness,0,white_uav1,UAV,18350.0,7925.0,0,0,0,True,,
S10,405,harness,0,white_uav7,UAV,13700.0,3650.0,0,0,0,True,,
S10,405,harness,0,white_uav10,UAV,17600.0,7475.0,0,0,0,True,,
S10,405,harness,0,white_uav4,UAV,15700.0,7025.0,0,0,0,True,,
S10,405,harness,0,white_uav5,UAV,14725.0,1725.0,0,0,0,True,,
S10,405,harness,0,white_uav9,UAV,17375.0,1825.0,0,0,0,True,,
S10,405,harness,0,white_uav3,UAV,18025.0,2650.0,0,0,0,True,,
S10,405,harness,0,white_uav2,UAV,18450.0,975.0,0,0,0,True,,
S10,405,harness,0,white_uav6,UAV,13000.0,275.0,0,0,0,True,,
S10,406,harness,0,white_usv1,USV,13050.0,2450.0,1,0,2,True,,
S10,406,harness,0,white_usv4,USV,12525.0,300.0,2,0,3,True,,
S10,406,harness,0,white_usv3,USV,12500.0,0.0,3,0,2,True,,
S10,406,harness,0,white_usv5,USV,12500.0,150.0,2,0,3,True,,
S10,406,harness,0,white_usv2,USV,12550.0,0.0,1,1,3,True,,
S10,406,harness,0,white_usv6,USV,12625.0,250.0,1,1,2,True,,
S10,406,harness,0,white_usv8,USV,12650.0,350.0,2,0,3,True,,
S10,406,harness,0,white_usv9,USV,12525.0,300.0,2,0,2,True,,
S10,406,harness,0,white_usv7,USV,12625.0,0.0,1,2,2,False,8288,unknown
S10,406,harness,0,white_usv10,USV,12550.0,1025.0,1,2,3,True,,
S10,406,harness,0,white_uav8,UAV,16125.0,10025.0,0,0,0,True,,
S10,406,harness,0,white_uav5,UAV,12550.0,7700.0,0,0,0,True,,
S10,406,harness,0,white_uav2,UAV,16700.0,7350.0,0,0,0,True,,
S10,406,harness,0,white_uav1,UAV,16050.0,3500.0,0,0,0,True,,
S10,406,harness,0,white_uav4,UAV,13450.0,2000.0,0,0,0,True,,
S10,406,harness,0,white_uav7,UAV,14500.0,2225.0,0,0,0,True,,
S10,406,harness,0,white_uav10,UAV,17250.0,6275.0,0,0,0,True,,
S10,406,harness,0,white_uav3,UAV,16325.0,1350.0,0,0,0,True,,
S10,406,harness,0,white_uav6,UAV,12650.0,575.0,0,0,0,True,,
S10,406,harness,0,white_uav9,UAV,16900.0,1000.0,0,0,0,True,,
S10,407,harness,0,white_usv1,USV,12525.0,2725.0,4,0,2,True,,
S10,407,harness,0,white_usv6,USV,12675.0,800.0,4,0,3,True,,
S10,407,harness,0,white_usv4,USV,12550.0,0.0,3,0,3,False,8771,unknown
S10,407,harness,0,white_usv3,USV,12650.0,0.0,1,1,5,True,,
S10,407,harness,0,white_usv9,USV,13500.0,750.0,2,1,2,True,,
S10,407,harness,0,white_usv10,USV,13125.0,1025.0,2,0,2,True,,
S10,407,harness,0,white_usv7,USV,12450.0,0.0,1,0,3,False,8771,unknown
S10,407,harness,0,white_usv2,USV,12500.0,0.0,1,1,2,True,,
S10,407,harness,0,white_usv5,USV,12925.0,0.0,1,2,2,False,8420,unknown
S10,407,harness,0,white_usv8,USV,12925.0,0.0,0,4,4,True,,
S10,407,harness,0,white_uav2,UAV,18325.0,9900.0,0,0,0,True,,
S10,407,harness,0,white_uav5,UAV,14175.0,8100.0,0,0,0,True,,
S10,407,harness,0,white_uav6,UAV,13650.0,3325.0,0,0,0,True,,
S10,407,harness,0,white_uav8,UAV,17700.0,8325.0,0,0,0,True,,
S10,407,harness,0,white_uav3,UAV,19025.0,3575.0,0,0,0,True,,
S10,407,harness,0,white_uav9,UAV,17825.0,4525.0,0,0,0,True,,
S10,407,harness,0,white_uav1,UAV,20350.0,3775.0,0,0,0,True,,
S10,407,harness,0,white_uav4,UAV,17925.0,825.0,0,0,0,True,,
S10,407,harness,0,white_uav7,UAV,14025.0,475.0,0,0,0,True,,
S10,407,harness,0,white_uav10,UAV,17875.0,4100.0,0,0,0,True,,
S10,408,harness,0,white_usv9,USV,14925.0,1800.0,3,0,3,True,,
S10,408,harness,0,white_usv5,USV,16100.0,675.0,3,1,4,True,,
S10,408,harness,0,white_usv3,USV,12825.0,400.0,2,0,2,False,8473,unknown
S10,408,harness,0,white_usv7,USV,12725.0,0.0,2,2,2,False,8473,unknown
S10,408,harness,0,white_usv4,USV,12600.0,0.0,1,0,2,False,8473,unknown
S10,408,harness,0,white_usv2,USV,12475.0,325.0,1,1,2,False,8473,unknown
S10,408,harness,0,white_usv6,USV,15175.0,0.0,1,1,3,True,,
S10,408,harness,0,white_usv8,USV,14200.0,0.0,2,0,4,True,,
S10,408,harness,0,white_usv10,USV,14225.0,1050.0,1,4,4,True,,
S10,408,harness,0,white_usv1,USV,15675.0,1050.0,3,0,2,True,,
S10,408,harness,0,white_uav3,UAV,18600.0,11975.0,0,0,0,True,,
S10,408,harness,0,white_uav4,UAV,16800.0,4900.0,0,0,0,True,,
S10,408,harness,0,white_uav6,UAV,17825.0,7550.0,0,0,0,True,,
S10,408,harness,0,white_uav5,UAV,17225.0,800.0,0,0,0,True,,
S10,408,harness,0,white_uav7,UAV,19275.0,4500.0,0,0,0,True,,
S10,408,harness,0,white_uav1,UAV,19900.0,8200.0,0,0,0,True,,
S10,408,harness,0,white_uav2,UAV,20300.0,1700.0,0,0,0,True,,
S10,408,harness,0,white_uav10,UAV,23125.0,10525.0,0,0,0,True,,
S10,408,harness,0,white_uav8,UAV,21450.0,3575.0,0,0,0,True,,
S10,408,harness,0,white_uav9,UAV,22100.0,1150.0,0,0,0,True,,
S10,409,harness,0,white_usv1,USV,13025.0,2550.0,6,0,2,True,,
S10,409,harness,0,white_usv8,USV,12775.0,1050.0,2,0,4,True,,
S10,409,harness,0,white_usv5,USV,12850.0,0.0,3,2,2,True,,
S10,409,harness,0,white_usv2,USV,13375.0,0.0,2,0,1,True,,
S10,409,harness,0,white_usv4,USV,12525.0,0.0,1,0,3,True,,
S10,409,harness,0,white_usv6,USV,12575.0,0.0,1,2,3,True,,
S10,409,harness,0,white_usv9,USV,12550.0,325.0,1,0,3,True,,
S10,409,harness,0,white_usv10,USV,12625.0,1075.0,1,1,4,True,,
S10,409,harness,0,white_usv3,USV,12750.0,0.0,1,2,2,True,,
S10,409,harness,0,white_usv7,USV,12675.0,0.0,1,2,3,False,8578,unknown
S10,409,harness,0,white_uav4,UAV,22700.0,10375.0,0,0,0,True,,
S10,409,harness,0,white_uav2,UAV,18775.0,7600.0,0,0,0,True,,
S10,409,harness,0,white_uav7,UAV,15350.0,7250.0,0,0,0,True,,
S10,409,harness,0,white_uav1,UAV,18625.0,4850.0,0,0,0,True,,
S10,409,harness,0,white_uav6,UAV,13700.0,1850.0,0,0,0,True,,
S10,409,harness,0,white_uav8,UAV,18925.0,3100.0,0,0,0,True,,
S10,409,harness,0,white_uav5,UAV,14700.0,350.0,0,0,0,True,,
S10,409,harness,0,white_uav9,UAV,20250.0,5525.0,0,0,0,True,,
S10,409,harness,0,white_uav3,UAV,17200.0,1150.0,0,0,0,True,,
S10,409,harness,0,white_uav10,UAV,22525.0,5775.0,0,0,0,True,,
S10,410,harness,0,white_usv1,USV,12525.0,2600.0,6,1,1,True,,
S10,410,harness,0,white_usv5,USV,12775.0,450.0,1,0,3,True,,
S10,410,harness,0,white_usv8,USV,12950.0,600.0,1,0,4,True,,
S10,410,harness,0,white_usv3,USV,13750.0,0.0,4,1,3,True,,
S10,410,harness,0,white_usv6,USV,12700.0,0.0,1,0,2,True,,
S10,410,harness,0,white_usv9,USV,12875.0,400.0,0,3,4,True,,
S10,410,harness,0,white_usv4,USV,13100.0,0.0,3,0,2,True,,
S10,410,harness,0,white_usv2,USV,14150.0,0.0,1,1,3,True,,
S10,410,harness,0,white_usv7,USV,13225.0,0.0,0,2,2,False,8565,unknown
S10,410,harness,0,white_usv10,USV,13725.0,975.0,2,1,2,True,,
S10,410,harness,0,white_uav1,UAV,22975.0,10800.0,0,0,0,True,,
S10,410,harness,0,white_uav8,UAV,19700.0,10875.0,0,0,0,True,,
S10,410,harness,0,white_uav4,UAV,16300.0,7225.0,0,0,0,True,,
S10,410,harness,0,white_uav5,UAV,13625.0,3125.0,0,0,0,True,,
S10,410,harness,0,white_uav9,UAV,18050.0,3625.0,0,0,0,True,,
S10,410,harness,0,white_uav2,UAV,18925.0,6150.0,0,0,0,True,,
S10,410,harness,0,white_uav7,UAV,18950.0,2825.0,0,0,0,True,,
S10,410,harness,0,white_uav10,UAV,21825.0,6700.0,0,0,0,True,,
S10,410,harness,0,white_uav3,UAV,19725.0,1375.0,0,0,0,True,,
S10,410,harness,0,white_uav6,UAV,15175.0,525.0,0,0,0,True,,
S10,411,harness,0,white_usv1,USV,13050.0,2450.0,2,0,2,False,8573,unknown
S10,411,harness,0,white_usv3,USV,12875.0,200.0,4,0,2,False,8918,unknown
S10,411,harness,0,white_usv2,USV,13475.0,0.0,2,1,2,True,,
S10,411,harness,0,white_usv5,USV,13250.0,250.0,2,0,2,False,8918,unknown
S10,411,harness,0,white_usv6,USV,12975.0,200.0,3,2,4,True,,
S10,411,harness,0,white_usv8,USV,12700.0,375.0,2,0,4,True,,
S10,411,harness,0,white_usv9,USV,12500.0,300.0,2,0,2,True,,
S10,411,harness,0,white_usv10,USV,12750.0,1000.0,1,0,4,True,,
S10,411,harness,0,white_usv4,USV,13725.0,0.0,2,2,3,True,,
S10,411,harness,0,white_usv7,USV,13075.0,0.0,0,5,5,True,,
S10,411,harness,0,white_uav2,UAV,18250.0,10575.0,0,0,0,True,,
S10,411,harness,0,white_uav1,UAV,18225.0,4325.0,0,0,0,True,,
S10,411,harness,0,white_uav4,UAV,14950.0,7425.0,0,0,0,True,,
S10,411,harness,0,white_uav5,UAV,13750.0,3175.0,0,0,0,True,,
S10,411,harness,0,white_uav6,UAV,14025.0,2950.0,0,0,0,True,,
S10,411,harness,0,white_uav8,UAV,18900.0,7975.0,0,0,0,True,,
S10,411,harness,0,white_uav10,UAV,19350.0,6900.0,0,0,0,True,,
S10,411,harness,0,white_uav3,UAV,17425.0,1000.0,0,0,0,True,,
S10,411,harness,0,white_uav9,UAV,18825.0,950.0,0,0,0,True,,
S10,411,harness,0,white_uav7,UAV,16500.0,1125.0,0,0,0,True,,
S10,412,harness,0,white_usv9,USV,13600.0,1600.0,6,1,2,True,,
S10,412,harness,0,white_usv4,USV,13150.0,800.0,3,0,3,True,,
S10,412,harness,0,white_usv3,USV,12800.0,175.0,2,0,2,False,8390,unknown
S10,412,harness,0,white_usv6,USV,13400.0,0.0,2,0,3,True,,
S10,412,harness,0,white_usv7,USV,14025.0,0.0,2,0,2,True,,
S10,412,harness,0,white_usv10,USV,13075.0,1000.0,1,1,1,False,8390,unknown
S10,412,harness,0,white_usv1,USV,12675.0,1350.0,1,3,5,True,,
S10,412,harness,0,white_usv5,USV,13400.0,0.0,2,2,3,True,,
S10,412,harness,0,white_usv2,USV,12525.0,0.0,0,2,2,True,,
S10,412,harness,0,white_usv8,USV,14525.0,0.0,0,0,1,True,,
S10,412,harness,0,white_uav2,UAV,20200.0,12125.0,0,0,0,True,,
S10,412,harness,0,white_uav5,UAV,15900.0,8525.0,0,0,0,True,,
S10,412,harness,0,white_uav8,UAV,19250.0,9100.0,0,0,0,True,,
S10,412,harness,0,white_uav6,UAV,16200.0,2175.0,0,0,0,True,,
S10,412,harness,0,white_uav9,UAV,20675.0,6850.0,0,0,0,True,,
S10,412,harness,0,white_uav3,UAV,20275.0,3775.0,0,0,0,True,,
S10,412,harness,0,white_uav7,UAV,14625.0,1500.0,0,0,0,True,,
S10,412,harness,0,white_uav1,UAV,20750.0,4375.0,0,0,0,True,,
S10,412,harness,0,white_uav4,UAV,18100.0,1925.0,0,0,0,True,,
S10,412,harness,0,white_uav10,UAV,20150.0,5075.0,0,0,0,True,,
S10,413,harness,0,white_usv4,USV,12900.0,1425.0,5,0,2,False,8751,unknown
S10,413,harness,0,white_usv6,USV,13475.0,425.0,5,1,3,True,,
S10,413,harness,0,white_usv9,USV,12550.0,725.0,1,0,2,True,,
S10,413,harness,0,white_usv1,USV,12700.0,1525.0,2,0,2,True,,
S10,413,harness,0,white_usv3,USV,12650.0,0.0,3,0,3,True,,
S10,413,harness,0,white_usv10,USV,12675.0,1025.0,0,0,2,True,,
S10,413,harness,0,white_usv2,USV,12500.0,0.0,1,1,3,False,8751,unknown
S10,413,harness,0,white_usv5,USV,12775.0,0.0,1,2,3,False,8751,unknown
S10,413,harness,0,white_usv8,USV,12675.0,0.0,0,2,3,True,,
S10,413,harness,0,white_usv7,USV,12850.0,0.0,2,4,4,True,,
S10,413,harness,0,white_uav7,UAV,20400.0,9925.0,0,0,0,True,,
S10,413,harness,0,white_uav2,UAV,21575.0,11675.0,0,0,0,True,,
S10,413,harness,0,white_uav6,UAV,18025.0,3675.0,0,0,0,True,,
S10,413,harness,0,white_uav8,UAV,17425.0,3975.0,0,0,0,True,,
S10,413,harness,0,white_uav9,UAV,17175.0,4025.0,0,0,0,True,,
S10,413,harness,0,white_uav5,UAV,16950.0,2725.0,0,0,0,True,,
S10,413,harness,0,white_uav10,UAV,17300.0,3550.0,0,0,0,True,,
S10,413,harness,0,white_uav4,UAV,17550.0,2525.0,0,0,0,True,,
S10,413,harness,0,white_uav3,UAV,18125.0,725.0,0,0,0,True,,
S10,413,harness,0,white_uav1,UAV,19900.0,3250.0,0,0,0,True,,
S10,414,harness,0,white_usv5,USV,13475.0,1300.0,5,0,3,True,,
S10,414,harness,0,white_usv4,USV,13825.0,175.0,3,0,3,True,,
S10,414,harness,0,white_usv7,USV,13650.0,425.0,3,0,4,True,,
S10,414,harness,0,white_usv8,USV,14100.0,175.0,3,1,4,True,,
S10,414,harness,0,white_usv9,USV,12575.0,350.0,3,1,3,True,,
S10,414,harness,0,white_usv1,USV,13800.0,1425.0,1,1,4,True,,
S10,414,harness,0,white_usv3,USV,12475.0,0.0,1,3,4,True,,
S10,414,harness,0,white_usv2,USV,13800.0,0.0,1,0,3,True,,
S10,414,harness,0,white_usv6,USV,12800.0,0.0,0,0,3,True,,
S10,414,harness,0,white_usv10,USV,13750.0,875.0,0,4,4,True,,
S10,414,harness,0,white_uav1,UAV,24725.0,12600.0,0,0,0,True,,
S10,414,harness,0,white_uav9,UAV,19850.0,11225.0,0,0,0,True,,
S10,414,harness,0,white_uav10,UAV,20400.0,4700.0,0,0,0,True,,
S10,414,harness,0,white_uav6,UAV,15725.0,9050.0,0,0,0,True,,
S10,414,harness,0,white_uav2,UAV,19525.0,5475.0,0,0,0,True,,
S10,414,harness,0,white_uav3,UAV,18025.0,2775.0,0,0,0,True,,
S10,414,harness,0,white_uav5,UAV,16900.0,1950.0,0,0,0,True,,
S10,414,harness,0,white_uav7,UAV,16950.0,3325.0,0,0,0,True,,
S10,414,harness,0,white_uav8,UAV,19300.0,1900.0,0,0,0,True,,
S10,414,harness,0,white_uav4,UAV,18150.0,350.0,0,0,0,True,,
S10,401,harness,0,white_usv8,USV,13450.0,1525.0,3,0,4,True,,
S10,401,harness,0,white_usv1,USV,12850.0,2275.0,4,2,3,True,,
S10,401,harness,0,white_usv2,USV,12900.0,0.0,2,1,2,False,8577,unknown
S10,401,harness,0,white_usv3,USV,12675.0,0.0,3,0,2,True,,
S10,401,harness,0,white_usv5,USV,12600.0,0.0,2,0,2,True,,
S10,401,harness,0,white_usv6,USV,13700.0,0.0,1,1,2,True,,
S10,401,harness,0,white_usv10,USV,13025.0,1350.0,1,2,3,True,,
S10,401,harness,0,white_usv4,USV,12625.0,0.0,2,1,2,True,,
S10,401,harness,0,white_usv7,USV,13675.0,0.0,1,0,1,True,,
S10,401,harness,0,white_usv9,USV,13175.0,0.0,0,2,3,True,,
S10,401,harness,0,white_uav6,UAV,17350.0,10450.0,0,0,0,True,,
S10,401,harness,0,white_uav7,UAV,17000.0,3100.0,0,0,0,True,,
S10,401,harness,0,white_uav1,UAV,17200.0,8625.0,0,0,0,True,,
S10,401,harness,0,white_uav4,UAV,13975.0,5375.0,0,0,0,True,,
S10,401,harness,0,white_uav5,UAV,15850.0,475.0,0,0,0,True,,
S10,401,harness,0,white_uav2,UAV,17525.0,2850.0,0,0,0,True,,
S10,401,harness,0,white_uav10,UAV,17625.0,8875.0,0,0,0,True,,
S10,401,harness,0,white_uav3,UAV,16500.0,1175.0,0,0,0,True,,
S10,401,harness,0,white_uav9,UAV,17250.0,2675.0,0,0,0,True,,
S10,401,harness,0,white_uav8,UAV,16075.0,1025.0,0,0,0,True,,
S15,501,harness,0,white_usv4,USV,13100.0,1250.0,3,1,5,True,,
S15,501,harness,0,white_usv6,USV,12900.0,50.0,2,0,2,False,8531,unknown
S15,501,harness,0,white_usv9,USV,14025.0,350.0,3,0,3,True,,
S15,501,harness,0,white_usv10,USV,14200.0,100.0,2,0,2,True,,
S15,501,harness,0,white_usv12,USV,13375.0,250.0,3,1,3,True,,
S15,501,harness,0,white_usv14,USV,12575.0,350.0,3,0,4,False,9174,unknown
S15,501,harness,0,white_usv15,USV,13275.0,850.0,1,2,3,True,,
S15,501,harness,0,white_usv3,USV,12825.0,175.0,3,2,4,False,9174,unknown
S15,501,harness,0,white_usv5,USV,14575.0,0.0,1,0,2,True,,
S15,501,harness,0,white_usv2,USV,12675.0,175.0,4,1,3,True,,
S15,501,harness,0,white_usv7,USV,14300.0,0.0,1,2,2,True,,
S15,501,harness,0,white_usv13,USV,13900.0,0.0,1,0,2,True,,
S15,501,harness,0,white_usv11,USV,13675.0,0.0,1,2,2,True,,
S15,501,harness,0,white_usv1,USV,14025.0,800.0,1,1,1,True,,
S15,501,harness,0,white_usv8,USV,13275.0,0.0,1,3,3,True,,
S15,501,harness,0,white_uav1,UAV,19650.0,10375.0,0,0,0,True,,
S15,501,harness,0,white_uav8,UAV,15475.0,9700.0,0,0,0,True,,
S15,501,harness,0,white_uav12,UAV,18875.0,8825.0,0,0,0,True,,
S15,501,harness,0,white_uav6,UAV,17100.0,5075.0,0,0,0,True,,
S15,501,harness,0,white_uav14,UAV,19650.0,6650.0,0,0,0,True,,
S15,501,harness,0,white_uav15,UAV,20100.0,3775.0,0,0,0,True,,
S15,501,harness,0,white_uav9,UAV,13850.0,1425.0,0,0,0,True,,
S15,501,harness,0,white_uav10,UAV,13775.0,525.0,0,0,0,True,,
S15,501,harness,0,white_uav11,UAV,19050.0,2575.0,0,0,0,True,,
S15,501,harness,0,white_uav13,UAV,19025.0,325.0,0,0,0,True,,
S15,501,harness,0,white_uav4,UAV,20350.0,5500.0,0,0,0,True,,
S15,501,harness,0,white_uav2,UAV,19950.0,2075.0,0,0,0,True,,
S15,501,harness,0,white_uav3,UAV,20075.0,600.0,0,0,0,True,,
S15,501,harness,0,white_uav5,UAV,19025.0,1325.0,0,0,0,True,,
S15,501,harness,0,white_uav7,UAV,14625.0,100.0,0,0,0,True,,
S15,502,harness,0,white_usv1,USV,12725.0,2125.0,6,0,4,True,,
S15,502,harness,0,white_usv10,USV,12525.0,625.0,6,0,3,False,8704,unknown
S15,502,harness,0,white_usv13,USV,13575.0,400.0,3,1,3,True,,
S15,502,harness,0,white_usv14,USV,12650.0,175.0,2,3,3,False,8480,unknown
S15,502,harness,0,white_usv11,USV,12825.0,0.0,3,1,3,True,,
S15,502,harness,0,white_usv3,USV,13025.0,0.0,2,0,2,True,,
S15,502,harness,0,white_usv5,USV,13125.0,0.0,0,0,4,True,,
S15,502,harness,0,white_usv4,USV,12875.0,0.0,1,0,2,False,8704,unknown
S15,502,harness,0,white_usv7,USV,13275.0,0.0,1,0,2,True,,
S15,502,harness,0,white_usv2,USV,12925.0,0.0,1,0,3,True,,
S15,502,harness,0,white_usv6,USV,12850.0,0.0,1,1,2,False,8704,unknown
S15,502,harness,0,white_usv8,USV,13250.0,0.0,0,1,2,True,,
S15,502,harness,0,white_usv9,USV,13400.0,0.0,2,1,2,True,,
S15,502,harness,0,white_usv12,USV,12975.0,0.0,0,4,4,True,,
S15,502,harness,0,white_usv15,USV,13200.0,750.0,2,2,2,True,,
S15,502,harness,0,white_uav1,UAV,22175.0,11900.0,0,0,0,True,,
S15,502,harness,0,white_uav3,UAV,21200.0,6750.0,0,0,0,True,,
S15,502,harness,0,white_uav4,UAV,20675.0,4450.0,0,0,0,True,,
S15,502,harness,0,white_uav2,UAV,21275.0,850.0,0,0,0,True,,
S15,502,harness,0,white_uav5,UAV,20275.0,3600.0,0,0,0,True,,
S15,502,harness,0,white_uav10,UAV,18900.0,9825.0,0,0,0,True,,
S15,502,harness,0,white_uav11,UAV,18850.0,3025.0,0,0,0,True,,
S15,502,harness,0,white_uav7,UAV,14700.0,4275.0,0,0,0,True,,
S15,502,harness,0,white_uav13,UAV,20950.0,5900.0,0,0,0,True,,
S15,502,harness,0,white_uav14,UAV,20925.0,4425.0,0,0,0,True,,
S15,502,harness,0,white_uav6,UAV,16850.0,1175.0,0,0,0,True,,
S15,502,harness,0,white_uav9,UAV,15475.0,1700.0,0,0,0,True,,
S15,502,harness,0,white_uav12,UAV,20150.0,375.0,0,0,0,True,,
S15,502,harness,0,white_uav15,UAV,20650.0,2825.0,0,0,0,True,,
S15,502,harness,0,white_uav8,UAV,14425.0,450.0,0,0,0,True,,
S15,503,harness,0,white_usv3,USV,12475.0,1325.0,5,1,6,True,,
S15,503,harness,0,white_usv5,USV,12525.0,50.0,3,0,5,True,,
S15,503,harness,0,white_usv9,USV,12550.0,400.0,2,1,4,True,,
S15,503,harness,0,white_usv10,USV,12500.0,100.0,3,0,4,True,,
S15,503,harness,0,white_usv11,USV,12825.0,100.0,3,0,3,True,,
S15,503,harness,0,white_usv13,USV,13450.0,325.0,3,0,3,True,,
S15,503,harness,0,white_usv15,USV,13075.0,1025.0,3,0,3,True,,
S15,503,harness,0,white_usv1,USV,12500.0,1025.0,1,0,2,False,8488,unknown
S15,503,harness,0,white_usv2,USV,12500.0,0.0,0,2,5,True,,
S15,503,harness,0,white_usv6,USV,12800.0,0.0,1,0,2,False,8729,unknown
S15,503,harness,0,white_usv7,USV,12575.0,0.0,0,1,4,True,,
S15,503,harness,0,white_usv14,USV,12825.0,0.0,1,2,3,True,,
S15,503,harness,0,white_usv4,USV,12475.0,0.0,0,2,5,True,,
S15,503,harness,0,white_usv8,USV,12725.0,0.0,1,4,4,True,,
S15,503,harness,0,white_usv12,USV,13350.0,0.0,2,1,1,True,,
S15,503,harness,0,white_uav2,UAV,20025.0,9525.0,0,0,0,True,,
S15,503,harness,0,white_uav6,UAV,16025.0,8775.0,0,0,0,True,,
S15,503,harness,0,white_uav12,UAV,17500.0,7450.0,0,0,0,True,,
S15,503,harness,0,white_uav15,UAV,18475.0,6375.0,0,0,0,True,,
S15,503,harness,0,white_uav4,UAV,18500.0,2200.0,0,0,0,True,,
S15,503,harness,0,white_uav5,UAV,18875.0,825.0,0,0,0,True,,
S15,503,harness,0,white_uav10,UAV,14325.0,4025.0,0,0,0,True,,
S15,503,harness,0,white_uav7,UAV,16025.0,950.0,0,0,0,True,,
S15,503,harness,0,white_uav8,UAV,14375.0,500.0,0,0,0,True,,
S15,503,harness,0,white_uav9,UAV,13125.0,50.0,0,0,0,True,,
S15,503,harness,0,white_uav11,UAV,17000.0,600.0,0,0,0,True,,
S15,503,harness,0,white_uav13,UAV,18225.0,825.0,0,0,0,True,,
S15,503,harness,0,white_uav14,UAV,18450.0,450.0,0,0,0,True,,
S15,503,harness,0,white_uav1,UAV,20600.0,3025.0,0,0,0,True,,
S15,503,harness,0,white_uav3,UAV,20125.0,525.0,0,0,0,True,,
S15,504,harness,0,white_usv1,USV,12650.0,2375.0,6,0,3,False,8745,unknown
S15,504,harness,0,white_usv3,USV,12500.0,125.0,5,0,5,True,,
S15,504,harness,0,white_usv6,USV,12675.0,100.0,4,0,3,False,8498,unknown
S15,504,harness,0,white_usv13,USV,12700.0,875.0,3,1,4,True,,
S15,504,harness,0,white_usv11,USV,13000.0,0.0,2,0,3,False,8745,unknown
S15,504,harness,0,white_usv15,USV,12525.0,1025.0,0,1,3,False,8745,unknown
S15,504,harness,0,white_usv5,USV,12650.0,0.0,0,0,3,False,8745,unknown
S15,504,harness,0,white_usv2,USV,12550.0,0.0,0,0,5,True,,
S15,504,harness,0,white_usv4,USV,12525.0,0.0,1,2,4,True,,
S15,504,harness,0,white_usv7,USV,12825.0,0.0,2,1,2,False,9618,unknown
S15,504,harness,0,white_usv12,USV,12875.0,0.0,1,0,3,False,8498,unknown
S15,504,harness,0,white_usv8,USV,12850.0,0.0,0,1,3,False,8498,unknown
S15,504,harness,0,white_usv10,USV,12800.0,0.0,1,1,3,False,9618,unknown
S15,504,harness,0,white_usv14,USV,12575.0,0.0,1,2,3,True,,
S15,504,harness,0,white_usv9,USV,12650.0,0.0,1,3,3,True,,
S15,504,harness,0,white_uav1,UAV,18025.0,8850.0,0,0,0,True,,
S15,504,harness,0,white_uav3,UAV,17875.0,5800.0,0,0,0,True,,
S15,504,harness,0,white_uav6,UAV,12975.0,7150.0,0,0,0,True,,
S15,504,harness,0,white_uav7,UAV,14775.0,2350.0,0,0,0,True,,
S15,504,harness,0,white_uav9,UAV,14300.0,4050.0,0,0,0,True,,
S15,504,harness,0,white_uav12,UAV,17800.0,6100.0,0,0,0,True,,
S15,504,harness,0,white_uav15,UAV,18200.0,6250.0,0,0,0,True,,
S15,504,harness,0,white_uav4,UAV,17775.0,975.0,0,0,0,True,,
S15,504,harness,0,white_uav8,UAV,14175.0,50.0,0,0,0,True,,
S15,504,harness,0,white_uav2,UAV,17950.0,700.0,0,0,0,True,,
S15,504,harness,0,white_uav5,UAV,17150.0,950.0,0,0,0,True,,
S15,504,harness,0,white_uav11,UAV,17325.0,1075.0,0,0,0,True,,
S15,504,harness,0,white_uav14,UAV,17425.0,575.0,0,0,0,True,,
S15,504,harness,0,white_uav10,UAV,14675.0,200.0,0,0,0,True,,
S15,504,harness,0,white_uav13,UAV,17875.0,225.0,0,0,0,True,,
S15,505,harness,0,white_usv2,USV,12700.0,1400.0,5,0,5,True,,
S15,505,harness,0,white_usv3,USV,12925.0,50.0,3,1,4,True,,
S15,505,harness,0,white_usv5,USV,12550.0,50.0,2,0,3,False,8257,unknown
S15,505,harness,0,white_usv6,USV,12625.0,50.0,2,2,3,False,8440,unknown
S15,505,harness,0,white_usv12,USV,13850.0,675.0,3,1,4,True,,
S15,505,harness,0,white_usv15,USV,12975.0,1175.0,3,1,3,True,,
S15,505,harness,0,white_usv11,USV,13250.0,0.0,2,1,3,True,,
S15,505,harness,0,white_usv14,USV,12875.0,0.0,1,1,2,True,,
S15,505,harness,0,white_usv4,USV,13300.0,0.0,3,2,4,True,,
S15,505,harness,0,white_usv7,USV,12850.0,0.0,2,0,3,False,8440,unknown
S15,505,harness,0,white_usv8,USV,14200.0,0.0,2,1,3,True,,
S15,505,harness,0,white_usv9,USV,13650.0,0.0,0,0,3,True,,
S15,505,harness,0,white_usv10,USV,12875.0,0.0,1,1,2,False,8440,unknown
S15,505,harness,0,white_usv13,USV,13725.0,0.0,0,3,3,True,,
S15,505,harness,0,white_usv1,USV,13450.0,800.0,0,0,0,False,8440,unknown
S15,505,harness,0,white_uav3,UAV,19825.0,10575.0,0,0,0,True,,
S15,505,harness,0,white_uav1,UAV,21000.0,6925.0,0,0,0,True,,
S15,505,harness,0,white_uav2,UAV,20175.0,725.0,0,0,0,True,,
S15,505,harness,0,white_uav5,UAV,17450.0,6050.0,0,0,0,True,,
S15,505,harness,0,white_uav8,UAV,15075.0,6375.0,0,0,0,True,,
S15,505,harness,0,white_uav11,UAV,19075.0,6925.0,0,0,0,True,,
S15,505,harness,0,white_uav14,UAV,20825.0,9625.0,0,0,0,True,,
S15,505,harness,0,white_uav4,UAV,20200.0,1350.0,0,0,0,True,,
S15,505,harness,0,white_uav7,UAV,12975.0,675.0,0,0,0,True,,
S15,505,harness,0,white_uav10,UAV,13725.0,450.0,0,0,0,True,,
S15,505,harness,0,white_uav13,UAV,21900.0,1300.0,0,0,0,True,,
S15,505,harness,0,white_uav6,UAV,14175.0,125.0,0,0,0,True,,
S15,505,harness,0,white_uav9,UAV,13975.0,175.0,0,0,0,True,,
S15,505,harness,0,white_uav12,UAV,21875.0,1150.0,0,0,0,True,,
S15,505,harness,0,white_uav15,UAV,20900.0,2900.0,0,0,0,True,,
S15,506,harness,0,white_usv14,USV,13275.0,1375.0,6,0,4,True,,
S15,506,harness,0,white_usv1,USV,13800.0,2050.0,3,0,4,True,,
S15,506,harness,0,white_usv6,USV,14350.0,0.0,3,0,4,True,,
S15,506,harness,0,white_usv8,USV,14500.0,0.0,4,0,4,True,,
S15,506,harness,0,white_usv13,USV,15025.0,0.0,2,0,2,True,,
S15,506,harness,0,white_usv15,USV,13000.0,825.0,1,0,2,False,8649,unknown
S15,506,harness,0,white_usv7,USV,15300.0,0.0,0,0,2,True,,
S15,506,harness,0,white_usv9,USV,13100.0,0.0,0,2,2,False,8649,unknown
S15,506,harness,0,white_usv4,USV,14275.0,0.0,1,4,4,True,,
S15,506,harness,0,white_usv5,USV,14675.0,0.0,2,2,3,True,,
S15,506,harness,0,white_usv3,USV,13100.0,0.0,1,0,1,False,8280,unknown
S15,506,harness,0,white_usv2,USV,13100.0,0.0,1,1,1,False,8280,unknown
S15,506,harness,0,white_usv10,USV,12750.0,0.0,1,0,2,False,8280,unknown
S15,506,harness,0,white_usv12,USV,14150.0,0.0,3,3,4,True,,
S15,506,harness,0,white_usv11,USV,12675.0,0.0,0,2,2,True,,
S15,506,harness,0,white_uav3,UAV,22650.0,9600.0,0,0,0,True,,
S15,506,harness,0,white_uav8,UAV,24100.0,9775.0,0,0,0,True,,
S15,506,harness,0,white_uav9,UAV,22300.0,7250.0,0,0,0,True,,
S15,506,harness,0,white_uav12,UAV,21175.0,5675.0,0,0,0,True,,
S15,506,harness,0,white_uav1,UAV,26125.0,7875.0,0,0,0,True,,
S15,506,harness,0,white_uav4,UAV,22625.0,2825.0,0,0,0,True,,
S15,506,harness,0,white_uav7,UAV,20550.0,1125.0,0,0,0,True,,
S15,506,harness,0,white_uav2,UAV,22425.0,575.0,0,0,0,True,,
S15,506,harness,0,white_uav5,UAV,22450.0,600.0,0,0,0,True,,
S15,506,harness,0,white_uav11,UAV,22000.0,650.0,0,0,0,True,,
S15,506,harness,0,white_uav13,UAV,21775.0,2350.0,0,0,0,True,,
S15,506,harness,0,white_uav14,UAV,23675.0,3100.0,0,0,0,True,,
S15,506,harness,0,white_uav15,UAV,23925.0,2325.0,0,0,0,True,,
S15,506,harness,0,white_uav6,UAV,23050.0,450.0,0,0,0,True,,
S15,506,harness,0,white_uav10,UAV,23275.0,3300.0,0,0,0,True,,
S15,507,harness,0,white_usv2,USV,12550.0,1425.0,3,1,4,True,,
S15,507,harness,0,white_usv9,USV,13500.0,500.0,3,0,3,True,,
S15,507,harness,0,white_usv10,USV,12875.0,100.0,2,1,2,False,8523,unknown
S15,507,harness,0,white_usv13,USV,13325.0,425.0,2,0,3,True,,
S15,507,harness,0,white_usv12,USV,13175.0,0.0,3,1,3,True,,
S15,507,harness,0,white_usv15,USV,14125.0,950.0,2,0,2,True,,
S15,507,harness,0,white_usv4,USV,12500.0,0.0,4,0,4,True,,
S15,507,harness,0,white_usv5,USV,12600.0,0.0,2,0,3,False,8523,unknown
S15,507,harness,0,white_usv6,USV,12650.0,0.0,2,1,4,True,,
S15,507,harness,0,white_usv8,USV,14200.0,0.0,2,0,3,True,,
S15,507,harness,0,white_usv14,USV,13350.0,0.0,0,1,3,True,,
S15,507,harness,0,white_usv11,USV,13625.0,0.0,1,1,4,True,,
S15,507,harness,0,white_usv1,USV,12675.0,825.0,1,2,3,True,,
S15,507,harness,0,white_usv3,USV,13175.0,0.0,1,4,4,True,,
S15,507,harness,0,white_usv7,USV,13475.0,0.0,1,2,2,True,,
S15,507,harness,0,white_uav1,UAV,24775.0,13450.0,0,0,0,True,,
S15,507,harness,0,white_uav4,UAV,18925.0,7850.0,0,0,0,True,,
S15,507,harness,0,white_uav3,UAV,20450.0,1050.0,0,0,0,True,,
S15,507,harness,0,white_uav9,UAV,12950.0,8175.0,0,0,0,True,,
S15,507,harness,0,white_uav12,UAV,21425.0,8375.0,0,0,0,True,,
S15,507,harness,0,white_uav15,UAV,20650.0,8500.0,0,0,0,True,,
S15,507,harness,0,white_uav7,UAV,14400.0,2900.0,0,0,0,True,,
S15,507,harness,0,white_uav2,UAV,22225.0,3050.0,0,0,0,True,,
S15,507,harness,0,white_uav5,UAV,18900.0,850.0,0,0,0,True,,
S15,507,harness,0,white_uav8,UAV,15550.0,225.0,0,0,0,True,,
S15,507,harness,0,white_uav14,UAV,21900.0,2425.0,0,0,0,True,,
S15,507,harness,0,white_uav6,UAV,16475.0,175.0,0,0,0,True,,
S15,507,harness,0,white_uav11,UAV,19675.0,1525.0,0,0,0,True,,
S15,507,harness,0,white_uav10,UAV,14650.0,475.0,0,0,0,True,,
S15,507,harness,0,white_uav13,UAV,20525.0,1075.0,0,0,0,True,,
S15,508,harness,0,white_usv2,USV,12550.0,1350.0,5,0,2,False,8259,unknown
S15,508,harness,0,white_usv5,USV,12950.0,100.0,5,0,3,True,,
S15,508,harness,0,white_usv3,USV,12500.0,0.0,3,0,2,False,8259,unknown
S15,508,harness,0,white_usv6,USV,12525.0,25.0,2,2,2,False,8259,unknown
S15,508,harness,0,white_usv8,USV,12575.0,200.0,2,0,2,True,,
S15,508,harness,0,white_usv9,USV,12600.0,100.0,3,0,4,True,,
S15,508,harness,0,white_usv10,USV,12475.0,100.0,3,0,4,True,,
S15,508,harness,0,white_usv12,USV,12725.0,275.0,1,2,2,True,,
S15,508,harness,0,white_usv15,USV,12525.0,1175.0,1,0,2,True,,
S15,508,harness,0,white_usv11,USV,12525.0,0.0,2,0,3,True,,
S15,508,harness,0,white_usv14,USV,13750.0,0.0,1,2,2,False,9765,unknown
S15,508,harness,0,white_usv1,USV,13800.0,875.0,2,1,1,True,,
S15,508,harness,0,white_usv4,USV,13250.0,0.0,0,2,2,True,,
S15,508,harness,0,white_usv7,USV,12525.0,0.0,0,3,3,True,,
S15,508,harness,0,white_usv13,USV,12800.0,0.0,0,2,2,True,,
S15,508,harness,0,white_uav3,UAV,20775.0,11125.0,0,0,0,True,,
S15,508,harness,0,white_uav2,UAV,20850.0,5450.0,0,0,0,True,,
S15,508,harness,0,white_uav8,UAV,17875.0,10700.0,0,0,0,True,,
S15,508,harness,0,white_uav11,UAV,18325.0,7775.0,0,0,0,True,,
S15,508,harness,0,white_uav14,UAV,20875.0,8600.0,0,0,0,True,,
S15,508,harness,0,white_uav6,UAV,14475.0,3225.0,0,0,0,True,,
S15,508,harness,0,white_uav1,UAV,20125.0,3600.0,0,0,0,True,,
S15,508,harness,0,white_uav4,UAV,20325.0,1600.0,0,0,0,True,,
S15,508,harness,0,white_uav7,UAV,13750.0,225.0,0,0,0,True,,
S15,508,harness,0,white_uav10,UAV,14200.0,875.0,0,0,0,True,,
S15,508,harness,0,white_uav13,UAV,19925.0,825.0,0,0,0,True,,
S15,508,harness,0,white_uav5,UAV,19625.0,1050.0,0,0,0,True,,
S15,508,harness,0,white_uav9,UAV,13975.0,100.0,0,0,0,True,,
S15,508,harness,0,white_uav12,UAV,20000.0,1350.0,0,0,0,True,,
S15,508,harness,0,white_uav15,UAV,19425.0,2350.0,0,0,0,True,,
S10,401,harness,0,white_usv6,USV,14200.0,1300.0,6,0,3,True,,
S10,401,harness,0,white_usv10,USV,15675.0,1625.0,2,0,3,True,,
S10,401,harness,0,white_usv4,USV,14850.0,400.0,4,0,5,True,,
S10,401,harness,0,white_usv1,USV,14425.0,1550.0,2,2,2,True,,
S10,401,harness,0,white_usv2,USV,15475.0,0.0,1,0,4,True,,
S10,401,harness,0,white_usv3,USV,14600.0,0.0,1,0,3,True,,
S10,401,harness,0,white_usv7,USV,14775.0,0.0,1,5,6,True,,
S10,401,harness,0,white_usv8,USV,12900.0,0.0,1,0,3,False,9220,unknown
S10,401,harness,0,white_usv5,USV,13425.0,0.0,2,0,3,False,9220,unknown
S10,401,harness,0,white_usv9,USV,15250.0,0.0,0,3,3,True,,
S10,401,harness,0,white_uav6,UAV,19450.0,11625.0,0,0,0,True,,
S10,401,harness,0,white_uav4,UAV,20075.0,7650.0,0,0,0,True,,
S10,401,harness,0,white_uav7,UAV,18100.0,4525.0,0,0,0,True,,
S10,401,harness,0,white_uav2,UAV,22425.0,11525.0,0,0,0,True,,
S10,401,harness,0,white_uav9,UAV,22600.0,10700.0,0,0,0,True,,
S10,401,harness,0,white_uav1,UAV,21400.0,7350.0,0,0,0,True,,
S10,401,harness,0,white_uav3,UAV,19975.0,5250.0,0,0,0,True,,
S10,401,harness,0,white_uav10,UAV,22800.0,7175.0,0,0,0,True,,
S10,401,harness,0,white_uav5,UAV,18250.0,1975.0,0,0,0,True,,
S10,401,harness,0,white_uav8,UAV,21575.0,4400.0,0,0,0,True,,
S10,402,harness,0,white_usv4,USV,12850.0,1325.0,4,0,4,True,,
S10,402,harness,0,white_usv7,USV,13350.0,575.0,2,0,3,True,,
S10,402,harness,0,white_usv2,USV,12925.0,550.0,2,1,6,False,9831,unknown
S10,402,harness,0,white_usv6,USV,13100.0,0.0,1,0,4,True,,
S10,402,harness,0,white_usv1,USV,12450.0,975.0,2,0,2,False,9831,unknown
S10,402,harness,0,white_usv3,USV,12950.0,0.0,3,1,4,False,9831,unknown
S10,402,harness,0,white_usv5,USV,13200.0,0.0,1,2,5,True,,
S10,402,harness,0,white_usv8,USV,13375.0,175.0,0,1,4,True,,
S10,402,harness,0,white_usv9,USV,13375.0,350.0,2,1,2,True,,
S10,402,harness,0,white_usv10,USV,13225.0,900.0,1,2,4,True,,
S10,402,harness,0,white_uav1,UAV,19350.0,11500.0,0,0,0,True,,
S10,402,harness,0,white_uav10,UAV,17550.0,8225.0,0,0,0,True,,
S10,402,harness,0,white_uav2,UAV,21325.0,5550.0,0,0,0,True,,
S10,402,harness,0,white_uav3,UAV,20200.0,3575.0,0,0,0,True,,
S10,402,harness,0,white_uav9,UAV,18400.0,6350.0,0,0,0,True,,
S10,402,harness,0,white_uav5,UAV,15375.0,5650.0,0,0,0,True,,
S10,402,harness,0,white_uav7,UAV,18775.0,6750.0,0,0,0,True,,
S10,402,harness,0,white_uav8,UAV,18650.0,875.0,0,0,0,True,,
S10,402,harness,0,white_uav6,UAV,14525.0,400.0,0,0,0,True,,
S10,402,harness,0,white_uav4,UAV,18600.0,950.0,0,0,0,True,,
S10,403,harness,0,white_usv7,USV,14125.0,1450.0,5,0,2,True,,
S10,403,harness,0,white_usv6,USV,13525.0,200.0,4,0,4,True,,
S10,403,harness,0,white_usv10,USV,14750.0,1600.0,2,0,1,True,,
S10,403,harness,0,white_usv1,USV,13100.0,1950.0,3,1,3,True,,
S10,403,harness,0,white_usv4,USV,12850.0,0.0,2,0,5,True,,
S10,403,harness,0,white_usv3,USV,12775.0,0.0,1,1,5,True,,
S10,403,harness,0,white_usv5,USV,13425.0,0.0,1,1,3,True,,
S10,403,harness,0,white_usv2,USV,12875.0,0.0,1,1,3,False,8784,unknown
S10,403,harness,0,white_usv8,USV,13600.0,0.0,0,4,4,True,,
S10,403,harness,0,white_usv9,USV,13975.0,0.0,1,2,2,True,,
S10,403,harness,0,white_uav4,UAV,18825.0,11525.0,0,0,0,True,,
S10,403,harness,0,white_uav3,UAV,20100.0,5325.0,0,0,0,True,,
S10,403,harness,0,white_uav2,UAV,20675.0,7025.0,0,0,0,True,,
S10,403,harness,0,white_uav6,UAV,12600.0,6075.0,0,0,0,True,,
S10,403,harness,0,white_uav1,UAV,22400.0,5925.0,0,0,0,True,,
S10,403,harness,0,white_uav5,UAV,13800.0,675.0,0,0,0,True,,
S10,403,harness,0,white_uav8,UAV,20650.0,8950.0,0,0,0,True,,
S10,403,harness,0,white_uav9,UAV,21150.0,5525.0,0,0,0,True,,
S10,403,harness,0,white_uav10,UAV,21425.0,4825.0,0,0,0,True,,
S10,403,harness,0,white_uav7,UAV,20025.0,2050.0,0,0,0,True,,
S10,401,harness,0,white_usv3,USV,14350.0,1400.0,4,0,3,True,,
S10,401,harness,0,white_usv4,USV,15500.0,100.0,4,0,2,True,,
S10,401,harness,0,white_usv6,USV,15675.0,400.0,3,0,2,True,,
S10,401,harness,0,white_usv7,USV,13275.0,175.0,2,1,2,False,9023,unknown
S10,401,harness,0,white_usv9,USV,13025.0,500.0,3,3,3,True,,
S10,401,harness,0,white_usv10,USV,16125.0,925.0,1,0,1,True,,
S10,401,harness,0,white_usv2,USV,15350.0,350.0,1,0,2,True,,
S10,401,harness,0,white_usv5,USV,14575.0,0.0,1,2,2,True,,
S10,401,harness,0,white_usv8,USV,15025.0,0.0,0,1,2,True,,
S10,401,harness,0,white_usv1,USV,14125.0,1025.0,1,3,3,True,,
S10,401,harness,0,white_uav6,UAV,20175.0,12500.0,0,0,0,True,,
S10,401,harness,0,white_uav9,UAV,22675.0,12550.0,0,0,0,True,,
S10,401,harness,0,white_uav5,UAV,17975.0,3625.0,0,0,0,True,,
S10,401,harness,0,white_uav8,UAV,19775.0,4450.0,0,0,0,True,,
S10,401,harness,0,white_uav7,UAV,16925.0,800.0,0,0,0,True,,
S10,401,harness,0,white_uav2,UAV,22650.0,11400.0,0,0,0,True,,
S10,401,harness,0,white_uav4,UAV,17475.0,4750.0,0,0,0,True,,
S10,401,harness,0,white_uav3,UAV,22725.0,3625.0,0,0,0,True,,
S10,401,harness,0,white_uav1,UAV,21950.0,6200.0,0,0,0,True,,
S10,401,harness,0,white_uav10,UAV,23325.0,5575.0,0,0,0,True,,
S10,402,harness,0,white_usv5,USV,13300.0,1300.0,5,0,2,True,,
S10,402,harness,0,white_usv8,USV,13200.0,600.0,3,0,3,True,,
S10,402,harness,0,white_usv4,USV,12550.0,175.0,2,0,4,True,,
S10,402,harness,0,white_usv2,USV,12700.0,525.0,2,0,4,True,,
S10,402,harness,0,white_usv6,USV,13250.0,0.0,3,0,3,True,,
S10,402,harness,0,white_usv10,USV,14500.0,1275.0,1,0,4,True,,
S10,402,harness,0,white_usv1,USV,12700.0,925.0,1,0,2,False,8277,unknown
S10,402,harness,0,white_usv3,USV,13350.0,0.0,1,1,4,True,,
S10,402,harness,0,white_usv7,USV,13100.0,0.0,1,4,5,True,,
S10,402,harness,0,white_usv9,USV,12900.0,0.0,0,4,4,True,,
S10,402,harness,0,white_uav2,UAV,21725.0,12500.0,0,0,0,True,,
S10,402,harness,0,white_uav4,UAV,18225.0,6925.0,0,0,0,True,,
S10,402,harness,0,white_uav6,UAV,14750.0,5275.0,0,0,0,True,,
S10,402,harness,0,white_uav10,UAV,18700.0,8825.0,0,0,0,True,,
S10,402,harness,0,white_uav1,UAV,21100.0,3050.0,0,0,0,True,,
S10,402,harness,0,white_uav7,UAV,16800.0,3950.0,0,0,0,True,,
S10,402,harness,0,white_uav8,UAV,17600.0,2725.0,0,0,0,True,,
S10,402,harness,0,white_uav3,UAV,18075.0,500.0,0,0,0,True,,
S10,402,harness,0,white_uav9,UAV,18250.0,700.0,0,0,0,True,,
S10,402,harness,0,white_uav5,UAV,15025.0,475.0,0,0,0,True,,
S10,403,harness,0,white_usv3,USV,13300.0,1400.0,6,0,3,True,,
S10,403,harness,0,white_usv10,USV,13575.0,2225.0,5,0,2,True,,
S10,403,harness,0,white_usv4,USV,13200.0,0.0,1,1,4,True,,
S10,403,harness,0,white_usv6,USV,13425.0,0.0,1,0,2,True,,
S10,403,harness,0,white_usv1,USV,12900.0,1325.0,2,0,2,False,8223,unknown
S10,403,harness,0,white_usv8,USV,13250.0,0.0,1,0,1,True,,
S10,403,harness,0,white_usv5,USV,13250.0,0.0,2,2,2,True,,
S10,403,harness,0,white_usv2,USV,12850.0,0.0,0,3,4,True,,
S10,403,harness,0,white_usv7,USV,13450.0,0.0,1,2,2,True,,
S10,403,harness,0,white_usv9,USV,13000.0,0.0,1,2,2,True,,
S10,403,harness,0,white_uav5,UAV,15700.0,10550.0,0,0,0,True,,
S10,403,harness,0,white_uav4,UAV,17175.0,3175.0,0,0,0,True,,
S10,403,harness,0,white_uav6,UAV,13150.0,3225.0,0,0,0,True,,
S10,403,harness,0,white_uav10,UAV,17350.0,7925.0,0,0,0,True,,
S10,403,harness,0,white_uav8,UAV,17100.0,5150.0,0,0,0,True,,
S10,403,harness,0,white_uav2,UAV,18425.0,6775.0,0,0,0,True,,
S10,403,harness,0,white_uav1,UAV,20225.0,4850.0,0,0,0,True,,
S10,403,harness,0,white_uav3,UAV,19500.0,550.0,0,0,0,True,,
S10,403,harness,0,white_uav9,UAV,17475.0,775.0,0,0,0,True,,
S10,403,harness,0,white_uav7,UAV,15525.0,1050.0,0,0,0,True,,
L10_65,301,harness,0,white_usv1,USV,12525.0,2150.0,15,2,3,False,8634,unknown
L10_65,301,harness,0,white_usv4,USV,20275.0,475.0,11,2,10,True,,
L10_65,301,harness,0,white_usv10,USV,20000.0,1850.0,8,2,8,True,,
L10_65,301,harness,0,white_usv7,USV,18575.0,0.0,7,5,9,True,,
L10_65,301,harness,0,white_usv9,USV,12450.0,0.0,6,2,7,False,9950,unknown
L10_65,301,harness,0,white_usv3,USV,12475.0,0.0,2,2,4,False,8825,unknown
L10_65,301,harness,0,white_usv6,USV,19100.0,0.0,6,8,10,True,,
L10_65,301,harness,0,white_usv8,USV,12725.0,0.0,5,4,9,False,11797,unknown
L10_65,301,harness,0,white_usv2,USV,12450.0,0.0,2,3,6,False,10656,unknown
L10_65,301,harness,0,white_usv5,USV,12550.0,0.0,4,3,6,False,9950,unknown
L10_65,301,harness,0,white_uav3,UAV,28825.0,10725.0,0,0,0,True,,
L10_65,301,harness,0,white_uav6,UAV,23875.0,10675.0,0,0,0,True,,
L10_65,301,harness,0,white_uav9,UAV,25850.0,11275.0,0,0,0,True,,
L10_65,301,harness,0,white_uav5,UAV,24825.0,3300.0,0,0,0,True,,
L10_65,301,harness,0,white_uav2,UAV,29200.0,4850.0,0,0,0,True,,
L10_65,301,harness,0,white_uav1,UAV,28750.0,6275.0,0,0,0,True,,
L10_65,301,harness,0,white_uav4,UAV,28400.0,2725.0,0,0,0,True,,
L10_65,301,harness,0,white_uav7,UAV,22125.0,3950.0,0,0,0,True,,
L10_65,301,harness,0,white_uav10,UAV,26125.0,7375.0,0,0,0,True,,
L10_65,301,harness,0,white_uav8,UAV,26850.0,8100.0,0,0,0,True,,
L5_20,301,harness,0,white_usv3,USV,15025.0,1825.0,10,0,5,True,,
L5_20,301,harness,0,white_usv2,USV,12600.0,575.0,5,0,2,False,8292,unknown
L5_20,301,harness,0,white_usv1,USV,12600.0,1750.0,2,2,4,False,9529,unknown
L5_20,301,harness,0,white_usv4,USV,14200.0,575.0,1,1,8,True,,
L5_20,301,harness,0,white_usv5,USV,14550.0,1625.0,1,6,8,True,,
L5_20,301,harness,0,white_uav1,UAV,21100.0,10225.0,0,0,0,True,,
L5_20,301,harness,0,white_uav4,UAV,15625.0,7875.0,0,0,0,True,,
L5_20,301,harness,0,white_uav2,UAV,17150.0,6350.0,0,0,0,True,,
L5_20,301,harness,0,white_uav3,UAV,15925.0,3900.0,0,0,0,True,,
L5_20,301,harness,0,white_uav5,UAV,17375.0,8925.0,0,0,0,True,,
L5_20,302,harness,0,white_usv3,USV,15450.0,1650.0,8,0,5,True,,
L5_20,302,harness,0,white_usv2,USV,17900.0,600.0,3,0,3,True,,
L5_20,302,harness,0,white_usv4,USV,17625.0,550.0,3,3,4,True,,
L5_20,302,harness,0,white_usv5,USV,15750.0,1775.0,2,2,5,True,,
L5_20,302,harness,0,white_usv1,USV,17450.0,1650.0,2,4,4,True,,
L5_20,302,harness,0,white_uav3,UAV,22600.0,12475.0,0,0,0,True,,
L5_20,302,harness,0,white_uav4,UAV,20750.0,8600.0,0,0,0,True,,
L5_20,302,harness,0,white_uav1,UAV,25225.0,11425.0,0,0,0,True,,
L5_20,302,harness,0,white_uav2,UAV,24950.0,7225.0,0,0,0,True,,
L5_20,302,harness,0,white_uav5,UAV,22750.0,10275.0,0,0,0,True,,
L5_20,303,harness,0,white_usv2,USV,15150.0,1975.0,7,2,5,True,,
L5_20,303,harness,0,white_usv5,USV,15750.0,2775.0,4,1,4,True,,
L5_20,303,harness,0,white_usv4,USV,17300.0,0.0,3,2,4,True,,
L5_20,303,harness,0,white_usv3,USV,15175.0,0.0,3,4,5,True,,
L5_20,303,harness,0,white_usv1,USV,13375.0,1625.0,0,0,0,False,8617,unknown
L5_20,303,harness,0,white_uav3,UAV,55075.0,28875.0,0,0,0,True,,
L5_20,303,harness,0,white_uav1,UAV,48175.0,14200.0,0,0,0,True,,
L5_20,303,harness,0,white_uav2,UAV,56175.0,9200.0,0,0,0,True,,
L5_20,303,harness,0,white_uav4,UAV,62525.0,26550.0,0,0,0,True,,
L5_20,303,harness,0,white_uav5,UAV,59650.0,21550.0,0,0,0,True,,
L5_25,301,harness,0,white_usv4,USV,15825.0,1625.0,11,0,8,False,13955,unknown
L5_25,301,harness,0,white_usv3,USV,12625.0,350.0,5,2,3,False,9295,unknown
L5_25,301,harness,0,white_usv5,USV,12425.0,1725.0,4,3,4,False,9295,unknown
L5_25,301,harness,0,white_usv2,USV,14500.0,525.0,4,3,7,True,,
L5_25,301,harness,0,white_usv1,USV,16075.0,1625.0,1,4,4,True,,
L5_25,301,harness,0,white_uav2,UAV,19675.0,10700.0,0,0,0,True,,
L5_25,301,harness,0,white_uav5,UAV,20625.0,13100.0,0,0,0,True,,
L5_25,301,harness,0,white_uav1,UAV,20650.0,6300.0,0,0,0,True,,
L5_25,301,harness,0,white_uav3,UAV,17425.0,5350.0,0,0,0,True,,
L5_25,301,harness,0,white_uav4,UAV,20025.0,9550.0,0,0,0,True,,
L5_25,302,harness,0,white_usv3,USV,16375.0,1800.0,10,0,5,True,,
L5_25,302,harness,0,white_usv1,USV,17275.0,2175.0,3,4,6,True,,
L5_25,302,harness,0,white_usv5,USV,15200.0,2200.0,6,4,6,True,,
L5_25,302,harness,0,white_usv2,USV,17375.0,0.0,5,3,4,True,,
L5_25,302,harness,0,white_usv4,USV,12750.0,0.0,1,1,2,False,9704,unknown
L5_25,302,harness,0,white_uav3,UAV,25975.0,10975.0,0,0,0,True,,
L5_25,302,harness,0,white_uav4,UAV,23725.0,10725.0,0,0,0,True,,
L5_25,302,harness,0,white_uav2,UAV,26975.0,7700.0,0,0,0,True,,
L5_25,302,harness,0,white_uav5,UAV,26600.0,10975.0,0,0,0,True,,
L5_25,302,harness,0,white_uav1,UAV,25400.0,10800.0,0,0,0,True,,
L5_25,303,harness,0,white_usv1,USV,14575.0,3100.0,7,2,5,True,,
L5_25,303,harness,0,white_usv3,USV,14275.0,650.0,9,3,5,True,,
L5_25,303,harness,0,white_usv5,USV,12675.0,2300.0,5,2,3,False,9587,unknown
L5_25,303,harness,0,white_usv2,USV,12700.0,0.0,3,2,2,False,8679,unknown
L5_25,303,harness,0,white_usv4,USV,13200.0,0.0,2,4,5,True,,
L5_25,303,harness,0,white_uav2,UAV,24525.0,12550.0,0,0,0,True,,
L5_25,303,harness,0,white_uav4,UAV,18525.0,7375.0,0,0,0,True,,
L5_25,303,harness,0,white_uav1,UAV,18700.0,8850.0,0,0,0,True,,
L5_25,303,harness,0,white_uav5,UAV,20775.0,6300.0,0,0,0,True,,
L5_25,303,harness,0,white_uav3,UAV,15925.0,3500.0,0,0,0,True,,
L5_30,301,harness,0,white_usv3,USV,17700.0,1600.0,13,2,6,True,,
L5_30,301,harness,0,white_usv1,USV,12975.0,2200.0,2,2,4,False,11246,unknown
L5_30,301,harness,0,white_usv5,USV,16900.0,2275.0,8,7,8,True,,
L5_30,301,harness,0,white_usv2,USV,12375.0,0.0,3,1,3,False,9268,unknown
L5_30,301,harness,0,white_usv4,USV,12875.0,0.0,3,2,4,False,10219,unknown
L5_30,301,harness,0,white_uav1,UAV,23750.0,10975.0,0,0,0,True,,
L5_30,301,harness,0,white_uav4,UAV,22725.0,15575.0,0,0,0,True,,
L5_30,301,harness,0,white_uav2,UAV,21900.0,6725.0,0,0,0,True,,
L5_30,301,harness,0,white_uav3,UAV,18800.0,3975.0,0,0,0,True,,
L5_30,301,harness,0,white_uav5,UAV,21250.0,11175.0,0,0,0,True,,
L5_30,302,harness,0,white_usv3,USV,12875.0,1550.0,11,0,2,False,8644,unknown
L5_30,302,harness,0,white_usv4,USV,22625.0,1400.0,11,7,9,True,,
L5_30,302,harness,0,white_usv2,USV,22300.0,625.0,5,5,6,True,,
L5_30,302,harness,0,white_usv1,USV,12650.0,1675.0,2,2,4,False,9213,unknown
L5_30,302,harness,0,white_usv5,USV,13175.0,1650.0,1,1,1,False,9213,unknown
L5_30,302,harness,0,white_uav2,UAV,39875.0,19250.0,0,0,0,True,,
L5_30,302,harness,0,white_uav1,UAV,43675.0,12950.0,0,0,0,True,,
L5_30,302,harness,0,white_uav3,UAV,43075.0,10550.0,0,0,0,True,,
L5_30,302,harness,0,white_uav4,UAV,45900.0,16325.0,0,0,0,True,,
L5_30,302,harness,0,white_uav5,UAV,48350.0,31950.0,0,0,0,True,,
L5_30,303,harness,0,white_usv1,USV,15475.0,3400.0,12,5,5,True,,
L5_30,303,harness,0,white_usv4,USV,16750.0,1200.0,8,2,5,True,,
L5_30,303,harness,0,white_usv3,USV,12400.0,0.0,4,1,2,False,9837,unknown
L5_30,303,harness,0,white_usv2,USV,12575.0,0.0,2,1,3,False,8541,unknown
L5_30,303,harness,0,white_usv5,USV,12425.0,1800.0,2,3,3,False,9026,unknown
L5_30,303,harness,0,white_uav3,UAV,47675.0,23825.0,0,0,0,True,,
L5_30,303,harness,0,white_uav4,UAV,42075.0,17075.0,0,0,0,True,,
L5_30,303,harness,0,white_uav5,UAV,36875.0,23975.0,0,0,0,False,19223,unknown
L5_30,303,harness,0,white_uav2,UAV,48650.0,13700.0,0,0,0,True,,
L5_30,303,harness,0,white_uav1,UAV,46450.0,14800.0,0,0,0,True,,
L5_35,301,harness,0,white_usv5,USV,18375.0,2875.0,13,1,4,True,,
L5_35,301,harness,0,white_usv3,USV,18750.0,750.0,9,1,7,True,,
L5_35,301,harness,0,white_usv4,USV,19950.0,75.0,5,5,7,True,,
L5_35,301,harness,0,white_usv1,USV,16725.0,2275.0,5,5,6,True,,
L5_35,301,harness,0,white_usv2,USV,12450.0,0.0,2,3,4,False,9247,unknown
L5_35,301,harness,0,white_uav1,UAV,46900.0,21350.0,0,0,0,True,,
L5_35,301,harness,0,white_uav2,UAV,47200.0,13250.0,0,0,0,True,,
L5_35,301,harness,0,white_uav5,UAV,53575.0,30500.0,0,0,0,True,,
L5_35,301,harness,0,white_uav3,UAV,43225.0,13300.0,0,0,0,True,,
L5_35,301,harness,0,white_uav4,UAV,46375.0,11575.0,0,0,0,True,,
L5_35,302,harness,0,white_usv3,USV,12600.0,1500.0,13,2,3,False,9279,unknown
L5_35,302,harness,0,white_usv1,USV,12725.0,2200.0,8,3,4,False,9898,unknown
L5_35,302,harness,0,white_usv2,USV,17775.0,75.0,9,4,7,True,,
L5_35,302,harness,0,white_usv5,USV,12450.0,2200.0,3,1,5,False,10605,unknown
L5_35,302,harness,0,white_usv4,USV,19800.0,50.0,2,6,8,True,,
L5_35,302,harness,0,white_uav1,UAV,34675.0,11975.0,0,0,0,True,,
L5_35,302,harness,0,white_uav3,UAV,23625.0,10600.0,0,0,0,True,,
L5_35,302,harness,0,white_uav4,UAV,25125.0,10400.0,0,0,0,True,,
L5_35,302,harness,0,white_uav5,UAV,24550.0,11300.0,0,0,0,True,,
L5_35,302,harness,0,white_uav2,UAV,27050.0,7300.0,0,0,0,True,,
L5_35,303,harness,0,white_usv4,USV,12600.0,1725.0,8,1,6,False,10077,unknown
L5_35,303,harness,0,white_usv1,USV,12725.0,2625.0,7,1,5,False,10077,unknown
L5_35,303,harness,0,white_usv3,USV,12500.0,0.0,10,5,6,False,13594,unknown
L5_35,303,harness,0,white_usv5,USV,15225.0,1750.0,4,4,5,True,,
L5_35,303,harness,0,white_usv2,USV,14325.0,0.0,5,3,3,True,,
L5_35,303,harness,0,white_uav2,UAV,20950.0,9950.0,0,0,0,True,,
L5_35,303,harness,0,white_uav3,UAV,15900.0,7600.0,0,0,0,True,,
L5_35,303,harness,0,white_uav4,UAV,19450.0,7100.0,0,0,0,True,,
L5_35,303,harness,0,white_uav5,UAV,20325.0,9900.0,0,0,0,True,,
L5_35,303,harness,0,white_uav1,UAV,23000.0,10825.0,0,0,0,True,,
L5_40,301,harness,0,white_usv2,USV,19725.0,1900.0,8,3,7,True,,
L5_40,301,harness,0,white_usv5,USV,20375.0,2450.0,4,4,5,True,,
L5_40,301,harness,0,white_usv4,USV,19475.0,350.0,14,4,8,True,,
L5_40,301,harness,0,white_usv3,USV,18750.0,0.0,10,2,5,True,,
L5_40,301,harness,0,white_usv1,USV,19500.0,1600.0,2,3,4,True,,
L5_40,301,harness,0,white_uav4,UAV,44775.0,31000.0,0,0,0,True,,
L5_40,301,harness,0,white_uav1,UAV,46200.0,13525.0,0,0,0,True,,
L5_40,301,harness,0,white_uav2,UAV,43575.0,8575.0,0,0,0,True,,
L5_40,301,harness,0,white_uav3,UAV,36625.0,7275.0,0,0,0,True,,
L5_40,301,harness,0,white_uav5,UAV,47050.0,20650.0,0,0,0,True,,
L5_40,302,harness,0,white_usv4,USV,12425.0,1475.0,12,3,5,False,10445,unknown
L5_40,302,harness,0,white_usv3,USV,19950.0,950.0,13,3,7,True,,
L5_40,302,harness,0,white_usv5,USV,12625.0,1625.0,6,2,5,False,10445,unknown
L5_40,302,harness,0,white_usv2,USV,20475.0,700.0,6,6,8,True,,
L5_40,302,harness,0,white_usv1,USV,12825.0,1550.0,1,1,2,False,8510,unknown
L5_40,302,harness,0,white_uav2,UAV,44625.0,18100.0,0,0,0,False,25126,unknown
L5_40,302,harness,0,white_uav3,UAV,45700.0,13550.0,0,0,0,False,25126,unknown
L5_40,302,harness,0,white_uav5,UAV,52825.0,31650.0,0,0,0,False,25126,unknown
L5_40,302,harness,0,white_uav1,UAV,46200.0,8150.0,0,0,0,False,25126,unknown
L5_40,302,harness,0,white_uav4,UAV,46250.0,19600.0,0,0,0,False,25126,unknown
L5_40,303,harness,0,white_usv1,USV,14350.0,3100.0,10,4,5,True,,
L5_40,303,harness,0,white_usv5,USV,14550.0,2800.0,10,2,5,True,,
L5_40,303,harness,0,white_usv4,USV,14175.0,0.0,7,0,5,True,,
L5_40,303,harness,0,white_usv2,USV,12450.0,0.0,5,5,8,False,11929,unknown
L5_40,303,harness,0,white_usv3,USV,16250.0,100.0,5,5,6,True,,
L5_40,303,harness,0,white_uav1,UAV,23725.0,13700.0,0,0,0,True,,
L5_40,303,harness,0,white_uav4,UAV,20700.0,12625.0,0,0,0,True,,
L5_40,303,harness,0,white_uav3,UAV,17075.0,7325.0,0,0,0,True,,
L5_40,303,harness,0,white_uav5,UAV,23000.0,11250.0,0,0,0,True,,
L5_40,303,harness,0,white_uav2,UAV,21850.0,7600.0,0,0,0,False,16581,unknown
L5_45,301,harness,0,white_usv1,USV,12900.0,2800.0,3,4,5,False,11607,unknown
L5_45,301,harness,0,white_usv4,USV,12450.0,1050.0,15,0,5,False,9933,unknown
L5_45,301,harness,0,white_usv3,USV,19475.0,125.0,13,1,7,True,,
L5_45,301,harness,0,white_usv5,USV,19900.0,1800.0,8,5,7,True,,
L5_45,301,harness,0,white_usv2,USV,19050.0,225.0,5,8,9,True,,
L5_45,301,harness,0,white_uav4,UAV,36275.0,27825.0,0,0,0,True,,
L5_45,301,harness,0,white_uav1,UAV,38050.0,11675.0,0,0,0,True,,
L5_45,301,harness,0,white_uav3,UAV,32000.0,8825.0,0,0,0,True,,
L5_45,301,harness,0,white_uav5,UAV,34625.0,20675.0,0,0,0,True,,
L5_45,301,harness,0,white_uav2,UAV,38825.0,7650.0,0,0,0,True,,
L5_45,302,harness,0,white_usv5,USV,20500.0,3075.0,17,3,9,True,,
L5_45,302,harness,0,white_usv4,USV,18550.0,275.0,10,2,7,True,,
L5_45,302,harness,0,white_usv1,USV,12875.0,2400.0,8,2,4,False,9540,unknown
L5_45,302,harness,0,white_usv2,USV,20225.0,1750.0,5,4,7,True,,
L5_45,302,harness,0,white_usv3,USV,20950.0,0.0,4,8,11,True,,
L5_45,302,harness,0,white_uav2,UAV,42150.0,15625.0,0,0,0,False,25116,unknown
L5_45,302,harness,0,white_uav5,UAV,40600.0,24175.0,0,0,0,False,25116,unknown
L5_45,302,harness,0,white_uav3,UAV,42950.0,16825.0,0,0,0,False,25116,unknown
L5_45,302,harness,0,white_uav1,UAV,41975.0,13375.0,0,0,0,False,25116,unknown
L5_45,302,harness,0,white_uav4,UAV,42325.0,15025.0,0,0,0,False,25116,unknown
L5_45,303,harness,0,white_usv5,USV,13300.0,2650.0,13,7,8,False,12625,unknown
L5_45,303,harness,0,white_usv1,USV,12575.0,2525.0,11,1,6,False,10996,unknown
L5_45,303,harness,0,white_usv3,USV,15150.0,0.0,11,4,7,True,,
L5_45,303,harness,0,white_usv2,USV,12500.0,0.0,7,3,6,False,11619,unknown
L5_45,303,harness,0,white_usv4,USV,12525.0,0.0,2,5,5,False,10017,unknown
L5_45,303,harness,0,white_uav3,UAV,20875.0,11275.0,0,0,0,True,,
L5_45,303,harness,0,white_uav4,UAV,22125.0,8425.0,0,0,0,True,,
L5_45,303,harness,0,white_uav1,UAV,23750.0,10150.0,0,0,0,True,,
L5_45,303,harness,0,white_uav5,UAV,20575.0,8700.0,0,0,0,True,,
L5_45,303,harness,0,white_uav2,UAV,21275.0,6150.0,0,0,0,True,,
L10_50,301,harness,0,white_usv1,USV,12525.0,2250.0,17,1,3,False,8435,unknown
L10_50,301,harness,0,white_usv2,USV,12500.0,50.0,8,1,3,False,9230,unknown
L10_50,301,harness,0,white_usv5,USV,14725.0,275.0,7,2,8,True,,
L10_50,301,harness,0,white_usv8,USV,18550.0,575.0,3,2,5,True,,
L10_50,301,harness,0,white_usv4,USV,16800.0,0.0,5,7,10,True,,
L10_50,301,harness,0,white_usv7,USV,15225.0,0.0,4,2,4,True,,
L10_50,301,harness,0,white_usv10,USV,12800.0,1250.0,2,0,5,False,10307,unknown
L10_50,301,harness,0,white_usv3,USV,12500.0,0.0,1,1,3,False,8435,unknown
L10_50,301,harness,0,white_usv6,USV,12625.0,0.0,1,2,2,False,8276,unknown
L10_50,301,harness,0,white_usv9,USV,12725.0,0.0,0,5,5,False,10307,unknown
L10_50,301,harness,0,white_uav1,UAV,25375.0,8625.0,0,0,0,True,,
L10_50,301,harness,0,white_uav4,UAV,23075.0,9350.0,0,0,0,True,,
L10_50,301,harness,0,white_uav7,UAV,18925.0,8550.0,0,0,0,True,,
L10_50,301,harness,0,white_uav10,UAV,22425.0,9425.0,0,0,0,True,,
L10_50,301,harness,0,white_uav3,UAV,25725.0,4075.0,0,0,0,True,,
L10_50,301,harness,0,white_uav6,UAV,17600.0,2425.0,0,0,0,True,,
L10_50,301,harness,0,white_uav9,UAV,23325.0,5475.0,0,0,0,True,,
L10_50,301,harness,0,white_uav2,UAV,24750.0,4375.0,0,0,0,True,,
L10_50,301,harness,0,white_uav8,UAV,23400.0,6825.0,0,0,0,True,,
L10_50,301,harness,0,white_uav5,UAV,22350.0,550.0,0,0,0,True,,
L10_50,302,harness,0,white_usv7,USV,19925.0,975.0,12,2,7,True,,
L10_50,302,harness,0,white_usv9,USV,12525.0,425.0,9,2,5,False,9557,unknown
L10_50,302,harness,0,white_usv5,USV,12650.0,275.0,5,0,5,False,9557,unknown
L10_50,302,harness,0,white_usv2,USV,19175.0,625.0,7,3,7,True,,
L10_50,302,harness,0,white_usv6,USV,24225.0,650.0,4,1,6,True,,
L10_50,302,harness,0,white_usv4,USV,18975.0,0.0,2,5,7,True,,
L10_50,302,harness,0,white_usv8,USV,24000.0,0.0,2,3,4,True,,
L10_50,302,harness,0,white_usv10,USV,12575.0,1025.0,3,1,2,False,8581,unknown
L10_50,302,harness,0,white_usv1,USV,23750.0,975.0,3,3,5,True,,
L10_50,302,harness,0,white_usv3,USV,12925.0,0.0,1,2,3,False,9266,unknown
L10_50,302,harness,0,white_uav6,UAV,37125.0,17525.0,0,0,0,False,26827,unknown
L10_50,302,harness,0,white_uav9,UAV,28325.0,9200.0,0,0,0,False,26827,unknown
L10_50,302,harness,0,white_uav1,UAV,37725.0,12225.0,0,0,0,False,26827,unknown
L10_50,302,harness,0,white_uav8,UAV,26475.0,3100.0,0,0,0,False,26827,unknown
L10_50,302,harness,0,white_uav4,UAV,33450.0,7250.0,0,0,0,False,26827,unknown
L10_50,302,harness,0,white_uav10,UAV,38050.0,16975.0,0,0,0,False,26827,unknown
L10_50,302,harness,0,white_uav2,UAV,33375.0,4200.0,0,0,0,False,26827,unknown
L10_50,302,harness,0,white_uav3,UAV,33400.0,800.0,0,0,0,False,26827,unknown
L10_50,302,harness,0,white_uav5,UAV,31850.0,2500.0,0,0,0,False,26827,unknown
L10_50,302,harness,0,white_uav7,UAV,29750.0,1450.0,0,0,0,False,26827,unknown
L10_50,303,harness,0,white_usv7,USV,13475.0,975.0,13,2,4,True,,
L10_50,303,harness,0,white_usv10,USV,14650.0,1475.0,8,0,4,True,,
L10_50,303,harness,0,white_usv2,USV,12625.0,900.0,7,4,5,True,,
L10_50,303,harness,0,white_usv4,USV,12475.0,0.0,4,2,4,False,10180,unknown
L10_50,303,harness,0,white_usv6,USV,12725.0,0.0,4,1,3,False,9719,unknown
L10_50,303,harness,0,white_usv9,USV,14925.0,0.0,3,1,5,True,,
L10_50,303,harness,0,white_usv1,USV,13275.0,975.0,4,3,6,True,,
L10_50,303,harness,0,white_usv3,USV,13350.0,0.0,2,3,5,True,,
L10_50,303,harness,0,white_usv5,USV,12600.0,0.0,2,4,4,False,9321,unknown
L10_50,303,harness,0,white_usv8,USV,12475.0,0.0,3,4,4,False,9321,unknown
L10_50,303,harness,0,white_uav3,UAV,20950.0,11925.0,0,0,0,True,,
L10_50,303,harness,0,white_uav6,UAV,14125.0,9550.0,0,0,0,True,,
L10_50,303,harness,0,white_uav9,UAV,20200.0,8150.0,0,0,0,True,,
L10_50,303,harness,0,white_uav2,UAV,20900.0,4200.0,0,0,0,True,,
L10_50,303,harness,0,white_uav5,UAV,15150.0,3675.0,0,0,0,True,,
L10_50,303,harness,0,white_uav8,UAV,19650.0,4925.0,0,0,0,True,,
L10_50,303,harness,0,white_uav10,UAV,20575.0,5250.0,0,0,0,True,,
L10_50,303,harness,0,white_uav7,UAV,16225.0,1925.0,0,0,0,True,,
L10_50,303,harness,0,white_uav4,UAV,18100.0,1325.0,0,0,0,True,,
L10_50,303,harness,0,white_uav1,UAV,21625.0,4675.0,0,0,0,True,,
L10_55,301,harness,0,white_usv1,USV,12550.0,2200.0,23,3,4,False,9633,unknown
L10_55,301,harness,0,white_usv5,USV,12675.0,300.0,9,3,8,False,11661,unknown
L10_55,301,harness,0,white_usv6,USV,12475.0,175.0,5,0,4,False,8840,unknown
L10_55,301,harness,0,white_usv8,USV,12600.0,400.0,7,4,5,False,9633,unknown
L10_55,301,harness,0,white_usv7,USV,12550.0,0.0,3,2,5,False,9633,unknown
L10_55,301,harness,0,white_usv2,USV,12575.0,0.0,2,2,4,False,9354,unknown
L10_55,301,harness,0,white_usv3,USV,20425.0,0.0,4,5,11,True,,
L10_55,301,harness,0,white_usv4,USV,12550.0,0.0,0,1,4,False,8604,unknown
L10_55,301,harness,0,white_usv9,USV,12750.0,225.0,1,1,4,False,8840,unknown
L10_55,301,harness,0,white_usv10,USV,23200.0,1025.0,2,6,8,True,,
L10_55,301,harness,0,white_uav2,UAV,31775.0,14800.0,0,0,0,True,,
L10_55,301,harness,0,white_uav3,UAV,29750.0,6575.0,0,0,0,True,,
L10_55,301,harness,0,white_uav6,UAV,22300.0,10475.0,0,0,0,True,,
L10_55,301,harness,0,white_uav1,UAV,31150.0,4050.0,0,0,0,True,,
L10_55,301,harness,0,white_uav7,UAV,22575.0,4875.0,0,0,0,True,,
L10_55,301,harness,0,white_uav8,UAV,26750.0,12825.0,0,0,0,True,,
L10_55,301,harness,0,white_uav4,UAV,27400.0,4525.0,0,0,0,True,,
L10_55,301,harness,0,white_uav5,UAV,23700.0,1325.0,0,0,0,True,,
L10_55,301,harness,0,white_uav10,UAV,26250.0,10700.0,0,0,0,True,,
L10_55,301,harness,0,white_uav9,UAV,25875.0,3375.0,0,0,0,True,,
L10_55,302,harness,0,white_usv2,USV,25375.0,1250.0,4,1,3,True,,
L10_55,302,harness,0,white_usv5,USV,12700.0,250.0,15,3,6,False,10944,unknown
L10_55,302,harness,0,white_usv8,USV,16525.0,575.0,11,0,5,True,,
L10_55,302,harness,0,white_usv1,USV,21875.0,2725.0,4,5,8,True,,
L10_55,302,harness,0,white_usv4,USV,12850.0,0.0,5,2,2,False,9242,unknown
L10_55,302,harness,0,white_usv7,USV,23075.0,0.0,6,4,8,True,,
L10_55,302,harness,0,white_usv10,USV,12450.0,1200.0,3,2,3,False,8368,unknown
L10_55,302,harness,0,white_usv3,USV,12550.0,0.0,2,1,3,False,8651,unknown
L10_55,302,harness,0,white_usv6,USV,16550.0,0.0,3,5,5,True,,
L10_55,302,harness,0,white_usv9,USV,12575.0,0.0,1,3,5,False,10457,unknown
L10_55,302,harness,0,white_uav4,UAV,38425.0,17375.0,0,0,0,False,27225,unknown
L10_55,302,harness,0,white_uav1,UAV,36850.0,10900.0,0,0,0,False,27225,unknown
L10_55,302,harness,0,white_uav10,UAV,36325.0,20175.0,0,0,0,False,27225,unknown
L10_55,302,harness,0,white_uav7,UAV,30600.0,10700.0,0,0,0,False,27225,unknown
L10_55,302,harness,0,white_uav6,UAV,29925.0,3475.0,0,0,0,False,27225,unknown
L10_55,302,harness,0,white_uav3,UAV,31450.0,5175.0,0,0,0,False,27225,unknown
L10_55,302,harness,0,white_uav9,UAV,25225.0,5150.0,0,0,0,False,27225,unknown
L10_55,302,harness,0,white_uav2,UAV,34700.0,2075.0,0,0,0,False,27225,unknown
L10_55,302,harness,0,white_uav5,UAV,28900.0,1025.0,0,0,0,False,27225,unknown
L10_55,302,harness,0,white_uav8,UAV,29450.0,3050.0,0,0,0,False,27225,unknown
L10_55,303,harness,0,white_usv1,USV,12675.0,2125.0,2,1,4,False,9682,unknown
L10_55,303,harness,0,white_usv5,USV,12600.0,300.0,18,0,5,False,9269,unknown
L10_55,303,harness,0,white_usv2,USV,12625.0,0.0,14,2,5,False,11270,unknown
L10_55,303,harness,0,white_usv4,USV,14950.0,0.0,4,3,4,True,,
L10_55,303,harness,0,white_usv6,USV,15600.0,175.0,2,1,4,True,,
L10_55,303,harness,0,white_usv9,USV,12875.0,650.0,4,0,6,True,,
L10_55,303,harness,0,white_usv10,USV,12850.0,1025.0,3,6,6,True,,
L10_55,303,harness,0,white_usv3,USV,13650.0,0.0,4,5,5,True,,
L10_55,303,harness,0,white_usv7,USV,13425.0,0.0,2,4,5,True,,
L10_55,303,harness,0,white_usv8,USV,14150.0,0.0,3,4,4,True,,
L10_55,303,harness,0,white_uav9,UAV,20925.0,11225.0,0,0,0,True,,
L10_55,303,harness,0,white_uav3,UAV,23875.0,12275.0,0,0,0,True,,
L10_55,303,harness,0,white_uav6,UAV,15500.0,9725.0,0,0,0,True,,
L10_55,303,harness,0,white_uav7,UAV,21675.0,3675.0,0,0,0,True,,
L10_55,303,harness,0,white_uav10,UAV,23050.0,6750.0,0,0,0,True,,
L10_55,303,harness,0,white_uav5,UAV,16750.0,3625.0,0,0,0,True,,
L10_55,303,harness,0,white_uav1,UAV,22625.0,8925.0,0,0,0,True,,
L10_55,303,harness,0,white_uav4,UAV,20850.0,1925.0,0,0,0,True,,
L10_55,303,harness,0,white_uav8,UAV,22675.0,2150.0,0,0,0,True,,
L10_55,303,harness,0,white_uav2,UAV,20950.0,1925.0,0,0,0,True,,
L10_60,301,harness,0,white_usv10,USV,12575.0,2250.0,20,2,7,False,11462,unknown
L10_60,301,harness,0,white_usv2,USV,14400.0,1075.0,10,3,8,True,,
L10_60,301,harness,0,white_usv6,USV,18225.0,0.0,6,2,9,True,,
L10_60,301,harness,0,white_usv3,USV,12700.0,0.0,4,2,7,False,10960,unknown
L10_60,301,harness,0,white_usv5,USV,17550.0,0.0,3,3,7,True,,
L10_60,301,harness,0,white_usv8,USV,12475.0,0.0,4,2,7,False,10188,unknown
L10_60,301,harness,0,white_usv1,USV,12650.0,925.0,4,5,7,False,10960,unknown
L10_60,301,harness,0,white_usv7,USV,12550.0,0.0,2,1,4,False,8873,unknown
L10_60,301,harness,0,white_usv9,USV,12475.0,0.0,3,4,6,False,10960,unknown
L10_60,301,harness,0,white_usv4,USV,17675.0,0.0,4,6,7,True,,
L10_60,301,harness,0,white_uav10,UAV,23600.0,11125.0,0,0,0,True,,
L10_60,301,harness,0,white_uav4,UAV,22275.0,12100.0,0,0,0,True,,
L10_60,301,harness,0,white_uav3,UAV,24450.0,7700.0,0,0,0,False,17250,unknown
L10_60,301,harness,0,white_uav9,UAV,25525.0,10550.0,0,0,0,True,,
L10_60,301,harness,0,white_uav6,UAV,21500.0,7200.0,0,0,0,False,17250,unknown
L10_60,301,harness,0,white_uav7,UAV,21650.0,3600.0,0,0,0,True,,
L10_60,301,harness,0,white_uav8,UAV,25575.0,6175.0,0,0,0,True,,
L10_60,301,harness,0,white_uav1,UAV,23775.0,8675.0,0,0,0,False,17250,unknown
L10_60,301,harness,0,white_uav2,UAV,23150.0,2225.0,0,0,0,True,,
L10_60,301,harness,0,white_uav5,UAV,18900.0,1250.0,0,0,0,False,17250,unknown
L10_60,302,harness,0,white_usv5,USV,18100.0,875.0,16,1,9,True,,
L10_60,302,harness,0,white_usv8,USV,12525.0,575.0,10,0,5,False,9961,unknown
L10_60,302,harness,0,white_usv9,USV,12525.0,225.0,8,2,6,False,9961,unknown
L10_60,302,harness,0,white_usv1,USV,18025.0,1550.0,3,3,6,True,,
L10_60,302,harness,0,white_usv6,USV,12450.0,0.0,3,1,3,False,8822,unknown
L10_60,302,harness,0,white_usv2,USV,19700.0,0.0,3,4,6,True,,
L10_60,302,harness,0,white_usv7,USV,12475.0,0.0,2,3,4,False,9587,unknown
L10_60,302,harness,0,white_usv10,USV,19250.0,975.0,6,4,7,True,,
L10_60,302,harness,0,white_usv4,USV,21425.0,0.0,2,3,7,True,,
L10_60,302,harness,0,white_usv3,USV,20850.0,0.0,3,5,5,True,,
L10_60,302,harness,0,white_uav4,UAV,36900.0,15125.0,0,0,0,True,,
L10_60,302,harness,0,white_uav2,UAV,38700.0,12225.0,0,0,0,True,,
L10_60,302,harness,0,white_uav6,UAV,31200.0,8675.0,0,0,0,True,,
L10_60,302,harness,0,white_uav9,UAV,27875.0,10825.0,0,0,0,True,,
L10_60,302,harness,0,white_uav5,UAV,32050.0,1175.0,0,0,0,True,,
L10_60,302,harness,0,white_uav10,UAV,35925.0,16775.0,0,0,0,True,,
L10_60,302,harness,0,white_uav8,UAV,30850.0,5025.0,0,0,0,True,,
L10_60,302,harness,0,white_uav1,UAV,38400.0,5400.0,0,0,0,True,,
L10_60,302,harness,0,white_uav3,UAV,39125.0,1750.0,0,0,0,True,,
L10_60,302,harness,0,white_uav7,UAV,31150.0,2675.0,0,0,0,True,,
L10_60,303,harness,0,white_usv8,USV,17050.0,1125.0,14,4,9,True,,
L10_60,303,harness,0,white_usv1,USV,15175.0,1850.0,6,3,8,True,,
L10_60,303,harness,0,white_usv2,USV,12500.0,0.0,12,4,8,False,10662,unknown
L10_60,303,harness,0,white_usv6,USV,15350.0,0.0,7,2,7,True,,
L10_60,303,harness,0,white_usv9,USV,12500.0,225.0,6,0,5,False,9580,unknown
L10_60,303,harness,0,white_usv3,USV,14025.0,0.0,5,4,8,True,,
L10_60,303,harness,0,white_usv5,USV,14875.0,0.0,1,4,7,True,,
L10_60,303,harness,0,white_usv7,USV,12550.0,0.0,2,4,4,False,9580,unknown
L10_60,303,harness,0,white_usv4,USV,12525.0,0.0,2,2,4,False,9580,unknown
L10_60,303,harness,0,white_usv10,USV,12575.0,1000.0,3,2,5,False,10662,unknown
L10_60,303,harness,0,white_uav10,UAV,34300.0,21825.0,0,0,0,True,,
L10_60,303,harness,0,white_uav7,UAV,28500.0,14900.0,0,0,0,True,,
L10_60,303,harness,0,white_uav4,UAV,32725.0,11725.0,0,0,0,True,,
L10_60,303,harness,0,white_uav1,UAV,34625.0,12475.0,0,0,0,True,,
L10_60,303,harness,0,white_uav8,UAV,29325.0,6900.0,0,0,0,True,,
L10_60,303,harness,0,white_uav3,UAV,32825.0,5275.0,0,0,0,True,,
L10_60,303,harness,0,white_uav9,UAV,26375.0,2800.0,0,0,0,True,,
L10_60,303,harness,0,white_uav5,UAV,29250.0,5825.0,0,0,0,True,,
L10_60,303,harness,0,white_uav6,UAV,24775.0,5925.0,0,0,0,True,,
L10_60,303,harness,0,white_uav2,UAV,34325.0,3225.0,0,0,0,True,,
L10_65,301,harness,0,white_usv4,USV,12450.0,900.0,16,0,6,False,10340,unknown
L10_65,301,harness,0,white_usv2,USV,16950.0,425.0,16,7,11,True,,
L10_65,301,harness,0,white_usv8,USV,12600.0,700.0,9,0,6,False,10746,unknown
L10_65,301,harness,0,white_usv5,USV,12500.0,0.0,6,2,5,False,9127,unknown
L10_65,301,harness,0,white_usv7,USV,12550.0,0.0,4,0,4,False,9805,unknown
L10_65,301,harness,0,white_usv10,USV,12525.0,1250.0,2,1,4,False,8636,unknown
L10_65,301,harness,0,white_usv1,USV,12850.0,975.0,4,2,4,False,10032,unknown
L10_65,301,harness,0,white_usv3,USV,17875.0,0.0,3,6,8,True,,
L10_65,301,harness,0,white_usv6,USV,19775.0,0.0,4,8,8,True,,
L10_65,301,harness,0,white_usv9,USV,17650.0,0.0,2,6,8,True,,
L10_65,301,harness,0,white_uav3,UAV,29100.0,10500.0,0,0,0,True,,
L10_65,301,harness,0,white_uav2,UAV,28675.0,4725.0,0,0,0,True,,
L10_65,301,harness,0,white_uav6,UAV,22650.0,9175.0,0,0,0,True,,
L10_65,301,harness,0,white_uav8,UAV,27600.0,12850.0,0,0,0,True,,
L10_65,301,harness,0,white_uav9,UAV,26250.0,7350.0,0,0,0,True,,
L10_65,301,harness,0,white_uav4,UAV,26950.0,3750.0,0,0,0,True,,
L10_65,301,harness,0,white_uav1,UAV,28150.0,4550.0,0,0,0,True,,
L10_65,301,harness,0,white_uav10,UAV,24550.0,7425.0,0,0,0,True,,
L10_65,301,harness,0,white_uav7,UAV,22625.0,2200.0,0,0,0,True,,
L10_65,301,harness,0,white_uav5,UAV,23950.0,875.0,0,0,0,True,,
L10_65,302,harness,0,white_usv5,USV,12550.0,575.0,5,2,5,False,9629,unknown
L10_65,302,harness,0,white_usv2,USV,12575.0,650.0,4,2,3,False,8876,unknown
L10_65,302,harness,0,white_usv1,USV,21975.0,1000.0,7,6,10,True,,
L10_65,302,harness,0,white_usv10,USV,12650.0,1825.0,4,3,7,False,11354,unknown
L10_65,302,harness,0,white_usv7,USV,12425.0,0.0,18,2,6,False,10449,unknown
L10_65,302,harness,0,white_usv6,USV,23000.0,0.0,10,5,8,True,,
L10_65,302,harness,0,white_usv8,USV,12550.0,0.0,1,3,6,False,10022,unknown
L10_65,302,harness,0,white_usv3,USV,12550.0,0.0,1,3,5,False,9629,unknown
L10_65,302,harness,0,white_usv9,USV,12500.0,0.0,7,3,3,False,9822,unknown
L10_65,302,harness,0,white_usv4,USV,12775.0,0.0,7,3,5,False,10449,unknown
L10_65,302,harness,0,white_uav9,UAV,28725.0,13000.0,0,0,0,False,29311,unknown
L10_65,302,harness,0,white_uav6,UAV,30225.0,13675.0,0,0,0,False,29311,unknown
L10_65,302,harness,0,white_uav8,UAV,30950.0,5125.0,0,0,0,False,29311,unknown
L10_65,302,harness,0,white_uav4,UAV,36300.0,11475.0,0,0,0,False,29311,unknown
L10_65,302,harness,0,white_uav2,UAV,36475.0,7625.0,0,0,0,False,29311,unknown
L10_65,302,harness,0,white_uav3,UAV,38000.0,2650.0,0,0,0,False,29311,unknown
L10_65,302,harness,0,white_uav7,UAV,28625.0,4125.0,0,0,0,False,29311,unknown
L10_65,302,harness,0,white_uav1,UAV,36050.0,4425.0,0,0,0,False,29311,unknown
L10_65,302,harness,0,white_uav10,UAV,35425.0,15275.0,0,0,0,False,29311,unknown
L10_65,302,harness,0,white_uav5,UAV,31575.0,1100.0,0,0,0,False,29311,unknown
L10_65,303,harness,0,white_usv2,USV,14800.0,1100.0,6,0,5,True,,
L10_65,303,harness,0,white_usv7,USV,14175.0,575.0,13,3,9,True,,
L10_65,303,harness,0,white_usv8,USV,12500.0,175.0,10,0,6,False,10053,unknown
L10_65,303,harness,0,white_usv4,USV,13800.0,0.0,10,0,11,True,,
L10_65,303,harness,0,white_usv6,USV,14625.0,0.0,6,2,7,True,,
L10_65,303,harness,0,white_usv5,USV,13575.0,0.0,5,6,7,False,12458,unknown
L10_65,303,harness,0,white_usv9,USV,12550.0,250.0,5,3,7,False,10868,unknown
L10_65,303,harness,0,white_usv3,USV,13625.0,0.0,2,6,9,True,,
L10_65,303,harness,0,white_usv1,USV,12925.0,1000.0,6,5,7,True,,
L10_65,303,harness,0,white_usv10,USV,14250.0,950.0,3,6,7,True,,
L10_65,303,harness,0,white_uav5,UAV,29175.0,19000.0,0,0,0,True,,
L10_65,303,harness,0,white_uav9,UAV,22025.0,9650.0,0,0,0,True,,
L10_65,303,harness,0,white_uav3,UAV,22325.0,7300.0,0,0,0,True,,
L10_65,303,harness,0,white_uav10,UAV,23100.0,6150.0,0,0,0,True,,
L10_65,303,harness,0,white_uav1,UAV,26750.0,6975.0,0,0,0,True,,
L10_65,303,harness,0,white_uav6,UAV,18750.0,3400.0,0,0,0,True,,
L10_65,303,harness,0,white_uav7,UAV,20475.0,3975.0,0,0,0,True,,
L10_65,303,harness,0,white_uav2,UAV,23000.0,1575.0,0,0,0,True,,
L10_65,303,harness,0,white_uav8,UAV,22575.0,3050.0,0,0,0,True,,
L10_65,303,harness,0,white_uav4,UAV,23600.0,3475.0,0,0,0,True,,
L10_70,301,harness,0,white_usv8,USV,12550.0,1150.0,20,4,11,False,13626,unknown
L10_70,301,harness,0,white_usv3,USV,19075.0,750.0,13,1,9,True,,
L10_70,301,harness,0,white_usv6,USV,12475.0,0.0,6,1,5,False,8966,unknown
L10_70,301,harness,0,white_usv2,USV,13075.0,225.0,4,3,8,False,11718,unknown
L10_70,301,harness,0,white_usv9,USV,12525.0,225.0,5,2,8,False,10259,unknown
L10_70,301,harness,0,white_usv4,USV,12550.0,0.0,3,0,4,False,9878,unknown
L10_70,301,harness,0,white_usv1,USV,16775.0,900.0,4,2,6,True,,
L10_70,301,harness,0,white_usv5,USV,18050.0,0.0,7,6,9,True,,
L10_70,301,harness,0,white_usv7,USV,19750.0,0.0,4,11,12,True,,
L10_70,301,harness,0,white_usv10,USV,12500.0,975.0,2,4,6,False,10259,unknown
L10_70,301,harness,0,white_uav7,UAV,26900.0,13125.0,0,0,0,True,,
L10_70,301,harness,0,white_uav5,UAV,27250.0,10700.0,0,0,0,True,,
L10_70,301,harness,0,white_uav3,UAV,30675.0,11150.0,0,0,0,True,,
L10_70,301,harness,0,white_uav6,UAV,25925.0,2225.0,0,0,0,True,,
L10_70,301,harness,0,white_uav4,UAV,29025.0,4775.0,0,0,0,True,,
L10_70,301,harness,0,white_uav1,UAV,33550.0,9275.0,0,0,0,True,,
L10_70,301,harness,0,white_uav8,UAV,32800.0,12375.0,0,0,0,True,,
L10_70,301,harness,0,white_uav10,UAV,33425.0,19800.0,0,0,0,True,,
L10_70,301,harness,0,white_uav2,UAV,33225.0,2125.0,0,0,0,True,,
L10_70,301,harness,0,white_uav9,UAV,30525.0,5775.0,0,0,0,True,,
L10_70,302,harness,0,white_usv6,USV,17650.0,675.0,16,2,11,True,,
L10_70,302,harness,0,white_usv10,USV,12725.0,1575.0,12,3,8,False,11275,unknown
L10_70,302,harness,0,white_usv4,USV,19575.0,375.0,8,1,10,True,,
L10_70,302,harness,0,white_usv9,USV,18450.0,0.0,5,3,5,True,,
L10_70,302,harness,0,white_usv7,USV,20200.0,0.0,7,4,9,True,,
L10_70,302,harness,0,white_usv8,USV,12800.0,0.0,5,5,7,False,11275,unknown
L10_70,302,harness,0,white_usv1,USV,19525.0,1400.0,5,5,8,True,,
L10_70,302,harness,0,white_usv3,USV,12500.0,0.0,3,4,6,False,9717,unknown
L10_70,302,harness,0,white_usv5,USV,12500.0,0.0,1,1,4,False,8525,unknown
L10_70,302,harness,0,white_usv2,USV,16250.0,0.0,4,5,5,True,,
L10_70,302,harness,0,white_uav10,UAV,42900.0,26200.0,0,0,0,True,,
L10_70,302,harness,0,white_uav1,UAV,38250.0,14150.0,0,0,0,True,,
L10_70,302,harness,0,white_uav3,UAV,36375.0,10500.0,0,0,0,True,,
L10_70,302,harness,0,white_uav6,UAV,29750.0,9675.0,0,0,0,True,,
L10_70,302,harness,0,white_uav5,UAV,31000.0,2700.0,0,0,0,True,,
L10_70,302,harness,0,white_uav4,UAV,36475.0,2150.0,0,0,0,True,,
L10_70,302,harness,0,white_uav7,UAV,30300.0,5675.0,0,0,0,True,,
L10_70,302,harness,0,white_uav8,UAV,35050.0,11300.0,0,0,0,True,,
L10_70,302,harness,0,white_uav2,UAV,37725.0,3800.0,0,0,0,True,,
L10_70,302,harness,0,white_uav9,UAV,28925.0,2975.0,0,0,0,True,,
L10_70,303,harness,0,white_usv10,USV,12550.0,2150.0,2,2,5,False,8956,unknown
L10_70,303,harness,0,white_usv2,USV,12575.0,1125.0,2,0,4,False,8620,unknown
L10_70,303,harness,0,white_usv3,USV,12425.0,0.0,19,3,8,False,10951,unknown
L10_70,303,harness,0,white_usv5,USV,12450.0,0.0,9,1,6,False,10334,unknown
L10_70,303,harness,0,white_usv6,USV,12675.0,0.0,6,2,9,False,11307,unknown
L10_70,303,harness,0,white_usv1,USV,13200.0,875.0,3,2,7,False,10951,unknown
L10_70,303,harness,0,white_usv9,USV,12575.0,0.0,3,6,9,False,11307,unknown
L10_70,303,harness,0,white_usv4,USV,12750.0,0.0,4,6,8,False,11728,unknown
L10_70,303,harness,0,white_usv7,USV,12625.0,0.0,1,1,5,False,8956,unknown
L10_70,303,harness,0,white_usv8,USV,12600.0,0.0,1,1,3,False,8391,unknown
L10_70,303,harness,0,white_uav2,UAV,33325.0,11675.0,0,0,0,True,,
L10_70,303,harness,0,white_uav6,UAV,25800.0,9675.0,0,0,0,True,,
L10_70,303,harness,0,white_uav3,UAV,29250.0,5100.0,0,0,0,True,,
L10_70,303,harness,0,white_uav1,UAV,31275.0,3875.0,0,0,0,True,,
L10_70,303,harness,0,white_uav5,UAV,23575.0,6600.0,0,0,0,True,,
L10_70,303,harness,0,white_uav4,UAV,26750.0,1575.0,0,0,0,True,,
L10_70,303,harness,0,white_uav9,UAV,23925.0,6800.0,0,0,0,True,,
L10_70,303,harness,0,white_uav10,UAV,25225.0,4375.0,0,0,0,True,,
L10_70,303,harness,0,white_uav7,UAV,27975.0,10775.0,0,0,0,True,,
L10_70,303,harness,0,white_uav8,UAV,21800.0,2375.0,0,0,0,True,,
L10_20,301,harness,0,white_usv5,USV,12650.0,1250.0,5,0,2,False,8883,unknown
L10_20,301,harness,0,white_usv6,USV,13225.0,200.0,5,0,4,True,,
L10_20,301,harness,0,white_usv7,USV,13775.0,200.0,3,0,4,True,,
L10_20,301,harness,0,white_usv8,USV,14375.0,175.0,2,1,2,True,,
L10_20,301,harness,0,white_usv9,USV,13550.0,300.0,1,1,4,True,,
L10_20,301,harness,0,white_usv1,USV,12600.0,1800.0,2,2,3,True,,
L10_20,301,harness,0,white_usv2,USV,12600.0,0.0,0,0,3,False,8883,unknown
L10_20,301,harness,0,white_usv3,USV,12600.0,0.0,0,0,2,False,8558,unknown
L10_20,301,harness,0,white_usv10,USV,15475.0,1125.0,1,1,1,True,,
L10_20,301,harness,0,white_usv4,USV,14875.0,0.0,0,4,5,True,,
L10_20,301,harness,0,white_uav5,UAV,19900.0,13000.0,0,0,0,True,,
L10_20,301,harness,0,white_uav8,UAV,21700.0,10050.0,0,0,0,True,,
L10_20,301,harness,0,white_uav2,UAV,21575.0,8875.0,0,0,0,True,,
L10_20,301,harness,0,white_uav4,UAV,19675.0,4150.0,0,0,0,True,,
L10_20,301,harness,0,white_uav6,UAV,14900.0,2725.0,0,0,0,True,,
L10_20,301,harness,0,white_uav9,UAV,19925.0,5000.0,0,0,0,True,,
L10_20,301,harness,0,white_uav7,UAV,21625.0,2325.0,0,0,0,True,,
L10_20,301,harness,0,white_uav3,UAV,21550.0,1300.0,0,0,0,True,,
L10_20,301,harness,0,white_uav1,UAV,21650.0,4625.0,0,0,0,True,,
L10_20,301,harness,0,white_uav10,UAV,21100.0,4975.0,0,0,0,True,,
L10_20,302,harness,0,white_usv7,USV,14875.0,1325.0,4,0,2,True,,
L10_20,302,harness,0,white_usv9,USV,13850.0,500.0,3,0,4,True,,
L10_20,302,harness,0,white_usv10,USV,14000.0,1000.0,3,0,3,True,,
L10_20,302,harness,0,white_usv1,USV,13775.0,2100.0,3,0,3,True,,
L10_20,302,harness,0,white_usv4,USV,14775.0,0.0,1,0,1,True,,
L10_20,302,harness,0,white_usv8,USV,13175.0,0.0,1,0,3,True,,
L10_20,302,harness,0,white_usv2,USV,13800.0,0.0,1,3,3,True,,
L10_20,302,harness,0,white_usv3,USV,14600.0,0.0,0,1,1,True,,
L10_20,302,harness,0,white_usv5,USV,14700.0,0.0,2,2,2,True,,
L10_20,302,harness,0,white_usv6,USV,13975.0,0.0,0,3,3,True,,
L10_20,302,harness,0,white_uav3,UAV,26750.0,12300.0,0,0,0,True,,
L10_20,302,harness,0,white_uav6,UAV,22075.0,8275.0,0,0,0,True,,
L10_20,302,harness,0,white_uav10,UAV,23075.0,9875.0,0,0,0,True,,
L10_20,302,harness,0,white_uav4,UAV,16950.0,3150.0,0,0,0,True,,
L10_20,302,harness,0,white_uav2,UAV,22650.0,9150.0,0,0,0,True,,
L10_20,302,harness,0,white_uav5,UAV,15250.0,525.0,0,0,0,True,,
L10_20,302,harness,0,white_uav8,UAV,18975.0,4725.0,0,0,0,True,,
L10_20,302,harness,0,white_uav1,UAV,22975.0,5725.0,0,0,0,True,,
L10_20,302,harness,0,white_uav7,UAV,19775.0,500.0,0,0,0,True,,
L10_20,302,harness,0,white_uav9,UAV,21775.0,1075.0,0,0,0,True,,
L10_20,303,harness,0,white_usv2,USV,12450.0,1600.0,3,1,3,True,,
L10_20,303,harness,0,white_usv5,USV,13250.0,375.0,2,0,2,False,8929,unknown
L10_20,303,harness,0,white_usv8,USV,13825.0,600.0,1,1,3,True,,
L10_20,303,harness,0,white_usv1,USV,12725.0,1000.0,2,1,2,False,8276,unknown
L10_20,303,harness,0,white_usv4,USV,14575.0,0.0,2,0,2,True,,
L10_20,303,harness,0,white_usv7,USV,14450.0,0.0,2,0,2,True,,
L10_20,303,harness,0,white_usv9,USV,14300.0,350.0,2,1,3,True,,
L10_20,303,harness,0,white_usv10,USV,14125.0,950.0,2,2,3,True,,
L10_20,303,harness,0,white_usv3,USV,14300.0,0.0,2,1,2,True,,
L10_20,303,harness,0,white_usv6,USV,14200.0,0.0,0,2,2,True,,
L10_20,303,harness,0,white_uav1,UAV,25250.0,14800.0,0,0,0,True,,
L10_20,303,harness,0,white_uav3,UAV,21400.0,8125.0,0,0,0,True,,
L10_20,303,harness,0,white_uav4,UAV,16925.0,3550.0,0,0,0,True,,
L10_20,303,harness,0,white_uav5,UAV,14275.0,3300.0,0,0,0,True,,
L10_20,303,harness,0,white_uav6,UAV,16350.0,2725.0,0,0,0,True,,
L10_20,303,harness,0,white_uav7,UAV,17575.0,3225.0,0,0,0,True,,
L10_20,303,harness,0,white_uav9,UAV,19225.0,6425.0,0,0,0,True,,
L10_20,303,harness,0,white_uav2,UAV,19975.0,1650.0,0,0,0,True,,
L10_20,303,harness,0,white_uav8,UAV,18725.0,1425.0,0,0,0,True,,
L10_20,303,harness,0,white_uav10,UAV,21500.0,5075.0,0,0,0,True,,
L10_30,301,harness,0,white_usv4,USV,12650.0,1050.0,7,0,3,False,8475,unknown
L10_30,301,harness,0,white_usv8,USV,16575.0,750.0,4,2,4,True,,
L10_30,301,harness,0,white_usv9,USV,16900.0,275.0,4,0,3,True,,
L10_30,301,harness,0,white_usv1,USV,12525.0,1550.0,3,1,2,False,8235,unknown
L10_30,301,harness,0,white_usv5,USV,12575.0,0.0,3,1,3,False,8475,unknown
L10_30,301,harness,0,white_usv2,USV,14050.0,0.0,4,0,4,True,,
L10_30,301,harness,0,white_usv10,USV,12425.0,1050.0,2,0,3,False,8475,unknown
L10_30,301,harness,0,white_usv3,USV,13825.0,0.0,2,5,5,True,,
L10_30,301,harness,0,white_usv6,USV,16475.0,0.0,0,3,4,True,,
L10_30,301,harness,0,white_usv7,USV,17825.0,0.0,1,2,2,True,,
L10_30,301,harness,0,white_uav6,UAV,21100.0,12850.0,0,0,0,True,,
L10_30,301,harness,0,white_uav9,UAV,23250.0,10950.0,0,0,0,True,,
L10_30,301,harness,0,white_uav4,UAV,18425.0,6625.0,0,0,0,True,,
L10_30,301,harness,0,white_uav7,UAV,18950.0,4025.0,0,0,0,True,,
L10_30,301,harness,0,white_uav3,UAV,21425.0,4400.0,0,0,0,True,,
L10_30,301,harness,0,white_uav8,UAV,23775.0,2550.0,0,0,0,True,,
L10_30,301,harness,0,white_uav5,UAV,16175.0,800.0,0,0,0,True,,
L10_30,301,harness,0,white_uav1,UAV,21575.0,7650.0,0,0,0,True,,
L10_30,301,harness,0,white_uav2,UAV,21525.0,950.0,0,0,0,True,,
L10_30,301,harness,0,white_uav10,UAV,22325.0,7450.0,0,0,0,True,,
L10_30,302,harness,0,white_usv2,USV,13375.0,1525.0,1,1,1,False,8565,unknown
L10_30,302,harness,0,white_usv8,USV,13825.0,950.0,7,1,3,True,,
L10_30,302,harness,0,white_usv10,USV,14950.0,1300.0,3,0,3,True,,
L10_30,302,harness,0,white_usv3,USV,15125.0,0.0,5,1,3,True,,
L10_30,302,harness,0,white_usv4,USV,15775.0,0.0,3,1,2,True,,
L10_30,302,harness,0,white_usv6,USV,14825.0,0.0,4,2,3,True,,
L10_30,302,harness,0,white_usv7,USV,14150.0,0.0,4,3,4,True,,
L10_30,302,harness,0,white_usv9,USV,12575.0,0.0,0,1,2,False,8324,unknown
L10_30,302,harness,0,white_usv1,USV,14275.0,1075.0,2,3,3,True,,
L10_30,302,harness,0,white_usv5,USV,12725.0,0.0,1,1,3,False,8324,unknown
L10_30,302,harness,0,white_uav1,UAV,22050.0,13275.0,0,0,0,True,,
L10_30,302,harness,0,white_uav5,UAV,23225.0,11450.0,0,0,0,True,,
L10_30,302,harness,0,white_uav7,UAV,16300.0,6900.0,0,0,0,True,,
L10_30,302,harness,0,white_uav3,UAV,20975.0,6500.0,0,0,0,True,,
L10_30,302,harness,0,white_uav8,UAV,18900.0,5300.0,0,0,0,True,,
L10_30,302,harness,0,white_uav9,UAV,19975.0,5600.0,0,0,0,True,,
L10_30,302,harness,0,white_uav2,UAV,20400.0,1500.0,0,0,0,True,,
L10_30,302,harness,0,white_uav10,UAV,21025.0,6400.0,0,0,0,True,,
L10_30,302,harness,0,white_uav4,UAV,17500.0,1675.0,0,0,0,True,,
L10_30,302,harness,0,white_uav6,UAV,18275.0,800.0,0,0,0,True,,
L10_30,303,harness,0,white_usv1,USV,12425.0,2300.0,8,0,3,False,9394,unknown
L10_30,303,harness,0,white_usv4,USV,12525.0,200.0,5,0,3,False,8364,unknown
L10_30,303,harness,0,white_usv7,USV,13200.0,500.0,5,0,5,True,,
L10_30,303,harness,0,white_usv10,USV,12825.0,1500.0,3,2,3,False,10116,unknown
L10_30,303,harness,0,white_usv3,USV,12650.0,0.0,3,2,4,True,,
L10_30,303,harness,0,white_usv5,USV,12450.0,0.0,0,0,2,False,8221,unknown
L10_30,303,harness,0,white_usv2,USV,12575.0,0.0,2,2,3,True,,
L10_30,303,harness,0,white_usv6,USV,12700.0,0.0,1,2,4,True,,
L10_30,303,harness,0,white_usv8,USV,12600.0,0.0,2,2,3,True,,
L10_30,303,harness,0,white_usv9,USV,13125.0,0.0,1,3,3,False,8573,unknown
L10_30,303,harness,0,white_uav3,UAV,19725.0,11650.0,0,0,0,True,,
L10_30,303,harness,0,white_uav6,UAV,16900.0,7925.0,0,0,0,True,,
L10_30,303,harness,0,white_uav9,UAV,20100.0,9375.0,0,0,0,True,,
L10_30,303,harness,0,white_uav2,UAV,20600.0,5700.0,0,0,0,True,,
L10_30,303,harness,0,white_uav1,UAV,20550.0,5200.0,0,0,0,True,,
L10_30,303,harness,0,white_uav5,UAV,15000.0,2000.0,0,0,0,True,,
L10_30,303,harness,0,white_uav7,UAV,15825.0,2075.0,0,0,0,True,,
L10_30,303,harness,0,white_uav8,UAV,17950.0,975.0,0,0,0,True,,
L10_30,303,harness,0,white_uav4,UAV,16225.0,600.0,0,0,0,True,,
L10_30,303,harness,0,white_uav10,UAV,21500.0,7300.0,0,0,0,True,,
L10_40,301,harness,0,white_usv3,USV,12600.0,1150.0,8,0,4,False,10549,unknown
L10_40,301,harness,0,white_usv4,USV,12575.0,50.0,5,0,3,False,8407,unknown
L10_40,301,harness,0,white_usv1,USV,16175.0,1275.0,5,1,7,True,,
L10_40,301,harness,0,white_usv7,USV,19450.0,475.0,2,0,3,True,,
L10_40,301,harness,0,white_usv6,USV,17650.0,0.0,3,3,5,True,,
L10_40,301,harness,0,white_usv8,USV,12525.0,225.0,5,2,3,False,9565,unknown
L10_40,301,harness,0,white_usv9,USV,12575.0,225.0,3,1,4,False,9565,unknown
L10_40,301,harness,0,white_usv2,USV,16775.0,0.0,3,6,8,True,,
L10_40,301,harness,0,white_usv5,USV,17350.0,0.0,4,4,4,True,,
L10_40,301,harness,0,white_usv10,USV,19200.0,1050.0,0,2,3,True,,
L10_40,301,harness,0,white_uav7,UAV,42850.0,19500.0,0,0,0,True,,
L10_40,301,harness,0,white_uav6,UAV,35900.0,9425.0,0,0,0,True,,
L10_40,301,harness,0,white_uav4,UAV,42375.0,13450.0,0,0,0,True,,
L10_40,301,harness,0,white_uav3,UAV,42375.0,8150.0,0,0,0,True,,
L10_40,301,harness,0,white_uav8,UAV,38475.0,13850.0,0,0,0,True,,
L10_40,301,harness,0,white_uav9,UAV,39850.0,8575.0,0,0,0,True,,
L10_40,301,harness,0,white_uav2,UAV,43500.0,9925.0,0,0,0,True,,
L10_40,301,harness,0,white_uav5,UAV,40200.0,3375.0,0,0,0,True,,
L10_40,301,harness,0,white_uav10,UAV,45550.0,20675.0,0,0,0,True,,
L10_40,301,harness,0,white_uav1,UAV,39700.0,9050.0,0,0,0,True,,
L10_40,302,harness,0,white_usv3,USV,15825.0,1150.0,11,1,4,True,,
L10_40,302,harness,0,white_usv6,USV,12825.0,325.0,3,1,3,False,8929,unknown
L10_40,302,harness,0,white_usv8,USV,12550.0,400.0,3,0,3,False,9257,unknown
L10_40,302,harness,0,white_usv9,USV,12525.0,225.0,3,0,4,False,9257,unknown
L10_40,302,harness,0,white_usv10,USV,12625.0,1050.0,4,3,5,False,9672,unknown
L10_40,302,harness,0,white_usv1,USV,17700.0,1250.0,6,4,5,True,,
L10_40,302,harness,0,white_usv4,USV,12475.0,0.0,2,2,4,False,8619,unknown
L10_40,302,harness,0,white_usv5,USV,15150.0,0.0,4,2,5,True,,
L10_40,302,harness,0,white_usv2,USV,14500.0,0.0,1,2,3,True,,
L10_40,302,harness,0,white_usv7,USV,12700.0,0.0,3,3,5,False,9672,unknown
L10_40,302,harness,0,white_uav1,UAV,25075.0,9250.0,0,0,0,True,,
L10_40,302,harness,0,white_uav4,UAV,24525.0,11200.0,0,0,0,True,,
L10_40,302,harness,0,white_uav7,UAV,21450.0,9725.0,0,0,0,False,15546,unknown
L10_40,302,harness,0,white_uav3,UAV,25275.0,6900.0,0,0,0,True,,
L10_40,302,harness,0,white_uav6,UAV,20050.0,2375.0,0,0,0,False,15546,unknown
L10_40,302,harness,0,white_uav9,UAV,23425.0,7550.0,0,0,0,False,15546,unknown
L10_40,302,harness,0,white_uav10,UAV,26475.0,8475.0,0,0,0,True,,
L10_40,302,harness,0,white_uav5,UAV,21475.0,425.0,0,0,0,True,,
L10_40,302,harness,0,white_uav8,UAV,22175.0,2100.0,0,0,0,False,15546,unknown
L10_40,302,harness,0,white_uav2,UAV,24300.0,3000.0,0,0,0,True,,
L10_40,303,harness,0,white_usv2,USV,12450.0,1325.0,8,1,3,False,9716,unknown
L10_40,303,harness,0,white_usv3,USV,13225.0,100.0,7,0,6,True,,
L10_40,303,harness,0,white_usv9,USV,13850.0,1050.0,7,0,3,True,,
L10_40,303,harness,0,white_usv1,USV,13175.0,950.0,6,0,6,True,,
L10_40,303,harness,0,white_usv5,USV,13825.0,0.0,4,3,5,True,,
L10_40,303,harness,0,white_usv6,USV,13125.0,0.0,2,4,4,True,,
L10_40,303,harness,0,white_usv7,USV,14275.0,0.0,4,2,2,True,,
L10_40,303,harness,0,white_usv8,USV,14050.0,0.0,1,3,4,True,,
L10_40,303,harness,0,white_usv10,USV,12475.0,1025.0,0,1,2,False,8311,unknown
L10_40,303,harness,0,white_usv4,USV,12725.0,0.0,1,5,6,True,,
L10_40,303,harness,0,white_uav2,UAV,21825.0,11625.0,0,0,0,True,,
L10_40,303,harness,0,white_uav5,UAV,14775.0,9675.0,0,0,0,True,,
L10_40,303,harness,0,white_uav1,UAV,22500.0,4700.0,0,0,0,True,,
L10_40,303,harness,0,white_uav9,UAV,21425.0,10600.0,0,0,0,True,,
L10_40,303,harness,0,white_uav3,UAV,21825.0,3525.0,0,0,0,True,,
L10_40,303,harness,0,white_uav7,UAV,15825.0,4675.0,0,0,0,True,,
L10_40,303,harness,0,white_uav10,UAV,21200.0,4950.0,0,0,0,True,,
L10_40,303,harness,0,white_uav8,UAV,20400.0,4125.0,0,0,0,True,,
L10_40,303,harness,0,white_uav6,UAV,15550.0,1125.0,0,0,0,True,,
L10_40,303,harness,0,white_uav4,UAV,18800.0,1550.0,0,0,0,True,,
