strategy,seed,usv,target,t,locked,visible_frac,min_d,close300,close600,pos_frac,osc,died
1,11001,white_usv13,usv17,6639.0,True,0.9550724637681159,2964.2780716370426,7693.741506234655,14154.098651275184,0.425531914893617,19.33178519593613,
1,11001,white_usv12,usv17,6639.0,True,0.9550724637681159,7192.835655057618,7714.562106196259,14193.045786553572,0.4072948328267477,18.873439767779388,
1,11001,white_usv14,usv17,6639.0,True,0.9550724637681159,35109.02456896125,7660.963320321607,14093.384468174903,0.3860182370820669,19.16952104499274,
1,11001,white_usv5,usv14,6639.0,False,0.9333333333333333,37221.71073236433,7598.91977669223,8909.599658084902,0.4121306376360809,36.56429608127721,
1,11001,white_usv6,usv15,6639.0,False,0.9594202898550724,36420.026083491575,7666.0434159087745,14887.495120105494,0.39939485627836613,32.11814223512337,
1,11001,white_usv7,usv14,6639.0,True,0.9333333333333333,8507.59624409528,7700.3113176819315,9028.012199603108,0.42457231726283046,24.091727140783746,
1,11001,white_usv8,usv14,6639.0,True,0.9333333333333333,8934.68467653911,7734.340993109581,9067.859655436681,0.4572317262830482,11.886211901306242,
1,11001,white_usv9,usv15,6639.0,True,0.825,22480.87641584721,7758.439927902262,15061.727018568796,0.9465648854961832,8.998742138364777,11462.0
1,11001,white_usv10,usv15,6639.0,True,0.9594202898550724,11469.141562833987,7765.599999730111,15074.799999449533,0.4145234493192133,21.827866473149488,
1,11001,white_usv2,usv13,6639.0,False,0.9173913043478261,20681.350242738434,4784.430630334871,8210.317555222005,0.44145569620253167,18.138751814223514,
1,11001,white_usv4,usv13,6639.0,False,0.9173913043478261,19346.386791087018,4879.458145254481,8372.668229835312,0.41455696202531644,23.340493468795355,
1,11001,white_usv3,usv13,6639.0,True,0.9173913043478261,12162.98218345802,4833.180772258202,8293.99449581324,0.4272151898734177,24.730914368650215,
1,11001,white_usv16,usv16,6888.0,True,0.9647577092511013,19391.39815429042,7209.676744244658,13999.38006912409,0.4115853658536585,16.81970588235294,
1,11001,white_usv15,usv16,6888.0,True,0.9647577092511013,16596.25115469681,7254.035118132379,14086.524199390667,0.39939024390243905,20.283235294117645,
1,11001,white_usv17,usv16,6888.0,True,0.9647577092511013,17189.859679371253,7160.315500198412,13902.526652013577,0.4481707317073171,11.34470588235294,
1,11001,white_usv19,usv18,6888.0,True,0.9515418502202643,10225.56181175341,5694.819667159638,9269.63845463621,0.4482225656877898,10.399705882352944,
1,11001,white_usv18,usv18,6888.0,True,0.9515418502202643,14838.419807676713,5755.050667292686,9367.544508839565,0.38639876352395675,16.35529411764706,
1,11001,white_usv11,usv18,6888.0,False,0.773972602739726,49842.71588397335,5979.963080617788,9732.342614015375,0.9732142857142857,1.691724137931035,11174.0
1,11001,white_usv1,usv8,7146.0,False,0.006535947712418301,115487.48443650219,,,0.0,16.770394736842103,11970.5
1,11001,white_usv20,usv8,7146.0,False,0.08333333333333333,179292.44203598812,,,0.75,15.26502463054187,14134.5
1,11001,white_usv5,usv23,7420.0,False,0.8018154311649016,144022.80354854173,6093.48134158543,14424.555194991379,0.31190926275992437,38.14772727272727,
1,11001,white_usv2,usv24,7420.0,False,0.01361573373676248,229870.214037512,7021.20565590763,7476.2154883675685,1.0,18.903181818181817,
1,11001,white_usv7,usv24,7420.0,False,0.01361573373676248,189313.71652125812,7090.510942506837,7551.436449617642,1.0,25.14121212121212,
1,11001,white_usv4,usv24,7420.0,False,0.01361573373676248,213736.43275433456,7001.259042330697,7458.384553247248,1.0,24.346666666666664,
1,11001,white_usv3,usv23,7420.0,False,0.8018154311649016,108539.50036633387,6002.850437587476,14286.175660206703,0.27599243856332706,25.791515151515153,
1,11001,white_usv8,usv25,7420.0,False,0.009077155824508321,194779.5742182326,5692.7471743348,5692.7471743348,1.0,12.406666666666668,
1,11001,white_usv19,usv14,7420.0,False,0.9606656580937972,7529.344781983408,6765.7434982954,14040.943339988677,0.4637223974763407,10.681818181818183,
1,11001,white_usv18,usv14,7420.0,True,0.9606656580937972,11084.59841097698,6780.716184150748,14100.39889430924,0.444794952681388,16.824393939393936,
1,11001,white_usv11,usv13,7420.0,False,0.7301587301587301,33067.57407730038,7686.215500857725,10928.008743448969,0.967032967032967,1.8384000000000007,11174.0
1,11001,white_usv1,usv13,7722.0,False,0.8208955223880597,39549.03033845317,7090.648308882082,10103.064508820215,0.8990825688073395,19.09548872180451,11970.5
1,11001,white_usv20,usv25,7722.0,False,0.016216216216216217,119980.9959195486,1137.279925649491,1137.279925649491,1.0,16.507065217391304,14134.5
1,11001,white_usv13,usv17,7722.0,True,0.9861751152073732,2964.2780716370426,7146.046739540834,15479.33557960228,0.41029641185647425,20.489538461538455,
1,11001,white_usv12,usv17,7722.0,True,0.9861751152073732,7192.835655057618,7167.426687194471,15527.140456933295,0.3915756630265211,19.999692307692303,
1,11001,white_usv14,usv14,7722.0,True,0.9723502304147466,12929.951039492442,7484.836686554569,14690.583736319371,0.40189873417721517,20.310153846153845,
1,11001,white_usv2,usv22,7967.0,False,0.9906396255850234,86649.46330209602,6663.351173148898,14722.053019263258,0.3943217665615142,19.36265625,
1,11001,white_usv7,usv19,7967.0,False,0.9921996879875195,41068.12501913321,6665.266269751097,13232.750470804196,0.3669291338582677,25.8296875,
1,11001,white_usv4,usv20,7967.0,False,0.9906396255850234,53995.61660552977,6565.676704532205,14449.43909068522,0.3643533123028391,24.993125,
1,11001,white_usv8,usv18,7967.0,True,0.9953198127925117,3059.732415732196,6518.804187232527,14505.312643322715,0.42229199372056514,12.7028125,
1,11001,white_usv20,usv21,7967.0,True,0.9828571428571429,24229.878502843432,6626.079874099174,14410.488692472863,0.8128654970760234,16.951724137931034,14134.5
1,11001,white_usv5,usv12,8239.0,True,0.9587955625990491,21104.70285908781,1657.5617470859142,14182.65060245314,0.40728476821192056,39.849841269841264,
1,11001,white_usv3,usv18,8239.0,False,0.9952456418383518,44508.44028673672,6801.79998235291,13960.239491953835,0.38915470494417864,26.897301587301587,
1,11001,white_usv6,usv14,10196.0,True,1.0,28571.20893025522,5993.867347702922,7550.814091064807,0.3076923076923077,39.54561717352416,
1,11001,white_usv15,usv17,10196.0,True,1.0,24121.876985659455,6304.731401972604,8025.38922273527,0.26833631484794274,24.63130590339893,
1,11001,white_usv11,usv15,10196.0,True,1.0,25785.81656114723,5897.16435407196,12487.162721334495,0.875,7.841666666666666,11174.0
1,11001,white_usv16,usv17,10196.0,True,1.0,25297.52989983257,6197.488960260533,8924.288703764716,0.2844364937388193,20.409302325581393,
1,11001,white_usv14,usv16,10196.0,True,0.9964285714285714,24985.574153391084,6594.8900071509415,5159.641663586604,0.2746858168761221,23.546332737030408,
1,11001,white_usv13,usv18,10196.0,True,0.9982142857142857,1972.097158644373,2856.498222602182,6951.479942290211,0.31362007168458783,23.814669051878344,
1,11001,white_usv9,usv16,10196.0,True,0.9333333333333333,22566.934661199863,1956.7873991415618,5581.721380218147,0.8148148148148148,49.12413793103448,11462.0
1,11001,white_usv10,usv16,10196.0,True,0.9964285714285714,14653.866339055152,2703.7219525114124,108.3734018870964,0.296229802513465,26.904114490161,
1,11001,white_usv8,usv16,10196.0,True,0.9964285714285714,14322.082968390934,6155.030859483872,13573.25321696929,0.33213644524236985,14.385152057245081,
1,11001,white_usv16,usv18,10196.0,True,0.9982142857142857,28499.26908153094,6233.456958563191,10290.91843280656,0.25627240143369173,20.409302325581393,
1,11001,white_usv12,usv18,10196.0,True,0.9982142857142857,6199.525051274279,1116.4906850724292,6403.092910933774,0.2956989247311828,23.240429338103752,
1,11001,white_usv15,usv18,10196.0,True,0.9982142857142857,27202.93026806839,6454.02544732346,9391.806692891034,0.24551971326164876,24.63130590339893,
1,11001,white_usv17,usv18,10196.0,True,0.9982142857142857,22906.868334264407,5973.83814078851,11160.94487053228,0.2974910394265233,13.741323792486583,
1,11001,white_usv5,usv13,10498.0,True,1.0,30064.89649028999,5887.922679283009,4176.068000185536,0.31876138433515483,45.60455373406192,
1,11001,white_usv6,usv13,10498.0,True,1.0,22104.864916970375,4249.253072892556,835.009917439631,0.31693989071038253,39.90036429872496,
1,11001,white_usv20,usv22,10498.0,True,1.0,21017.711989873693,7154.784761325391,6835.394006043294,0.6265060240963856,35.04819277108433,14134.5
1,11001,white_usv14,usv17,10498.0,True,1.0,35109.02456896125,-3005.372695710823,-4716.962953883914,0.2641165755919854,23.918032786885245,
1,11001,white_usv7,usv16,10498.0,True,1.0,12236.042467741285,5456.201761230579,11450.15234418066,0.30418943533697634,29.93406193078324,
1,11001,white_usv14,usv15,10498.0,True,1.0,22627.455834199096,-3114.431611893291,-4878.928494749125,0.2896174863387978,23.918032786885245,
1,11001,white_usv14,usv17,10498.0,True,1.0,35109.02456896125,-3005.372695710823,-4716.962953883914,0.2641165755919854,23.918032786885245,
1,11001,white_usv13,usv17,10498.0,True,1.0,2964.2780716370426,1779.2780888191119,4023.3982783289794,0.3151183970856102,22.975227686703093,
1,11001,white_usv8,usv15,10498.0,True,1.0,9905.757899559723,5523.858216282773,11234.84238896873,0.3460837887067395,14.582695810564664,
1,11001,white_usv9,usv15,10498.0,True,1.0,22480.87641584721,1814.6968791114305,7437.7769053671,0.7894736842105263,37.90526315789473,11462.0
1,11001,white_usv10,usv15,10498.0,True,1.0,11469.141562833987,-2493.390827109586,-5554.569873318105,0.302367941712204,26.3799635701275,
1,11001,white_usv14,usv15,10498.0,True,1.0,22627.455834199096,-3114.431611893291,-4878.928494749125,0.2896174863387978,23.918032786885245,
1,11001,white_usv1,usv12,10498.0,True,1.0,32020.05480630544,6683.410344267992,10749.590491325842,0.65625,77.85625,11970.5
1,11001,white_usv8,usv16,10498.0,True,1.0,14322.082968390934,6378.28362315059,12372.281451659743,0.3224043715846995,14.582695810564664,
1,11001,white_usv9,usv16,10498.0,True,1.0,22566.934661199863,2513.407986902359,8507.40766325072,0.7894736842105263,37.90526315789473,11462.0
1,11001,white_usv10,usv16,10498.0,True,1.0,14653.866339055152,-1974.562042319536,-5349.584109662894,0.2896174863387978,26.3799635701275,
1,11001,white_usv14,usv16,10498.0,True,1.0,24985.574153391084,-2566.0212446872756,-4386.580566075907,0.2641165755919854,23.918032786885245,
1,11001,white_usv11,usv16,10498.0,True,1.0,28144.264046168355,6027.115329826753,6505.9570811044,0.7857142857142857,10.707142857142856,11174.0
1,11001,white_usv13,usv19,10498.0,True,1.0,8793.646526278208,3511.016307172329,7965.937224199224,0.3005464480874317,22.975227686703093,
1,11001,white_usv16,usv19,10498.0,True,1.0,33216.67803742725,3521.241986330213,9875.781970325304,0.24043715846994534,20.74517304189435,
1,11001,white_usv8,usv15,10498.0,True,1.0,9905.757899559723,5523.858216282773,11234.84238896873,0.3460837887067395,14.582695810564664,
1,11001,white_usv9,usv15,10498.0,True,1.0,22480.87641584721,1814.6968791114305,7437.7769053671,0.7894736842105263,37.90526315789473,11462.0
1,11001,white_usv10,usv15,10498.0,True,1.0,11469.141562833987,-2493.390827109586,-5554.569873318105,0.302367941712204,26.3799635701275,
1,11001,white_usv12,usv17,10498.0,True,1.0,7192.835655057618,4447.525446969314,9889.550322445968,0.2987249544626594,23.335336976320576,
1,11001,white_usv15,usv17,10498.0,True,1.0,24121.876985659455,850.6580020094989,6289.595659205304,0.2550091074681239,25.041894353369763,
1,11001,white_usv17,usv19,10498.0,True,1.0,25383.37662813613,4664.594824287233,9261.047636346673,0.2750455373406193,13.989617486338796,
1,11001,white_usv11,usv15,10498.0,True,1.0,25785.81656114723,5719.998546601553,5616.164528349698,0.7857142857142857,10.707142857142856,11174.0
1,11001,white_usv5,usv12,10498.0,True,1.0,21104.70285908781,5894.896366961715,5823.407875049961,0.34790528233151186,45.60455373406192,
1,11001,white_usv6,usv14,10498.0,True,1.0,28571.20893025522,2225.4279430494207,428.3237296783773,0.2987249544626594,39.90036429872496,
1,11001,white_usv8,usv16,10498.0,True,1.0,14322.082968390934,6378.28362315059,12372.281451659743,0.3224043715846995,14.582695810564664,
1,11001,white_usv9,usv16,10498.0,True,1.0,22566.934661199863,2513.407986902359,8507.40766325072,0.7894736842105263,37.90526315789473,11462.0
1,11001,white_usv10,usv16,10498.0,True,1.0,14653.866339055152,-1974.562042319536,-5349.584109662894,0.2896174863387978,26.3799635701275,
1,11001,white_usv12,usv18,10498.0,True,1.0,6199.525051274279,5846.21429378647,11840.214108271895,0.29326047358834245,23.335336976320576,
1,11001,white_usv15,usv18,10498.0,True,1.0,27202.93026806839,1868.4421435425393,7862.439994077784,0.2331511839708561,25.041894353369763,
1,11001,white_usv11,usv14,10498.0,True,1.0,25923.908977500472,5118.047481202513,5931.74598156488,0.7857142857142857,10.707142857142856,11174.0
1,11001,white_usv7,usv15,10872.0,True,1.0,12943.215576903794,4806.95059827646,10831.2354009609,0.2912801484230056,30.40463821892393,
1,11001,white_usv8,usv15,10872.0,True,1.0,9905.757899559723,4742.571813026621,7476.720146200874,0.3339517625231911,14.852319109461968,
1,11001,white_usv9,usv15,10872.0,True,1.0,22480.87641584721,4658.8861013364985,7131.685456721494,0.7777777777777778,0.0,11462.0
1,11001,white_usv10,usv15,10872.0,True,1.0,11469.141562833987,-652.1322284672642,2042.0088847694133,0.3042671614100185,26.201669758812614,
1,11001,white_usv12,usv17,10872.0,True,1.0,7192.835655057618,4407.1066384698715,7992.393311684074,0.287569573283859,23.46975881261595,
1,11001,white_usv15,usv17,10872.0,True,1.0,24121.876985659455,3992.2201211278916,-615.5947640758277,0.24860853432282004,24.79721706864564,
1,11001,white_usv17,usv17,10872.0,True,1.0,21298.598518574938,3699.2716820315472,7437.802185468379,0.300556586270872,13.54508348794063,
1,11001,white_usv20,usv21,10872.0,True,1.0,24229.878502843432,2089.4194266899285,2089.70738554556,0.5753424657534246,37.06849315068492,14134.5
1,11001,white_usv7,usv16,10872.0,True,1.0,12236.042467741285,4999.955131123494,10885.630204974546,0.2912801484230056,30.40463821892393,
1,11001,white_usv8,usv16,10872.0,True,1.0,14322.082968390934,4999.997996129507,8482.89217984082,0.3098330241187384,14.852319109461968,
1,11001,white_usv9,usv13,10872.0,True,1.0,35987.67380305289,1932.8040627993905,2735.2387837655915,0.7777777777777778,0.0,11462.0
1,11001,white_usv10,usv16,10872.0,True,1.0,14653.866339055152,-1110.3756855255779,1072.719681092538,0.2894248608534323,26.201669758812614,
1,11001,white_usv12,usv18,10872.0,True,1.0,6199.525051274279,4974.773073372315,10808.074654085267,0.28014842300556586,23.46975881261595,
1,11001,white_usv15,usv18,10872.0,True,1.0,27202.93026806839,4368.133146033855,-1705.6309315738472,0.22634508348794063,24.79721706864564,
1,11001,white_usv17,usv18,10872.0,True,1.0,22906.868334264407,4666.310343167068,10163.05496228343,0.2782931354359926,13.54508348794063,
1,11001,white_usv7,usv15,10872.0,True,1.0,12943.215576903794,4806.95059827646,10831.2354009609,0.2912801484230056,30.40463821892393,
1,11001,white_usv8,usv15,10872.0,True,1.0,9905.757899559723,4742.571813026621,7476.720146200874,0.3339517625231911,14.852319109461968,
1,11001,white_usv9,usv15,10872.0,True,1.0,22480.87641584721,4658.8861013364985,7131.685456721494,0.7777777777777778,0.0,11462.0
1,11001,white_usv10,usv15,10872.0,True,1.0,11469.141562833987,-652.1322284672642,2042.0088847694133,0.3042671614100185,26.201669758812614,
1,11001,white_usv12,usv17,10872.0,True,1.0,7192.835655057618,4407.1066384698715,7992.393311684074,0.287569573283859,23.46975881261595,
1,11001,white_usv15,usv17,10872.0,True,1.0,24121.876985659455,3992.2201211278916,-615.5947640758277,0.24860853432282004,24.79721706864564,
1,11001,white_usv18,usv17,10872.0,True,1.0,14554.865281359733,3668.130611361863,7738.499112087542,0.3098330241187384,20.477551020408168,
1,11001,white_usv17,usv17,10872.0,True,1.0,21298.598518574938,3699.2716820315472,7437.802185468379,0.300556586270872,13.54508348794063,
1,11001,white_usv7,usv16,10872.0,True,1.0,12236.042467741285,4999.955131123494,10885.630204974546,0.2912801484230056,30.40463821892393,
1,11001,white_usv8,usv16,10872.0,True,1.0,14322.082968390934,4999.997996129507,8482.89217984082,0.3098330241187384,14.852319109461968,
1,11001,white_usv9,usv13,10872.0,True,1.0,35987.67380305289,1932.8040627993905,2735.2387837655915,0.7777777777777778,0.0,11462.0
1,11001,white_usv12,usv18,10872.0,True,1.0,6199.525051274279,4974.773073372315,10808.074654085267,0.28014842300556586,23.46975881261595,
1,11001,white_usv15,usv18,10872.0,True,1.0,27202.93026806839,4368.133146033855,-1705.6309315738472,0.22634508348794063,24.79721706864564,
1,11001,white_usv18,usv18,10872.0,True,1.0,14838.419807676713,2378.1034921967366,4644.713493217874,0.2634508348794063,20.477551020408168,
1,11001,white_usv17,usv18,10872.0,True,1.0,22906.868334264407,4666.310343167068,10163.05496228343,0.2782931354359926,13.54508348794063,
1,11001,white_usv10,usv11,10872.0,False,0.987037037037037,2427.1736739343924,2511.9831177632514,6161.94910961984,0.37781954887218044,26.201669758812614,
1,11001,white_usv12,usv19,10872.0,True,1.0,5545.462226816477,5989.36266378095,12401.7817494876,0.2764378478664193,23.46975881261595,
1,11001,white_usv15,usv19,10872.0,True,1.0,33467.32362352316,5321.8886314947085,-1097.9715170017662,0.22634508348794063,24.79721706864564,
1,11001,white_usv17,usv19,10872.0,True,1.0,25383.37662813613,6319.33973857262,12649.440090722528,0.26716141001855287,13.54508348794063,
1,11001,white_usv8,usv18,10872.0,True,1.0,3059.732415732196,3517.9400900289766,6834.235792658968,0.3172541743970315,14.852319109461968,
1,11001,white_usv10,usv14,10872.0,True,1.0,2246.5791341869826,1544.8554795456148,6300.477949246808,0.3042671614100185,26.201669758812614,
1,11001,white_usv13,usv16,10872.0,True,1.0,2516.846014438451,338.86561295555293,1339.6870110967684,0.3172541743970315,22.029684601113168,
1,11001,white_usv16,usv16,10872.0,True,1.0,19391.39815429042,643.3875719424541,-1557.2496918079923,0.2894248608534323,20.386085343228203,
1,11001,white_usv19,usv18,10872.0,True,1.0,10225.56181175341,2917.022225180597,6742.050940505906,0.33766233766233766,12.943413729128016,
1,11001,white_usv3,usv14,10872.0,True,1.0,10501.839123148475,4667.1409873529265,11915.012163697611,0.2987012987012987,31.235992578849718,
1,11001,white_usv8,usv16,10872.0,True,1.0,14322.082968390934,4999.997996129507,8482.89217984082,0.3098330241187384,14.852319109461968,
1,11001,white_usv12,usv16,10872.0,True,1.0,6003.825791278328,2759.471636971659,3174.6139841522017,0.3042671614100185,23.46975881261595,
1,11001,white_usv15,usv16,10872.0,True,1.0,16596.25115469681,2690.5867383418044,747.9713450730087,0.2764378478664193,24.79721706864564,
1,11001,white_usv18,usv16,10872.0,True,1.0,12161.637792620233,4640.754788751248,10184.498377280615,0.3116883116883117,20.477551020408168,
1,11001,white_usv17,usv16,10872.0,True,1.0,17189.859679371253,2256.925571184409,3870.5096256317483,0.3339517625231911,13.54508348794063,
1,11001,white_usv5,usv11,10872.0,True,0.987037037037037,15125.83873583985,2260.3941117817594,3307.560691062019,0.34774436090225563,46.0760667903525,
1,11001,white_usv6,usv13,10872.0,True,1.0,22104.864916970375,-1155.642065042317,-3736.966837435066,0.3116883116883117,40.01001855287569,
1,11001,white_usv7,usv18,10872.0,False,1.0,29580.872267038863,3831.7955192401423,7025.4917235911635,0.2541743970315399,30.40463821892393,
1,11001,white_usv13,usv19,10872.0,True,1.0,8793.646526278208,2398.596553129668,8798.747026901998,0.2912801484230056,22.029684601113168,
1,11001,white_usv16,usv19,10872.0,True,1.0,33216.67803742725,3071.5113332954643,-2519.0542278576177,0.2300556586270872,20.386085343228203,
1,11001,white_usv8,usv18,10872.0,True,1.0,3059.732415732196,3517.9400900289766,6834.235792658968,0.3172541743970315,14.852319109461968,
1,11001,white_usv12,usv19,10872.0,True,1.0,5545.462226816477,5989.36266378095,12401.7817494876,0.2764378478664193,23.46975881261595,
1,11001,white_usv15,usv19,10872.0,True,1.0,33467.32362352316,5321.8886314947085,-1097.9715170017662,0.22634508348794063,24.79721706864564,
1,11001,white_usv18,usv18,10872.0,True,1.0,14838.419807676713,2378.1034921967366,4644.713493217874,0.2634508348794063,20.477551020408168,
1,11001,white_usv17,usv19,10872.0,True,1.0,25383.37662813613,6319.33973857262,12649.440090722528,0.26716141001855287,13.54508348794063,
1,11001,white_usv5,usv12,10872.0,True,1.0,21104.70285908781,1756.5184401968363,1911.5305303869027,0.34137291280148424,46.0760667903525,
1,11001,white_usv6,usv14,10872.0,True,1.0,28571.20893025522,248.56274743293034,-896.0432179183626,0.29313543599257885,40.01001855287569,
1,11001,white_usv7,usv16,10872.0,True,1.0,12236.042467741285,4999.955131123494,10885.630204974546,0.2912801484230056,30.40463821892393,
1,11001,white_usv13,usv16,10872.0,True,1.0,2516.846014438451,338.86561295555293,1339.6870110967684,0.3172541743970315,22.029684601113168,
1,11001,white_usv16,usv16,10872.0,True,1.0,19391.39815429042,643.3875719424541,-1557.2496918079923,0.2894248608534323,20.386085343228203,
1,11001,white_usv8,usv16,10872.0,True,1.0,14322.082968390934,4999.997996129507,8482.89217984082,0.3098330241187384,14.852319109461968,
1,11001,white_usv9,usv16,10872.0,True,1.0,22566.934661199863,4999.999701975532,7719.999484380263,0.7777777777777778,0.0,11462.0
1,11001,white_usv12,usv16,10872.0,True,1.0,6003.825791278328,2759.471636971659,3174.6139841522017,0.3042671614100185,23.46975881261595,
1,11001,white_usv15,usv16,10872.0,True,1.0,16596.25115469681,2690.5867383418044,747.9713450730087,0.2764378478664193,24.79721706864564,
1,11001,white_usv18,usv16,10872.0,True,1.0,12161.637792620233,4640.754788751248,10184.498377280615,0.3116883116883117,20.477551020408168,
1,11001,white_usv17,usv16,10872.0,True,1.0,17189.859679371253,2256.925571184409,3870.5096256317483,0.3339517625231911,13.54508348794063,
1,11001,white_usv7,usv18,10872.0,False,1.0,29580.872267038863,3831.7955192401423,7025.4917235911635,0.2541743970315399,30.40463821892393,
1,11001,white_usv13,usv19,10872.0,True,1.0,8793.646526278208,2398.596553129668,8798.747026901998,0.2912801484230056,22.029684601113168,
1,11001,white_usv16,usv19,10872.0,True,1.0,33216.67803742725,3071.5113332954643,-2519.0542278576177,0.2300556586270872,20.386085343228203,
1,11001,white_usv8,usv18,10872.0,True,1.0,3059.732415732196,3517.9400900289766,6834.235792658968,0.3172541743970315,14.852319109461968,
1,11001,white_usv12,usv19,10872.0,True,1.0,5545.462226816477,5989.36266378095,12401.7817494876,0.2764378478664193,23.46975881261595,
1,11001,white_usv15,usv19,10872.0,True,1.0,33467.32362352316,5321.8886314947085,-1097.9715170017662,0.22634508348794063,24.79721706864564,
1,11001,white_usv18,usv18,10872.0,True,1.0,14838.419807676713,2378.1034921967366,4644.713493217874,0.2634508348794063,20.477551020408168,
1,11001,white_usv17,usv19,10872.0,True,1.0,25383.37662813613,6319.33973857262,12649.440090722528,0.26716141001855287,13.54508348794063,
1,11001,white_usv20,usv23,10872.0,True,0.6891891891891891,22792.356716970236,,,0.66,37.06849315068492,14134.5
1,11001,white_usv7,usv14,11311.0,True,1.0,8507.59624409528,6209.155366257379,11915.124915828423,0.3032015065913371,30.862711864406776,
1,11001,white_usv8,usv14,11311.0,True,1.0,8934.68467653911,-5021.742169979676,-7994.255270349378,0.3427495291902072,15.076082862523542,
1,11001,white_usv14,usv13,11311.0,False,1.0,14041.356033826556,5965.990390426901,11671.990093838052,0.3239171374764595,23.96629001883239,
1,11001,white_usv17,usv20,11311.0,True,1.0,32374.511630056382,4679.979321976389,-1026.0195095401068,0.256120527306968,13.748587570621469,
1,11001,white_usv20,usv21,11311.0,True,1.0,24229.878502843432,1141.6925432142016,-1012.2954778834392,0.5846153846153846,36.466153846153844,14134.5
1,11001,white_usv19,usv23,11311.0,False,0.9699248120300752,48826.23672784707,6851.7982226438835,12563.832983426859,0.2621359223300971,13.039171374764596,
1,11001,white_usv18,usv11,11311.0,False,0.9906015037593985,15333.512835383925,7070.864327723641,14089.7093591077,0.41064638783269963,20.69416195856874,
1,11001,white_usv13,usv20,11311.0,True,1.0,11689.340201910214,6779.775859693669,10035.216843254311,0.2711864406779661,21.68286252354049,
1,11001,white_usv12,usv20,11311.0,True,1.0,10708.697731702092,7089.905035739226,9997.342060632971,0.2542372881355932,23.78436911487758,
1,11001,white_usv14,usv14,11311.0,True,1.0,12929.951039492442,6226.248048403169,11805.693070190526,0.3069679849340866,23.96629001883239,
1,11001,white_usv6,usv13,11311.0,True,1.0,22104.864916970375,-5100.7660776100165,-3756.063112753145,0.3107344632768362,38.87871939736346,
1,11001,white_usv3,usv13,11311.0,True,1.0,12162.98218345802,5617.429471890297,10866.114223782712,0.3182674199623352,31.602259887005648,
1,11001,white_usv6,usv14,11311.0,True,1.0,28571.20893025522,-5043.565034316933,-3616.112159938377,0.2919020715630885,38.87871939736346,
1,11001,white_usv19,usv19,11311.0,True,1.0,2620.203400603895,4797.748101449688,9593.50310035342,0.3088512241054614,13.039171374764596,
1,11001,white_usv3,usv14,11311.0,True,1.0,10501.839123148475,6367.802273023186,12073.802086507447,0.288135593220339,31.602259887005648,
1,11001,white_usv1,usv10,11311.0,True,0.7333333333333333,32578.20894822873,2039.1901579719051,982.6238573225273,0.4,99.52142857142859,11970.5
1,11001,white_usv5,usv11,11311.0,True,0.9906015037593985,15125.83873583985,-74.3199726187595,7339.882726467338,0.34600760456273766,45.11638418079095,
1,11001,white_usv5,usv12,11622.0,True,1.0,21104.70285908781,3972.5016274029367,2078.919181296682,0.33904761904761904,44.604,
1,11001,white_usv17,usv19,11622.0,True,1.0,25383.37662813613,-5559.609191464511,-4755.652501099496,0.24761904761904763,13.526857142857143,
1,11001,white_usv20,usv22,11622.0,True,1.0,21017.711989873693,60.7195311011601,860.1096517206897,0.6271186440677966,31.03559322033898,14134.5
1,11001,white_usv17,usv20,11622.0,True,1.0,32374.511630056382,-5611.772444739785,-4768.341061332932,0.24761904761904763,13.526857142857143,
1,11001,white_usv16,usv10,11622.0,False,0.9923954372623575,14898.973671675549,2370.7900616832485,8164.981393675611,0.418426103646833,20.243238095238098,
1,11001,white_usv19,usv21,11622.0,True,1.0,22769.761347835174,5849.641178340236,12865.441146402358,0.2780952380952381,13.067428571428572,
1,11001,white_usv18,usv14,11622.0,True,1.0,11084.59841097698,5631.268662961789,10164.59302126903,0.3295238095238095,20.804190476190477,
1,11001,white_usv15,usv11,11622.0,False,0.9961977186311787,10874.190057507041,1310.1186021492758,8225.94637792914,0.3862332695984704,24.81390476190476,
1,11001,white_usv19,usv20,11622.0,True,1.0,15415.827585570514,5718.982259868804,11344.265673215152,0.2838095238095238,13.067428571428572,
1,11001,white_usv3,usv12,11622.0,True,1.0,10247.124848437037,4653.628297914474,8808.126351906387,0.33714285714285713,31.96323809523809,
1,11001,white_usv5,usv11,11622.0,True,0.9961977186311787,15125.83873583985,6112.209801946723,5802.412122705071,0.3441682600382409,44.604,
1,11001,white_usv20,usv23,11994.0,True,1.0,22792.356716970236,658.0745428904556,408.4892487953475,0.6530612244897959,25.763265306122452,14134.5
1,11001,white_usv13,usv21,11994.0,True,1.0,20354.421192295682,7197.909695773909,10196.940674386042,0.2524271844660194,21.62640776699029,
1,11001,white_usv12,usv21,11994.0,True,1.0,20224.361406678592,7148.0472561321,10117.798148816928,0.23300970873786409,23.79456310679612,
1,11001,white_usv10,usv12,11994.0,True,1.0,2086.276568836824,3731.2952071998516,-464.074342736596,0.33980582524271846,26.24233009708738,
1,11001,white_usv6,usv10,11994.0,True,0.9941860465116279,8978.612519349796,4871.677382524307,11006.99057373275,0.365234375,39.387766990291254,
1,11001,white_usv7,usv22,11994.0,False,1.0,80104.44022402633,2019.314391965163,7803.314088937768,0.24660194174757283,31.73747572815534,
1,11001,white_usv8,usv23,11994.0,False,1.0,63225.97186274623,2886.4706265569257,8906.252323878085,0.2737864077669903,14.940000000000001,
1,11001,white_usv14,usv11,11994.0,True,1.0,5619.373989638074,6300.250717954943,12198.853599877046,0.3611650485436893,24.71009708737864,
1,11001,white_usv18,usv23,11994.0,False,1.0,70444.2695171272,1777.8436319533648,7798.544884062096,0.2524271844660194,21.206990291262137,
1,11001,white_usv3,usv22,11994.0,False,1.0,95993.94458627641,1325.1537984941242,7109.150709460097,0.2563106796116505,32.58388349514563,
1,11001,white_usv10,usv21,11994.0,False,1.0,68614.59419867236,1925.635529411622,8062.066220819412,0.26601941747572816,26.24233009708738,
1,11001,white_usv19,usv21,11994.0,True,1.0,22769.761347835174,7404.844355596892,13668.22866701497,0.26407766990291265,13.102912621359224,
1,11001,white_usv4,usv10,11994.0,False,0.9941860465116279,14433.909019624809,-2895.1125083817024,1803.4498519172485,0.388671875,30.83495145631068,
1,11001,white_usv17,usv9,12366.0,False,0.9901185770750988,9066.71944296954,5688.6999841647485,12214.336020834657,0.472,13.6209900990099,
1,11001,white_usv6,usv11,12366.0,True,1.0,8693.029653873766,5244.525700633923,11719.641981604167,0.33663366336633666,40.05287128712871,
1,11001,white_usv5,usv10,12366.0,True,0.9980237154150198,13328.56465922974,4382.650530037688,7965.832671352437,0.3531746031746032,44.270099009900996,
1,11001,white_usv2,usv9,12366.0,False,0.9901185770750988,12057.957279160559,-1611.9984371773753,4961.013298868522,0.43,24.29049504950495,
1,11001,white_usv7,usv9,12366.0,False,0.9901185770750988,2309.6973016701195,-3418.345465272432,2746.0696852822584,0.414,32.11623762376238,
1,11001,white_usv3,usv8,12366.0,True,0.9189723320158103,2593.3538296480087,6208.066235306484,13346.998228446042,0.3728448275862069,33.06257425742574,
1,11001,white_usv5,usv11,12825.0,True,1.0,15125.83873583985,-4838.530688232699,-4333.56936922633,0.3292929292929293,44.040808080808084,
1,11001,white_usv5,usv10,12825.0,True,1.0,13328.56465922974,-4652.483414316172,-4125.041323625082,0.3434343434343434,44.040808080808084,
1,11001,white_usv6,usv10,12825.0,True,1.0,8978.612519349796,5892.660902940574,12051.68005059965,0.3434343434343434,40.86121212121212,
1,11001,white_usv5,usv11,12825.0,True,1.0,15125.83873583985,-4838.530688232699,-4333.56936922633,0.3292929292929293,44.040808080808084,
1,11001,white_usv6,usv11,12825.0,True,1.0,8693.029653873766,5401.234942404888,11377.911936627697,0.32323232323232326,40.86121212121212,
1,11001,white_usv5,usv10,12825.0,True,1.0,13328.56465922974,-4652.483414316172,-4125.041323625082,0.3434343434343434,44.040808080808084,
1,11001,white_usv6,usv10,12825.0,True,1.0,8978.612519349796,5892.660902940574,12051.68005059965,0.3434343434343434,40.86121212121212,
1,11001,white_usv13,usv8,12825.0,False,0.9354838709677419,6626.530079775665,-2241.4753373472777,4838.022821018094,0.4708423326133909,21.75171717171717,
1,11001,white_usv19,usv10,12825.0,False,1.0,26386.007930039177,-2055.7803928763606,4106.216931291769,0.41818181818181815,13.63010101010101,
1,11001,white_usv10,usv8,12825.0,False,0.9354838709677419,3313.5271157280226,-2562.4781428921124,4640.097640210268,0.4168466522678186,27.116969696969697,
1,11001,white_usv5,usv11,12825.0,True,1.0,15125.83873583985,-4838.530688232699,-4333.56936922633,0.3292929292929293,44.040808080808084,
1,11001,white_usv6,usv11,12825.0,True,1.0,8693.029653873766,5401.234942404888,11377.911936627697,0.32323232323232326,40.86121212121212,
1,11001,white_usv12,usv11,12825.0,False,1.0,12424.856874669691,-3781.2818406966253,483.3709166006447,0.4383838383838384,24.009696969696968,
1,11001,white_usv5,usv10,12825.0,True,1.0,13328.56465922974,-4652.483414316172,-4125.041323625082,0.3434343434343434,44.040808080808084,
1,11001,white_usv6,usv10,12825.0,True,1.0,8978.612519349796,5892.660902940574,12051.68005059965,0.3434343434343434,40.86121212121212,
1,11001,white_usv12,usv7,12825.0,False,0.9495967741935484,7834.4469237378335,5645.935057219875,13158.087926582928,0.5,24.009696969696968,
1,11001,white_usv14,usv7,12825.0,True,0.9495967741935484,4006.2605382113097,5824.417644844289,13488.628897491828,0.4,25.475959595959594,
1,11001,white_usv15,usv7,12825.0,True,0.9495967741935484,2056.2869486518357,4894.782924372557,12547.252089717003,0.4297872340425532,26.085656565656564,
1,11001,white_usv6,usv9,13325.0,True,0.9979423868312757,3151.5090156170195,6335.317770650545,6450.693419614836,0.35330578512396693,41.70371134020618,
1,11001,white_usv5,usv6,13325.0,True,0.9362139917695473,1839.017397377949,6466.673493665425,8070.862637776168,0.40969162995594716,44.20659793814433,
1,11001,white_usv16,usv6,13325.0,True,0.9362139917695473,526.7432239188021,6277.561604942428,13326.4812550012,0.460352422907489,21.689896907216493,
1,11001,white_usv4,usv6,13325.0,True,0.9362139917695473,471.7003607362103,6330.660997004932,13429.808629612744,0.43832599118942733,32.48,
1,11001,white_usv5,usv9,13325.0,True,0.9979423868312757,7752.086020837811,6053.088468776012,10461.65422043723,0.3574380165289256,44.20659793814433,
1,11001,white_usv18,usv6,13325.0,False,0.9362139917695473,5621.984461540562,4567.579056382558,11556.785692932084,0.4955947136563877,22.22412371134021,
1,11001,white_usv14,usv9,13749.0,True,1.0,1207.3759967991696,5209.958761516973,11687.306908974359,0.3684210526315789,26.22442105263158,
1,11001,white_usv3,usv7,13749.0,True,0.9705882352941176,5239.916350731999,5690.527792152396,11437.69229004276,0.40130151843817785,34.804,
1,11001,white_usv3,usv9,14103.0,True,1.0,4599.684508329032,5440.739824744902,11772.543252688141,0.34838709677419355,35.16860215053763,
1,11001,white_usv13,usv7,14103.0,False,0.9763948497854077,19711.997204894415,333.08298116273363,7169.823344394594,0.4713656387665198,22.62537634408602,
1,11001,white_usv5,usv8,14531.0,True,0.9846491228070176,4913.123874272636,-3168.013236176179,2781.022488710427,0.34151785714285715,45.24813186813187,
1,11001,white_usv6,usv8,14531.0,True,0.9846491228070176,858.2943355582088,-870.0261400366762,-7148.193140237967,0.35044642857142855,40.45582417582417,
1,11001,white_usv3,usv8,14531.0,True,0.9846491228070176,2593.3538296480087,5560.820846585651,12024.077948582912,0.35044642857142855,35.93846153846154,
1,11001,white_usv14,usv8,14531.0,True,0.9846491228070176,3513.686480314478,4244.8797151771,-670.0283220261845,0.33705357142857145,27.365934065934066,
1,11001,white_usv2,usv5,14531.0,True,0.9385964912280702,10080.592939268663,4212.893207236222,13363.71551376603,0.4496487119437939,26.661538461538463,
1,11001,white_usv7,usv5,14531.0,True,0.9385964912280702,1003.4236961422539,3987.6981298940955,12864.68220846563,0.45433255269320844,35.28,
1,11001,white_usv10,usv5,14531.0,False,0.9385964912280702,7027.261540724042,3705.6966650442046,12415.7409092866,0.4637002341920375,28.94857142857143,
1,11001,white_usv19,usv4,14938.0,False,0.9507829977628636,97798.74519912076,4724.847359589796,11960.35037143057,0.49292452830188677,14.634977578475336,
1,11001,white_usv8,usv4,14938.0,False,0.9507829977628636,85386.71543231855,4582.146230911341,11810.577578810102,0.5023584905660378,16.787892376681615,
1,11001,white_usv17,usv4,14938.0,False,0.9507829977628636,42986.73917401279,3859.637254542904,11292.4812363097,0.4740566037735849,15.046636771300447,
1,11001,white_usv5,usv7,15373.0,True,0.9977064220183486,6713.747082587777,6562.296683566368,8607.816027513712,0.3640552995391705,46.55724137931035,
1,11001,white_usv4,usv8,15373.0,True,1.0,5774.167842574675,5774.854584765235,10748.549070290079,0.34942528735632183,35.842298850574714,
1,11001,white_usv15,usv8,15373.0,True,1.0,3343.443327430295,5780.666813850934,10008.346807485876,0.3563218390804598,29.297011494252875,
1,11001,white_usv3,usv7,15373.0,True,0.9977064220183486,5239.916350731999,6376.171163890263,12716.5422934515,0.3640552995391705,37.156551724137934,
1,11001,white_usv6,usv2,15817.0,True,0.9112149532710281,5610.121165720527,6209.66682601138,12416.036030851741,0.4884318766066838,41.241217798594846,
1,11001,white_usv4,usv2,15817.0,True,0.9112149532710281,5841.027599064133,6243.758282749943,12533.42454182326,0.480719794344473,36.29929742388759,
1,11001,white_usv14,usv3,15817.0,False,0.9649532710280374,10241.80071138287,5942.5046308134915,12090.194721798936,0.46601941747572817,27.646370023419205,
1,11001,white_usv15,usv3,15817.0,True,0.9649532710280374,8423.5601244466,5313.470112589319,11536.52674854835,0.4733009708737864,29.62014051522248,
1,11001,white_usv6,usv7,16182.0,True,1.0,679.9649579965934,4974.777463226783,10833.000353106338,0.361244019138756,41.9011961722488,
1,11001,white_usv4,usv7,16182.0,True,1.0,7344.849595949158,5016.800920299902,11194.5365565734,0.3588516746411483,36.860287081339706,
1,11001,white_usv14,usv7,16182.0,True,1.0,4006.2605382113097,4967.403040015044,10490.42727734644,0.3373205741626794,28.008373205741627,
1,11001,white_usv7,usv7,16182.0,True,1.0,4119.1762144728455,5007.2367644375845,10906.521381603488,0.37799043062200954,37.95574162679426,
1,11001,white_usv15,usv7,16182.0,True,1.0,2056.2869486518357,5005.414532066126,10725.284658673663,0.361244019138756,30.031339712918662,
1,11001,white_usv5,usv2,16182.0,False,0.9140811455847255,16162.434021272857,-4365.573929448932,1114.8504051872878,0.4424083769633508,47.143540669856456,
1,11001,white_usv6,usv2,16182.0,True,0.9140811455847255,5610.121165720527,5602.687128231657,11548.23560318655,0.4790575916230366,41.9011961722488,
1,11001,white_usv7,usv1,16182.0,False,0.8400954653937948,34268.4917857358,5594.4446030876425,11646.136996395959,0.43874643874643876,37.95574162679426,
1,11001,white_usv13,usv2,16182.0,False,0.9140811455847255,74870.8861554106,5590.102807039686,11567.960199307505,0.4712041884816754,24.932775119617222,
1,11001,white_usv4,usv3,16182.0,True,0.9689737470167065,1639.5123457142051,5671.653829518909,11799.926119026248,0.47160493827160493,36.860287081339706,
1,11001,white_usv3,usv3,16182.0,True,0.9689737470167065,1838.7561924046593,-4414.533622297313,504.4816680996155,0.4641975308641975,38.22775119617225,
1,11001,white_usv12,usv1,16182.0,False,0.8400954653937948,55393.67138631663,5625.310848882975,12016.753385965974,0.46438746438746437,27.6188995215311,
1,11001,white_usv14,usv1,16182.0,False,0.8400954653937948,26819.402405198798,5587.248926960689,11355.072002381174,0.452991452991453,28.008373205741627,
1,11001,white_usv15,usv3,16182.0,True,0.9689737470167065,8423.5601244466,5617.682161160585,11281.914767628783,0.4641975308641975,30.031339712918662,
1,11001,white_usv6,usv6,16653.0,True,0.9975490196078431,6531.623023878685,5204.667932720848,10878.395920720097,0.3694581280788177,42.56019656019656,
1,11001,white_usv4,usv6,16653.0,True,0.9975490196078431,471.7003607362103,5681.886916243639,11875.195595068079,0.37438423645320196,37.39582309582309,
1,11001,white_usv5,usv5,17078.0,True,0.992462311557789,6466.850029165645,4809.9916930261315,10787.109718664025,0.38578680203045684,48.458438287153655,
1,11001,white_usv7,usv3,17078.0,True,0.9798994974874372,17701.820817372638,4917.418181596033,11154.29706601506,0.43958868894601544,39.21309823677582,
1,11001,white_usv2,usv6,17078.0,True,1.0,2163.480892627749,5049.3500571529585,4256.723780864617,0.3879093198992443,30.127707808564235,
1,11001,white_usv15,usv6,17078.0,True,1.0,4031.6687038277414,4557.231707478975,10503.009067638646,0.34005037783375314,31.12594458438287,
1,11001,white_usv5,usv6,17078.0,True,1.0,1839.017397377949,4418.999846719336,10380.092442354777,0.36272040302267,48.458438287153655,
1,11001,white_usv13,usv3,17078.0,False,0.9798994974874372,66367.59945073989,1792.748282742832,8347.70035565496,0.4524421593830334,25.50831234256927,
1,11001,white_usv3,usv6,17078.0,True,1.0,492.5196751077922,4477.276484324269,10415.829127858153,0.3677581863979849,39.28614609571788,
1,11001,white_usv12,usv5,17078.0,False,0.992462311557789,15644.048856721229,1338.8096849896392,7472.01167360197,0.4467005076142132,28.348614609571786,
1,11001,white_usv14,usv5,17078.0,True,0.992462311557789,12525.671696309078,-75.19051273884543,5371.7161727982675,0.39847715736040606,28.741057934508817,
1,11001,white_usv7,usv6,17078.0,True,1.0,480.6018401866522,3680.577665194498,9582.59636468628,0.380352644836272,39.21309823677582,
1,11001,white_usv14,usv6,17487.0,True,1.0,11039.379899538326,4782.40340628905,11451.438300585203,0.36082474226804123,29.1069587628866,
1,11001,white_usv5,usv5,17487.0,True,0.9974293059125964,6466.850029165645,5099.007291279588,11168.02341910061,0.37467700258397935,49.29381443298969,
1,11001,white_usv15,usv5,17487.0,True,0.9974293059125964,8629.033573783508,4995.75980092425,10950.740607427564,0.38242894056847543,31.807731958762886,
1,11001,white_usv4,usv5,17962.0,True,1.0,4654.756232163186,5119.527623940026,10641.347263382842,0.3641160949868074,39.17282321899736,
1,11001,white_usv3,usv5,17962.0,True,1.0,4719.5479838880865,4931.705802813158,10453.455111601597,0.36675461741424803,41.108970976253296,
1,11001,white_usv7,usv5,17962.0,True,1.0,1003.4236961422539,4826.955247977814,10348.67962905813,0.38786279683377306,40.758047493403694,
1,11001,white_usv2,usv2,17962.0,False,0.9631578947368421,41745.45177646935,2321.8026757034095,10992.891584240337,0.43561643835616437,30.588654353562006,
1,11001,white_usv6,usv3,17962.0,True,0.9868421052631579,1743.6251686938872,4100.080347781113,9690.827701770744,0.446524064171123,44.70263852242744,
1,11001,white_usv16,usv3,17962.0,False,0.9868421052631579,35250.8741314936,4467.173888064048,10311.560100767936,0.41711229946524064,26.32031662269129,
1,11001,white_usv14,usv2,17962.0,True,0.9631578947368421,18745.330378943032,1825.5048636568827,9971.945414314003,0.4410958904109589,29.796833773087073,
1,11001,white_usv18,usv2,17962.0,True,0.9631578947368421,32230.272834504456,1827.2624887623242,9524.461667058626,0.4575342465753425,27.971503957783643,
1,11001,white_usv14,usv5,17962.0,True,1.0,12525.671696309078,2413.773045423375,7545.720109369089,0.38522427440633245,29.796833773087073,
1,11001,white_usv5,usv4,18440.0,True,0.9973045822102425,2876.168122880308,5155.522849816982,11078.208133585871,0.37669376693766937,51.678918918918924,
1,11001,white_usv2,usv5,18440.0,True,1.0,10080.592939268663,4400.807104312749,9660.23961832557,0.3810810810810811,30.771891891891894,
1,11001,white_usv4,usv4,18440.0,True,0.9973045822102425,2378.6315834366083,5189.331989842096,10026.584240444106,0.3875338753387534,40.11,
1,11001,white_usv3,usv4,18440.0,True,0.9973045822102425,2030.2047057638683,5055.876645730939,9855.859956220047,0.3902439024390244,42.09972972972973,
1,11001,white_usv6,usv5,18440.0,True,1.0,9560.399400865706,4387.4775973014985,9479.22365574073,0.3783783783783784,45.167027027027025,
1,11001,white_usv16,usv5,18440.0,True,1.0,12078.561914033458,4431.53204740287,9789.769133235539,0.37567567567567567,26.38243243243243,
1,11001,white_usv7,usv4,18440.0,True,0.9973045822102425,6265.415978817971,4976.492490610348,10746.524664286793,0.3956639566395664,41.74162162162162,
1,11001,white_usv2,usv3,18905.0,False,0.9944598337950139,33242.03403524666,4464.525927205992,10942.397645261182,0.39106145251396646,31.332222222222224,
1,11001,white_usv6,usv2,18905.0,True,0.9806094182825484,5610.121165720527,4560.188726638196,11202.321840189477,0.45042492917847027,46.09722222222222,
1,11001,white_usv16,usv1,18905.0,False,0.9390581717451524,51826.743804404745,4977.592390417703,12232.552720010193,0.4378698224852071,26.805555555555557,
1,11001,white_usv10,usv3,18905.0,True,0.9944598337950139,7488.418555368619,4061.1999702006433,10449.581681492258,0.41620111731843573,35.928333333333335,
1,11001,white_usv12,usv2,18905.0,False,0.9806094182825484,47323.55370260789,4585.773685106949,11663.029075967454,0.44192634560906513,30.654999999999998,
1,11001,white_usv14,usv1,18905.0,False,0.9390581717451524,26819.402405198798,4353.209512247413,11201.586555595815,0.4319526627218935,30.432777777777776,
1,11001,white_usv15,usv1,18905.0,False,0.9390581717451524,24992.593033713812,3178.914285615494,10333.623239659602,0.4408284023668639,32.94,
1,11001,white_usv14,usv4,18905.0,True,1.0,1244.9916638047957,3146.2018175291523,9126.764885348071,0.3861111111111111,30.432777777777776,
1,11001,white_usv5,usv3,18905.0,True,0.9944598337950139,7657.696490619792,5144.154632240614,11700.932375649209,0.38268156424581007,53.098333333333336,
1,11001,white_usv7,usv3,18905.0,True,0.9944598337950139,17701.820817372638,5026.509872316048,11455.202988872275,0.39106145251396646,42.890277777777776,
1,11001,white_usv2,usv4,19444.0,True,1.0,21814.6275190517,3195.4410080928646,126.70974472441594,0.36363636363636365,31.714204545454546,
1,11001,white_usv6,usv4,19444.0,True,1.0,7382.2250006937775,3981.9312278080906,8969.4197263391,0.3835227272727273,46.81505681818182,
1,11001,white_usv16,usv4,19444.0,True,1.0,23825.84864360576,3188.8731662150094,-111.95124162386492,0.36363636363636365,27.108238636363637,
1,11001,white_usv6,usv1,19444.0,True,0.9490084985835694,13667.439349211565,3621.0665875049017,9002.388005571513,0.44610778443113774,46.81505681818182,
1,11001,white_usv4,usv1,19444.0,True,0.9490084985835694,13908.052960077977,3967.320135954593,9623.377844036877,0.4341317365269461,41.12556818181818,
1,11001,white_usv3,usv2,19444.0,True,0.9858356940509915,6142.6970756767505,3494.655881587132,9956.837172992971,0.4322766570605187,43.21306818181818,
1,11001,white_usv4,usv3,20006.0,True,1.0,1639.5123457142051,5773.2655498185195,11673.050680701726,0.39067055393586003,41.54081632653061,
1,11001,white_usv3,usv3,20006.0,True,1.0,1838.7561924046593,5846.234970559286,11846.287793041996,0.3935860058309038,43.65655976676385,
1,11001,white_usv2,usv1,20006.0,False,0.9534883720930233,49818.73263894305,-1770.2523807750113,1531.425291855936,0.43119266055045874,32.207580174927116,
1,11001,white_usv14,usv2,20006.0,True,0.9912790697674418,18745.330378943032,-3804.230446244117,486.14879004982504,0.4117647058823529,31.281049562682213,
1,11001,white_usv6,usv3,20006.0,True,1.0,1743.6251686938872,5716.499377961925,11564.995594881475,0.39941690962099125,47.36530612244898,
1,11001,white_usv16,usv1,20006.0,False,0.9534883720930233,51826.743804404745,-1930.2165437773365,-3005.4254617537954,0.43119266055045874,27.502623906705537,
1,11001,white_usv15,usv3,20006.0,True,1.0,8423.5601244466,5747.051098988806,11650.268561833771,0.3877551020408163,34.241399416909616,
1,11001,white_usv8,usv1,20006.0,False,0.9534883720930233,113390.3110685765,-1488.0665181916556,-3231.343993706425,0.46788990825688076,21.16209912536443,
1,11001,white_usv7,usv2,20006.0,True,0.9912790697674418,26203.886030206617,4259.283446226538,11219.136503598536,0.3941176470588235,43.937900874635574,
1,11001,white_usv6,usv1,20558.0,True,0.975975975975976,13667.439349211565,3840.9798304564974,9656.267563789079,0.42901234567901236,48.92710843373494,
1,11001,white_usv4,usv1,20558.0,True,0.975975975975976,13908.052960077977,3883.582388718285,9970.91923179839,0.4166666666666667,42.913253012048195,
1,11001,white_usv3,usv1,20558.0,True,0.975975975975976,14210.441016478539,3851.529922821195,9972.368282775256,0.41975308641975306,45.09789156626506,
1,11001,white_usv4,usv2,20558.0,True,1.0,5841.027599064133,-451.2245667414754,5774.599972453412,0.4036144578313253,42.913253012048195,
1,11001,white_usv3,usv2,20558.0,True,1.0,6142.6970756767505,-391.20854777817294,5846.706727093551,0.4066265060240964,45.09789156626506,
1,11001,white_usv5,usv1,21112.0,True,0.9876160990712074,24234.032605696382,4993.006628677249,10530.457403067456,0.41823899371069184,55.62795031055901,
1,11001,white_usv10,usv1,21112.0,True,0.9876160990712074,24049.67068968992,4962.495480301877,10465.599223355319,0.41823899371069184,39.420496894409936,
1,11001,white_usv6,usv2,21112.0,True,1.0,5610.121165720527,5189.901475806226,10756.531009399678,0.40683229813664595,49.67546583850932,
1,11001,white_usv15,usv1,21112.0,False,0.9876160990712074,24992.593033713812,4657.187719789814,9837.970763626188,0.4276729559748428,36.103105590062114,
1,11001,white_usv4,usv1,21112.0,True,0.9876160990712074,13908.052960077977,5070.685258448888,10680.433293059301,0.4056603773584906,43.51583850931677,
1,11001,white_usv3,usv1,21112.0,True,0.9876160990712074,14210.441016478539,5098.773419118232,10737.540858588276,0.4088050314465409,45.74844720496895,
1,11001,white_usv6,usv1,21662.0,True,1.0,13667.439349211565,4049.3057356059653,9682.597545096258,0.40705128205128205,51.26474358974359,
2,11001,white_usv5,usv24,5592.0,False,0.0009633911368015414,95653.86817402925,,,0.0,66.95564127290261,31454.1
2,11001,white_usv6,usv24,5592.0,False,0.0625,58080.86375465604,,,0.0,4.166666666666667,6109.0
2,11001,white_usv10,usv25,5592.0,False,0.0009149130832570906,115388.0175599313,,,0.0,65.86025641025641,32786.0
2,11001,white_usv7,usv24,5592.0,False,0.03225806451612903,42653.62775718476,,,0.0,7.446666666666669,6589.8
2,11001,white_usv8,usv25,5592.0,False,0.0009523809523809524,54062.25463063636,,,0.0,49.107340324118205,31725.0
2,11001,white_usv9,usv25,5592.0,False,0.0009372071227741331,81802.42320569814,,,0.0,49.88667917448405,32094.6
2,11001,white_usv14,usv24,5913.0,False,0.0,,,,0.0,0.0,31813.3
3,11001,white_usv13,usv20,6651.0,False,0.9948927477017364,21303.84942400866,6712.199950143215,13834.282719814742,0.45426515930113054,38.58220858895706,35693.0
3,11001,white_usv8,usv20,6651.0,True,0.9960127591706539,15809.959654935092,6549.706932469962,6711.049770485319,0.3926282051282051,46.47629688747007,
3,11001,white_usv9,usv20,6651.0,False,0.9960127591706539,17938.86603451272,6175.357689001146,12985.649221423606,0.4182692307692308,41.90949720670391,
3,11001,white_usv4,usv19,6651.0,False,0.34375,95161.74863675085,3481.198206541623,12550.877897195183,1.0,2.4838709677419355,7536.6
3,11001,white_usv16,usv19,6651.0,False,0.7664670658682635,51821.13337936626,4262.1911163874465,15148.060262557192,0.937007874015748,6.275903614457831,11116.7
3,11001,white_usv10,usv19,6651.0,False,0.9585106382978723,17530.276724904295,3620.0458236610575,13144.566174762309,0.42444444444444446,34.06751863684771,34457.0
3,11001,white_usv17,usv18,7180.0,False,0.967558799675588,47676.91237829345,,13260.236453942503,0.4303691275167785,59.015097402597405,
3,11001,white_usv12,usv18,7180.0,False,0.9569429494079655,39161.25715082961,,11283.242664641308,0.4189189189189189,41.0,34764.1
3,11001,white_usv14,usv18,7180.0,True,0.9587628865979382,6226.910687816757,,13543.525906307332,0.41980624327233584,34.76367389060888,36010.0
3,11001,white_usv14,usv19,7475.0,False,0.9802289281997919,10383.61003509397,7157.67056705046,14340.818600813538,0.42720510095642933,35.06010416666666,36010.0
3,11001,white_usv3,usv18,7475.0,False,0.19230769230769232,128754.35701691684,5520.419590937163,5520.419590937163,1.0,3.3280000000000007,8057.8
3,11001,white_usv17,usv18,7475.0,False,0.9738562091503268,47676.91237829345,6713.047475637082,6713.047475637082,0.42989084802686817,59.42354865085854,
3,11001,white_usv12,usv18,7475.0,False,0.9652173913043478,39161.25715082961,6049.5878982416325,6049.5878982416325,0.4182638105975197,41.33405875952122,34764.1
3,11001,white_usv18,usv18,7951.0,False,0.982740021574973,67901.9460226802,6817.034407798128,13505.41328342985,0.4,38.302591792656585,35657.0
3,11001,white_usv2,usv13,7951.0,False,0.6470588235294118,106522.9167479337,5368.205307536497,12035.952483337853,1.0,2.54848484848485,8843.5
3,11001,white_usv19,usv13,7951.0,True,0.9798657718120806,33115.5971225309,6006.754308841424,13447.07579503789,0.40914285714285714,43.45464725643897,34599.7
3,11001,white_usv8,usv13,7951.0,True,0.9850374064837906,35642.65949927975,-2542.98149437744,-7252.95539064215,0.42905405405405406,47.2138935108153,
3,11001,white_usv20,usv12,8156.0,False,0.6593406593406593,63738.68264415064,5158.851358254949,12991.182548065713,1.0,2.5377777777777784,10688.0
3,11001,white_usv1,usv11,8156.0,False,0.2549019607843137,129913.59750949654,4920.867851230956,7963.862353512479,1.0,4.898,9652.8
3,11001,white_usv11,usv15,8156.0,False,0.8666666666666667,154324.28867776558,5457.885821003263,12260.528492739366,1.0,1.4338983050847427,9800.7
3,11001,white_usv13,usv14,8156.0,False,0.9934640522875817,46272.00441519647,5324.0171228408435,13438.207129045768,0.41712403951701427,41.070447110141764,35693.0
3,11001,white_usv8,usv19,8156.0,True,1.0,8906.837653137221,-3140.5603950868535,-7309.666763898611,0.3859060402684564,47.50142617449664,
3,11001,white_usv9,usv15,8156.0,True,0.9932942162615256,30750.993526415674,5421.64626672132,12266.790955204211,0.40878378378378377,43.955536912751676,
3,11001,white_usv15,usv14,8156.0,True,0.9949706621961442,27790.727480035493,5798.8595287881035,14690.980624780685,0.4274873524451939,44.49110738255033,
3,11001,white_usv9,usv19,8717.0,True,1.0,9243.610653743768,5544.149689062186,11383.30463132344,0.3955669224211424,44.59820971867008,
3,11001,white_usv1,usv16,8717.0,False,1.0,157986.61702252584,5220.416565314605,11408.128456433304,1.0,5.332258064516128,9652.8
3,11001,white_usv9,usv18,8968.0,True,1.0,761.1358405003003,6142.287739446147,10929.761297327721,0.4032674118658641,44.98134135855546,
3,11001,white_usv20,usv17,9258.0,False,0.9811320754716981,113110.72382797665,5685.288726564759,11586.183064370387,1.0,2.984615384615386,10688.0
3,11001,white_usv16,usv13,9258.0,False,0.9411764705882353,40655.78983357836,5945.458366841995,12932.402666995331,0.8888888888888888,15.292537313432835,11116.7
3,11001,white_usv10,usv16,9258.0,False,0.9988109393579072,47529.376700470784,5781.6705439271755,11675.54578216534,0.37902264600715135,37.999880952380956,34457.0
3,11001,white_usv8,usv15,9258.0,True,0.9982683982683983,15635.088973078799,5466.517781837712,11107.108249466532,0.4288194444444444,48.44948006932409,
3,11001,white_usv14,usv17,9258.0,True,0.9988789237668162,15625.27320011193,6620.940711800249,13299.07621015978,0.39325842696629215,37.71560044893378,36010.0
3,11001,white_usv8,usv18,9554.0,True,1.0,2709.548379750546,5630.525984027794,11941.625019298543,0.4012237762237762,48.72937062937063,
3,11001,white_usv18,usv11,9554.0,True,0.9930955120828538,26133.16695623578,5684.908484595209,5685.359487342779,0.3665893271461717,40.79297235023041,35657.0
3,11001,white_usv14,usv18,9554.0,True,1.0,6226.910687816757,5709.573858589858,12201.794953407312,0.38819523269012485,38.06038592508513,36010.0
3,11001,white_usv15,usv17,9739.0,True,1.0,6204.793681085315,6419.238939530864,7995.283423700974,0.4012345679012346,46.7326278659612,
3,11001,white_usv17,usv15,9739.0,True,1.0,32607.54473081335,6258.947889383024,9928.772508094757,0.4021164021164021,64.02680776014108,
3,11001,white_usv19,usv11,9739.0,True,1.0,19940.68535589109,6138.789809480717,10380.647540817721,0.37212121212121213,46.95915151515152,34599.7
3,11001,white_usv14,usv17,9739.0,True,1.0,15625.27320011193,6245.508100445913,11221.120667019895,0.38002296211251435,38.48484500574053,36010.0
3,11001,white_usv18,usv12,9739.0,True,1.0,20949.943507365748,4213.323026910868,6392.096003751132,0.36480186480186483,41.19801864801865,35657.0
3,11001,white_usv15,usv16,10000.0,True,1.0,8276.288262270908,2632.1475105515565,4536.822082946139,0.39679715302491103,47.115035587188615,
3,11001,white_usv8,usv17,10000.0,True,1.0,1274.8645192114743,5665.694351645892,11171.692531903744,0.4083629893238434,49.595195729537366,
3,11001,white_usv9,usv17,10000.0,True,1.0,10752.966134358021,5721.495606914177,11227.493551502641,0.3879003558718861,45.57766903914591,
3,11001,white_usv16,usv16,10000.0,True,1.0,29452.59185597206,6508.8606121768535,11348.54783497993,0.7837837837837838,26.22432432432432,11116.7
3,11001,white_usv8,usv18,10235.0,True,1.0,2709.548379750546,5672.65114956515,11707.81448573506,0.3850987432675045,50.03563734290844,
3,11001,white_usv9,usv18,10235.0,True,1.0,761.1358405003003,5655.1705230159205,11647.17927647852,0.3868940754039497,45.980879712746855,
3,11001,white_usv14,usv18,10235.0,True,1.0,6226.910687816757,-3937.2154066548355,-2532.11753246003,0.36662749706227965,39.37156286721504,36010.0
3,11001,white_usv18,usv13,10235.0,True,1.0,20305.269083103205,4993.863031448585,2605.157636543365,0.3568019093078759,41.08735083532219,35657.0
3,11001,white_usv8,usv17,10235.0,True,1.0,1274.8645192114743,5699.998216202101,11798.521633823511,0.4030520646319569,50.03563734290844,
3,11001,white_usv9,usv17,10235.0,True,1.0,10752.966134358021,5699.997957651922,11796.609639216349,0.38240574506283664,45.980879712746855,
3,11001,white_usv14,usv17,10235.0,True,1.0,15625.27320011193,-4089.4329740203684,-2639.856124552716,0.3654524089306698,39.37156286721504,36010.0
3,11001,white_usv8,usv18,10235.0,True,1.0,2709.548379750546,5672.65114956515,11707.81448573506,0.3850987432675045,50.03563734290844,
3,11001,white_usv9,usv18,10235.0,True,1.0,761.1358405003003,5655.1705230159205,11647.17927647852,0.3868940754039497,45.980879712746855,
3,11001,white_usv14,usv18,10235.0,True,1.0,6226.910687816757,-3937.2154066548355,-2532.11753246003,0.36662749706227965,39.37156286721504,36010.0
3,11001,white_usv13,usv18,10235.0,True,1.0,6486.864311824098,5084.214520607042,10369.576650446663,0.367103694874851,44.807032181168054,35693.0
3,11001,white_usv8,usv17,10235.0,True,1.0,1274.8645192114743,5699.998216202101,11798.521633823511,0.4030520646319569,50.03563734290844,
3,11001,white_usv9,usv17,10235.0,True,1.0,10752.966134358021,5699.997957651922,11796.609639216349,0.38240574506283664,45.980879712746855,
3,11001,white_usv14,usv17,10235.0,True,1.0,15625.27320011193,-4089.4329740203684,-2639.856124552716,0.3654524089306698,39.37156286721504,36010.0
3,11001,white_usv8,usv18,10235.0,True,1.0,2709.548379750546,5672.65114956515,11707.81448573506,0.3850987432675045,50.03563734290844,
3,11001,white_usv9,usv18,10235.0,True,1.0,761.1358405003003,5655.1705230159205,11647.17927647852,0.3868940754039497,45.980879712746855,
3,11001,white_usv14,usv18,10235.0,True,1.0,6226.910687816757,-3937.2154066548355,-2532.11753246003,0.36662749706227965,39.37156286721504,36010.0
3,11001,white_usv8,usv17,10235.0,True,1.0,1274.8645192114743,5699.998216202101,11798.521633823511,0.4030520646319569,50.03563734290844,
3,11001,white_usv9,usv17,10235.0,True,1.0,10752.966134358021,5699.997957651922,11796.609639216349,0.38240574506283664,45.980879712746855,
3,11001,white_usv14,usv17,10235.0,True,1.0,15625.27320011193,-4089.4329740203684,-2639.856124552716,0.3654524089306698,39.37156286721504,36010.0
3,11001,white_usv15,usv17,10235.0,True,1.0,6204.793681085315,-600.7591497113608,-422.50702043736237,0.39317773788150806,47.199820466786356,
3,11001,white_usv8,usv18,10235.0,True,1.0,2709.548379750546,5672.65114956515,11707.81448573506,0.3850987432675045,50.03563734290844,
3,11001,white_usv9,usv18,10235.0,True,1.0,761.1358405003003,5655.1705230159205,11647.17927647852,0.3868940754039497,45.980879712746855,
3,11001,white_usv14,usv18,10235.0,True,1.0,6226.910687816757,-3937.2154066548355,-2532.11753246003,0.36662749706227965,39.37156286721504,36010.0
3,11001,white_usv15,usv15,10235.0,True,1.0,18525.86015785999,-609.228176678851,-354.20675660246343,0.39317773788150806,47.199820466786356,
3,11001,white_usv17,usv14,10235.0,True,1.0,31647.371948884687,1262.9831772205216,1017.9701531602695,0.39497307001795334,64.6596947935368,
3,11001,white_usv16,usv14,10235.0,True,1.0,33497.54761636212,5683.405213830396,11470.528868248111,0.7407407407407407,35.9037037037037,11116.7
3,11001,white_usv8,usv17,10235.0,True,1.0,1274.8645192114743,5699.998216202101,11798.521633823511,0.4030520646319569,50.03563734290844,
3,11001,white_usv9,usv17,10235.0,True,1.0,10752.966134358021,5699.997957651922,11796.609639216349,0.38240574506283664,45.980879712746855,
3,11001,white_usv14,usv17,10235.0,True,1.0,15625.27320011193,-4089.4329740203684,-2639.856124552716,0.3654524089306698,39.37156286721504,36010.0
3,11001,white_usv15,usv17,10235.0,True,1.0,6204.793681085315,-600.7591497113608,-422.50702043736237,0.39317773788150806,47.199820466786356,
3,11001,white_usv12,usv12,10565.0,False,1.0,99101.31481714535,5819.106002155357,11921.192369877957,0.35294117647058826,47.29086357947435,34764.1
3,11001,white_usv13,usv15,10565.0,False,1.0,36270.86478540478,5432.312731717684,11474.312194540456,0.358695652173913,45.31787439613526,35693.0
3,11001,white_usv15,usv16,10565.0,True,1.0,8276.288262270908,-2382.8817107268223,1777.8377990170266,0.3925657298277425,47.01776971894832,
3,11001,white_usv8,usv16,10565.0,True,1.0,5642.7677556246235,5687.0390644394865,11700.70961323929,0.40525838621940163,50.53463281958295,
3,11001,white_usv9,usv16,10565.0,True,1.0,20758.986650905103,5729.0094782423985,11754.852951932506,0.3798730734360834,46.43934723481414,
3,11001,white_usv18,usv12,10565.0,True,1.0,20949.943507365748,-1182.299101262659,-6781.397885091843,0.35308343409915355,41.17859733978234,35657.0
3,11001,white_usv13,usv17,10565.0,True,1.0,16270.938526319245,5410.948320624208,11243.66372969816,0.358695652173913,45.31787439613526,35693.0
3,11001,white_usv13,usv15,10565.0,False,1.0,36270.86478540478,5432.312731717684,11474.312194540456,0.358695652173913,45.31787439613526,35693.0
3,11001,white_usv14,usv13,10565.0,False,1.0,55622.32557784789,4611.312830615352,11027.576263465693,0.37023809523809526,39.67285714285714,36010.0
3,11001,white_usv17,usv15,10849.0,True,1.0,34755.74978464476,-5712.558192796627,-467.83959382872854,0.39432753888380606,63.94208600182982,
3,11001,white_usv17,usv14,10849.0,True,1.0,32039.83926153312,-5930.553093882809,-360.04984663563664,0.39432753888380606,63.94208600182982,
3,11001,white_usv17,usv15,10849.0,True,1.0,34755.74978464476,-5712.558192796627,-467.83959382872854,0.39432753888380606,63.94208600182982,
3,11001,white_usv16,usv15,10849.0,True,1.0,32909.10621615785,-3119.2790500386836,-3119.2790500386836,0.16666666666666666,29.98333333333333,11116.7
3,11001,white_usv19,usv13,10849.0,True,1.0,33115.5971225309,5974.588262444719,12275.87699993966,0.3520408163265306,48.93877551020408,34599.7
3,11001,white_usv17,usv14,10849.0,True,1.0,32039.83926153312,-5930.553093882809,-360.04984663563664,0.39432753888380606,63.94208600182982,
3,11001,white_usv16,usv14,10849.0,True,1.0,33742.42715644234,-3267.0408273419016,-3267.0408273419016,0.16666666666666666,29.98333333333333,11116.7
3,11001,white_usv17,usv15,10849.0,True,1.0,34755.74978464476,-5712.558192796627,-467.83959382872854,0.39432753888380606,63.94208600182982,
3,11001,white_usv16,usv15,10849.0,True,1.0,32909.10621615785,-3119.2790500386836,-3119.2790500386836,0.16666666666666666,29.98333333333333,11116.7
3,11001,white_usv17,usv14,10849.0,True,1.0,32039.83926153312,-5930.553093882809,-360.04984663563664,0.39432753888380606,63.94208600182982,
3,11001,white_usv16,usv14,10849.0,True,1.0,33742.42715644234,-3267.0408273419016,-3267.0408273419016,0.16666666666666666,29.98333333333333,11116.7
3,11001,white_usv19,usv12,10849.0,True,1.0,25171.43631102865,5825.69460456667,11610.966106959084,0.3520408163265306,48.93877551020408,34599.7
3,11001,white_usv14,usv16,10849.0,True,1.0,25621.26682250698,5978.827414360952,11637.407413419165,0.3614457831325301,39.7778313253012,36010.0
3,11001,white_usv15,usv15,10849.0,True,1.0,18525.86015785999,2923.292936680009,8551.676256507912,0.39432753888380606,47.28307410795974,
3,11001,white_usv16,usv15,10849.0,True,1.0,32909.10621615785,-3119.2790500386836,-3119.2790500386836,0.16666666666666666,29.98333333333333,11116.7
3,11001,white_usv13,usv16,10849.0,True,1.0,26270.903891585654,6094.643761695064,11900.022844619678,0.3508557457212714,45.63068459657702,35693.0
3,11001,white_usv18,usv13,10849.0,True,1.0,20305.269083103205,-4580.852036865574,-2203.82589734903,0.3537331701346389,41.26266829865361,35657.0
3,11001,white_usv18,usv12,10849.0,True,1.0,20949.943507365748,-5374.681386757449,-4447.234221773386,0.3537331701346389,41.26266829865361,35657.0
3,11001,white_usv8,usv15,10849.0,True,1.0,15635.088973078799,5915.6332282663425,11703.506755284841,0.3979871912168344,50.99451052150046,
3,11001,white_usv9,usv15,10849.0,True,1.0,30750.993526415674,5921.538617618629,11717.427877082366,0.3696248856358646,46.86093321134492,
3,11001,white_usv8,usv16,11149.0,True,1.0,5642.7677556246235,5815.986339304509,11031.916378292735,0.394275161588181,51.464635272391504,
3,11001,white_usv9,usv16,11149.0,True,1.0,20758.986650905103,5815.977434242264,8026.486618509687,0.3684210526315789,47.29289012003693,
3,11001,white_usv15,usv16,11149.0,True,1.0,8276.288262270908,5813.998837231637,11581.98160911871,0.3915050784856879,47.5533702677747,
3,11001,white_usv15,usv14,11149.0,True,1.0,27790.727480035493,5015.9430002753,8869.444016838028,0.39058171745152354,47.5533702677747,
3,11001,white_usv17,usv13,11149.0,True,1.0,33120.22785236067,7001.284576021542,10719.587822488153,0.3988919667590028,64.53250230840258,
3,11001,white_usv18,usv13,11149.0,True,1.0,20305.269083103205,2377.0261395165435,6920.598701953371,0.35811648079306074,41.77360594795538,35657.0
3,11001,white_usv15,usv16,11468.0,True,1.0,8276.288262270908,5490.619508540258,10730.438848294976,0.385834109972041,47.99655172413793,
3,11001,white_usv8,usv13,11468.0,True,1.0,35642.65949927975,4746.663501731571,10790.661200047267,0.3951537744641193,51.94426840633737,
3,11001,white_usv9,usv12,11468.0,False,1.0,60759.6332761595,2023.9693064304447,1199.0867545560977,0.3625349487418453,47.7336439888164,
3,11001,white_usv19,usv13,11468.0,True,1.0,33115.5971225309,5164.381613239151,-879.6166358307528,0.33507853403141363,50.05811518324607,34599.7
3,11001,white_usv15,usv13,11468.0,True,1.0,37752.49531620927,3248.15915766362,4623.219690911836,0.3849021435228332,47.99655172413793,
4,11001,white_usv9,usv18,6538.0,True,0.9322820037105751,25307.480000181382,1041.0600792636833,1041.0600792636833,0.3904382470119522,41.741504178272976,
4,11001,white_usv8,usv18,6538.0,False,0.05555555555555555,45632.73020663058,1038.5394763630975,1038.5394763630975,1.0,23.9433962264151,8099.4
4,11001,white_usv14,usv18,6833.0,True,0.9382022471910112,2257.1383291531256,6420.881804356337,10680.607817570039,0.4115884115884116,37.45379568884723,
4,11001,white_usv15,usv19,6833.0,False,0.9815950920245399,37969.52676778926,7630.77401607261,13574.647897000264,0.8742138364779874,13.639506172839509,12000.1
4,11001,white_usv10,usv19,6833.0,False,0.9971910112359551,24430.977481793252,6522.883520683914,12374.671367391013,0.43045112781954886,34.67872539831303,
4,11001,white_usv13,usv19,6833.0,False,0.9971910112359551,2964.3796039734148,7270.0401769011805,13184.962941760576,0.43045112781954886,41.68341143392689,
4,11001,white_usv8,usv19,6833.0,True,0.9318181818181818,28332.09563494296,-946.8183961530631,-2075.202259030906,0.525,28.323255813953484,8099.4
4,11001,white_usv4,usv18,6833.0,False,0.5416666666666666,83506.39579767779,-2478.1698999172513,-4196.2872838800395,0.7792207792207793,17.45034965034965,11310.8
4,11001,white_usv3,usv11,7145.0,True,0.9914933837429112,4416.744313456372,6341.948997889129,12718.912041307849,0.38072519083969464,46.840491958372745,
4,11001,white_usv4,usv11,7145.0,True,0.9328358208955224,18894.714189693626,-2512.7339961973667,-8633.224641965546,0.5,18.174436090225562,11310.8
4,11001,white_usv19,usv11,7145.0,False,0.9914933837429112,17040.58359217477,7060.538184373538,13512.764216775584,0.4198473282442748,38.25979186376537,
4,11001,white_usv18,usv12,7708.0,True,0.973963355834137,10846.634891692936,2599.362343222354,2599.362343222354,0.37165510406342916,42.91853281853282,
4,11001,white_usv2,usv12,7708.0,False,0.973963355834137,42998.92090894026,1944.1712675896124,1944.1712675896124,0.3736372646184341,39.08513513513513,
4,11001,white_usv17,usv12,7708.0,False,0.973963355834137,23494.76866708817,2624.8712297456223,2624.8712297456223,0.4043607532210109,39.92857142857143,
4,11001,white_usv1,usv13,7997.0,False,0.7410714285714286,94251.25184843394,1573.9470428409695,1573.9470428409695,0.9146341463414634,4.191891891891892,11615.6
4,11001,white_usv9,usv20,7997.0,True,0.9990272373540856,206.65537108768697,5065.581340401026,5100.391811651352,0.3840155945419103,43.65452775073028,
4,11001,white_usv12,usv20,7997.0,False,0.9990272373540856,20828.539324148405,6552.0656374655955,12865.645791890187,0.42007797270955166,40.77429406037,
4,11001,white_usv16,usv13,7997.0,False,0.7478260869565218,43893.87168699969,1989.9473287461878,1989.9473287461878,0.8352941176470589,9.928070175438599,11715.4
4,11001,white_usv8,usv20,7997.0,True,0.75,18889.75167985698,739.9036719421783,739.9036719421783,1.0,50.56666666666666,8099.4
4,11001,white_usv14,usv20,7997.0,True,0.9990272373540856,9521.34106974388,7539.417966919304,14748.123650221343,0.4015594541910331,38.87263875365141,
4,11001,white_usv11,usv13,7997.0,False,0.8739130434782608,154802.99503579663,1379.3845192127046,1379.3845192127046,0.685,2.243668122270741,15904.0
4,11001,white_usv20,usv18,7997.0,False,0.9747081712062257,132339.23802630007,5444.1145918767725,9358.478703028348,0.3996003996003996,31.705550146056474,
4,11001,white_usv15,usv17,8280.0,True,0.9911504424778761,20842.123900366238,7034.985388340196,14653.437351632383,0.8288288288288288,19.658035714285717,12000.1
4,11001,white_usv10,usv14,8280.0,False,0.9901768172888016,96427.00999113002,5298.312080980948,11145.81550757229,0.3972194637537239,36.32015732546706,
4,11001,white_usv1,usv18,8280.0,False,0.7941176470588235,166225.20295614706,4452.60079488784,9442.656202335347,0.9,3.832673267326733,11615.6
4,11001,white_usv16,usv15,8280.0,True,0.9809523809523809,27414.6176533005,7028.418427561002,14258.535976469837,0.8725490196078431,10.673076923076925,11715.4
4,11001,white_usv13,usv16,8280.0,True,0.9400785854616895,16450.886287328456,5572.91775141751,11968.008362587338,0.4341004184100418,43.696656833824974,
4,11001,white_usv11,usv17,8280.0,False,0.9954545454545455,97202.77491779337,4772.323134188715,10968.26291355968,0.6926605504587156,1.9716894977168937,15904.0
4,11001,white_usv3,usv12,8589.0,True,0.9970238095238095,3971.7558296121824,2868.086484088126,2552.6546789415806,0.34760956175298807,49.1025819265144,
4,11001,white_usv4,usv13,8589.0,True,0.8452380952380952,11507.742167994656,6299.200699765235,8120.792120708415,0.9714285714285714,26.189156626506023,11310.8
4,11001,white_usv19,usv14,8589.0,False,0.9920634920634921,26153.156361929578,6321.59623766187,12924.451772433982,0.4064064064064064,40.127606752730884,
4,11001,white_usv4,usv12,8589.0,True,0.9642857142857143,5817.830100478037,6540.368110032279,8432.375980990277,0.925,26.189156626506023,11310.8
4,11001,white_usv13,usv20,9123.0,True,1.0,17356.713409459517,4903.690441449551,8540.997809455635,0.36879432624113473,44.92624113475177,
4,11001,white_usv10,usv20,9123.0,True,1.0,10032.155757037408,5617.084303233998,10876.91711176651,0.3850050658561297,37.276291793313064,
4,11001,white_usv4,usv13,9396.0,True,0.9814814814814815,11507.742167994656,6389.560475595063,10505.167863957722,0.9807692307692307,8.864150943396226,11310.8
4,11001,white_usv18,usv13,9396.0,True,0.9989775051124744,19139.36267274259,6754.502072392424,6850.238261124614,0.35348360655737704,45.490378710337765,
4,11001,white_usv15,usv18,9396.0,True,0.9863013698630136,19453.538847900905,7134.212195587919,10424.317153988515,0.7323943661971831,30.24444444444445,12000.1
4,11001,white_usv17,usv13,9396.0,True,0.9989775051124744,8976.76155947907,7116.558074620691,10702.925999965897,0.38524590163934425,42.328454452405325,
4,11001,white_usv14,usv18,9396.0,True,0.9989775051124744,2257.1383291531256,5347.236708557,11451.804867829997,0.39651639344262296,40.85629477993859,
4,11001,white_usv19,usv12,9396.0,True,1.0,2662.35869092925,5338.375885997077,10588.774712688668,0.390992835209826,41.26243602865916,
4,11001,white_usv4,usv12,9757.0,True,1.0,5817.830100478037,3065.684361735446,7700.5363054838635,0.9767441860465116,10.430232558139533,11310.8
4,11001,white_usv3,usv13,9757.0,True,1.0,18892.029481028116,5427.1941102459605,11312.480126084225,0.3391933815925543,48.13712512926577,
4,11001,white_usv4,usv13,9757.0,True,1.0,11507.742167994656,3581.6702971451996,9517.780988513136,0.9767441860465116,10.430232558139533,11310.8
4,11001,white_usv17,usv14,9757.0,True,0.9989669421487604,816.1113598491763,3957.7884538448925,6139.146928408809,0.386128364389234,42.74498448810755,
4,11001,white_usv15,usv17,9757.0,True,1.0,20842.123900366238,3218.476254976151,3617.840394728373,0.6935483870967742,34.78064516129032,12000.1
4,11001,white_usv9,usv15,9757.0,False,1.0,68506.78459518285,4998.884612466383,10892.57407759501,0.38055842812823165,42.93474663908997,
4,11001,white_usv12,usv17,9757.0,False,1.0,64024.496961516714,5348.760318016415,11524.183780986903,0.38676318510858326,43.23609100310238,
4,11001,white_usv10,usv16,9757.0,False,0.9369834710743802,67635.61996419165,5400.807860163826,10211.001765545618,0.3995584988962472,38.04674250258531,
4,11001,white_usv19,usv14,9757.0,False,0.9989669421487604,26153.156361929578,5933.136750664584,12320.872385659975,0.386128364389234,41.68738366080662,
4,11001,white_usv13,usv18,9757.0,True,1.0,4695.8657301761305,5650.976113026263,11646.974111364532,0.37745604963805585,45.85480868665977,
4,11001,white_usv2,usv16,9757.0,False,0.9369834710743802,107744.10883031518,4412.904523057427,9047.242373721543,0.3818984547461369,41.789348500517065,
4,11001,white_usv19,usv13,10074.0,True,1.0,11751.617509789494,5129.652727310211,10271.517130031763,0.3793103448275862,41.98547544409613,
4,11001,white_usv4,usv14,10074.0,True,1.0,25906.397965147986,5360.016180152314,11438.015962171787,0.8787878787878788,2.6909090909090905,11310.8
4,11001,white_usv9,usv18,10401.0,True,1.0,25307.480000181382,3228.595095655728,7097.272751853532,0.36459430979978924,43.562276080084295,
4,11001,white_usv3,usv15,10401.0,False,1.0,47855.67119172538,4606.171445644737,7382.865588354347,0.33192834562697576,49.05015806111697,
4,11001,white_usv18,usv14,10401.0,True,1.0,32893.47859299262,5069.363093136977,9641.84586459228,0.3498419388830348,46.42845100105374,
4,11001,white_usv3,usv14,10401.0,True,1.0,33461.77650885759,4583.033806095926,7276.516232436268,0.3308746048472076,49.05015806111697,
4,11001,white_usv19,usv15,10401.0,False,1.0,40551.656819654534,4148.359153592166,10089.091728395557,0.37513171759747105,42.338883034773446,
4,11001,white_usv13,usv17,10401.0,True,1.0,2202.4927092479447,5315.953917570325,10894.983458150298,0.3804004214963119,46.60758693361433,
4,11001,white_usv9,usv16,10401.0,False,0.94,54106.489374960984,-4738.70972974172,-9270.407298565959,0.3901345291479821,43.562276080084295,
4,11001,white_usv14,usv15,10401.0,False,1.0,35258.04361855715,4679.289211284966,10618.702696555687,0.39831401475237094,41.63013698630137,
4,11001,white_usv17,usv15,10401.0,True,1.0,13815.169777927376,2959.371775563639,8927.317782354461,0.3814541622760801,42.62887249736565,
4,11001,white_usv16,usv14,10401.0,True,1.0,33136.14278167297,203.47685772844852,-4601.027401823747,0.6666666666666666,25.116666666666664,11715.4
4,11001,white_usv17,usv14,10401.0,True,1.0,816.1113598491763,3115.42890648912,8652.066217013988,0.3814541622760801,42.62887249736565,
4,11001,white_usv9,usv15,10401.0,False,1.0,68506.78459518285,3266.2907995923015,7204.636688976127,0.36880927291886195,43.562276080084295,
4,11001,white_usv16,usv15,10401.0,True,1.0,27414.6176533005,215.43092581248493,-4764.341176233356,0.6666666666666666,25.116666666666664,11715.4
4,11001,white_usv17,usv15,10401.0,True,1.0,13815.169777927376,2959.371775563639,8927.317782354461,0.3814541622760801,42.62887249736565,
4,11001,white_usv17,usv14,10755.0,True,1.0,816.1113598491763,5162.462821319652,10675.494565159293,0.3769968051118211,42.87039403620874,
4,11001,white_usv17,usv15,10755.0,True,1.0,13815.169777927376,5579.997324446762,11859.992926217015,0.3769968051118211,42.87039403620874,
4,11001,white_usv14,usv17,10755.0,True,1.0,7244.903011731071,5491.41750602454,9677.725163589486,0.3929712460063898,41.93312034078807,
4,11001,white_usv1,usv10,11417.0,True,0.8,18896.55885759681,-180.26650632129895,-180.26650632129895,0.3333333333333333,34.425,11615.6
4,11001,white_usv3,usv10,11417.0,False,0.998914223669924,51650.5109211393,5698.903206315692,11353.912246095075,0.3645266594124048,50.28804347826087,
4,11001,white_usv2,usv10,11417.0,True,0.998914223669924,21397.798247056722,5621.117333602357,11314.473803472698,0.36235038084874865,43.63652173913043,
4,11001,white_usv18,usv10,11417.0,False,0.998914223669924,56015.21640503636,3590.6016742320353,9649.313705911758,0.36996735582154516,47.715,
4,11001,white_usv13,usv16,12155.0,True,0.9911209766925638,16450.886287328456,4087.1517957781907,10250.204180749817,0.39349775784753366,49.09088888888889,
4,11001,white_usv14,usv16,12155.0,True,0.9911209766925638,20780.406551818192,4403.329961016665,10604.760533836721,0.3968609865470852,43.66511111111111,
4,11001,white_usv17,usv16,12155.0,True,0.9911209766925638,29571.304093399987,3461.67273289468,4781.923291460189,0.3789237668161435,44.67066666666666,
5,11001,white_usv9,usv18,6514.0,False,0.0011173184357541898,81205.88555815128,,,0.0,43.944519015659864,29237.0
5,11001,white_usv8,usv18,6514.0,False,0.030303030303030304,45242.42873710528,,,0.0,8.681249999999999,7528.0
5,11001,white_usv14,usv18,6846.0,False,0.0,,,,0.0,0.0,28925.0
5,11001,white_usv18,usv15,27702.0,False,0.8372093023255814,48527.282521313486,6201.27331806947,12589.165887453004,1.0,14.773809523809524,28925.0
5,11001,white_usv16,usv15,27702.0,False,0.125,20057.85575915038,,,0.0,77.14285714285714,27933.0
5,11001,white_usv14,usv16,27702.0,False,0.8372093023255814,47884.1635941307,6218.923153116244,12619.833572142838,1.0,19.0452380952381,28925.0
5,11001,white_usv17,usv15,27702.0,True,0.36363636363636365,35386.89249060019,1406.094145744195,1406.094145744195,1.0,59.879999999999995,28003.3
5,11001,white_usv9,usv16,27702.0,False,0.8727272727272727,71969.76559101073,5774.913697291064,12150.078211174143,1.0,8.666666666666664,29237.0
5,11001,white_usv15,usv16,27702.0,True,0.36363636363636365,36496.450504618224,537.4972629331824,537.4972629331824,1.0,72.0,28003.3
5,11001,white_usv3,usv15,27702.0,False,0.8703703703703703,80105.6832540475,4897.364839530288,11256.849984608925,1.0,18.59245283018869,29213.8
5,11001,white_usv19,usv15,27978.0,False,1.0,82926.22845787872,4979.919970100309,10556.189622128237,1.0,2.1948717948717946,29108.0
5,11001,white_usv13,usv16,27978.0,False,1.0,80989.8392847771,4950.326985684733,10521.370495374475,1.0,1.9568181818181756,29237.0
5,11001,white_usv2,usv15,28840.0,False,1.0,137755.96195050335,784.5984939718037,180.32453106433968,0.2857142857142857,14.657142857142853,29237.0
5,11001,white_usv20,usv16,28840.0,False,1.0,147730.6512176254,801.7143858980562,15.330567945842631,0.13636363636363635,9.381818181818183,29417.0
5,11001,white_usv1,usv2,28840.0,False,0.2727272727272727,42070.12541609954,5616.185422087627,4866.159348379908,0.6923076923076923,17.217346938775492,31204.7
5,11001,white_usv2,usv2,28840.0,True,0.6,19457.45036758903,-976.1474331600075,-976.1474331600075,0.25,14.657142857142853,29237.0
5,11001,white_usv11,usv2,28840.0,False,0.225,303424.63474224054,5664.560694832471,11553.172895901836,1.0,6.868067226890757,31648.1
5,11001,white_usv20,usv2,28840.0,True,0.7391304347826086,18928.20023353703,-179.95975396590802,43.59374484599539,0.5,9.381818181818183,29417.0
5,11001,white_usv1,usv1,28840.0,True,0.9292929292929293,21644.328964553504,5268.278551183139,5451.413481767391,0.7582417582417582,17.217346938775492,31204.7
5,11001,white_usv11,usv15,30075.0,False,1.0,169292.22900152244,-1578.7157906398352,-7462.0795722670155,0.4117647058823529,9.436764705882352,31648.1
5,11001,white_usv11,usv30,30075.0,True,0.2028985507246377,18601.38772254425,-3134.6480504797437,-3534.2819653118822,0.15384615384615385,9.436764705882352,31648.1
5,11001,white_usv1,usv15,30075.0,False,1.0,157610.41518604572,4453.246241333254,9779.566709279607,0.9787234042553191,3.570212765957447,31204.7
5,11001,white_usv11,usv16,30995.0,False,1.0,167661.07223127363,2243.2316302668187,7566.5396260465495,0.8571428571428571,13.310714285714283,31648.1
6,11001,white_usv6,usv17,5542.0,True,0.5,27189.71493706594,618.9717222386498,618.9717222386498,0.5,29.979999999999997,5710.0
6,11001,white_usv18,usv16,5542.0,False,0.6273291925465838,39088.36449735764,7218.866741750433,13766.55730621169,0.82,3.9593750000000014,10803.0
6,11001,white_usv7,usv17,5542.0,False,0.76,53107.76875048845,6449.355820623219,6077.668294842813,0.6666666666666666,7.716666666666664,6308.8
6,11001,white_usv5,usv16,5542.0,True,0.375,18553.065298674202,4595.569691750294,2186.2702862423394,0.4,28.7,8464.0
6,11001,white_usv4,usv16,5542.0,False,0.4523809523809524,52860.504305011265,6825.220882265465,13329.405836867467,1.0,1.4219512195121946,6859.0
6,11001,white_usv8,usv17,5542.0,False,0.16666666666666666,85951.52234908435,6139.978443763233,12521.0238425047,1.0,11.88849557522124,9050.0
6,11001,white_usv9,usv18,5542.0,False,0.047619047619047616,112778.01025247434,618.86239186491,10531.726185480016,1.0,30.042307692307695,8752.0
6,11001,white_usv15,usv18,5542.0,True,0.9023957409050577,20653.293923237885,775.7938357603853,11895.621326990498,0.40551181102362205,50.37069271758437,
6,11001,white_usv17,usv18,5542.0,True,0.21428571428571427,32484.37984751511,771.1231108086649,12343.079712627194,0.8275862068965517,4.7431654676259,10030.7
6,11001,white_usv1,usv14,5542.0,False,0.1787709497206704,43593.587751251136,6471.844070932217,7423.699034492543,0.7419354838709677,7.152808988764047,11305.5
6,11001,white_usv2,usv14,5542.0,False,0.07894736842105263,106955.05725316663,6577.405407633312,7543.072633562173,1.0,6.6176991150442515,9050.0
6,11001,white_usv19,usv14,5542.0,False,0.06338028169014084,112099.25757066954,6946.226991761228,7961.531746523149,1.0,4.363120567375887,10099.4
6,11001,white_usv12,usv13,5542.0,False,0.04838709677419355,228563.47786752472,3624.7314117376227,3624.7314117376227,1.0,2.8691056910569133,9361.0
6,11001,white_usv10,usv21,5542.0,False,0.9270833333333334,54409.627450015825,6726.619155892491,14844.818850494063,0.9090909090909091,1.037894736842104,8464.0
6,11001,white_usv11,usv21,5542.0,False,0.9385964912280702,85161.97326372458,6581.043612132198,14567.22614656821,0.9622641509433962,0.9805309734513268,9050.0
6,11001,white_usv16,usv15,5542.0,False,0.9920141969831411,55082.39330688838,6948.566528042487,14982.849560595292,0.4655326768128917,50.08596802841919,
6,11001,white_usv13,usv15,5542.0,False,0.9920141969831411,104784.00130391547,6044.021259539062,13302.489590992627,0.4467323187108326,43.40053285968028,
6,11001,white_usv14,usv13,5542.0,False,0.8571428571428571,100845.43329511523,3831.1400468371867,3831.1400468371867,0.3844559585492228,42.83623445825933,
6,11001,white_usv20,usv22,5542.0,False,0.7732558139534884,178720.3252663927,5270.065384987422,11723.861413628212,0.8560606060606061,8.776608187134505,11106.0
6,11001,white_usv3,usv12,5542.0,True,0.11494252873563218,18756.74861801203,3498.8309648673458,3498.8309648673458,0.4444444444444444,5.7162790697674435,8173.9
6,11001,white_usv7,usv20,5850.0,True,0.8,30066.15713601376,-2212.3845071906653,-3144.4143033281325,0.09090909090909091,9.314285714285715,6308.8
6,11001,white_usv5,usv15,5850.0,True,0.9883720930232558,26345.970701341656,454.4602202241804,-398.7988858009703,0.44047619047619047,27.677647058823524,8464.0
6,11001,white_usv9,usv19,5850.0,False,0.28421052631578947,84599.12751144174,6085.243205504274,13107.899185761242,1.0,32.58297872340426,8752.0
6,11001,white_usv15,usv23,5850.0,False,0.9247985675917636,70441.11012866381,6426.911370396323,13401.904776071897,0.3808139534883721,50.808243727598565,
6,11001,white_usv17,usv18,5850.0,True,0.2153846153846154,32484.37984751511,1748.1023048338102,1748.1023048338102,0.8148148148148148,4.991472868217054,10030.7
6,11001,white_usv12,usv18,6172.0,False,0.09615384615384616,106369.00942852024,4486.32571830503,4486.32571830503,1.0,2.7796116504854376,9361.0
6,11001,white_usv14,usv20,6172.0,True,0.924119241192412,13743.394623529195,6042.117874357209,7486.117721920644,0.4090019569471624,43.56509945750452,
6,11001,white_usv7,usv19,6172.0,True,1.0,35890.009353693174,-1460.7094847783446,-1460.7094847783446,0.0,0.0,6308.8
6,11001,white_usv3,usv17,6172.0,False,0.029850746268656716,102512.35352043448,490.5705835157278,490.5705835157278,1.0,7.071212121212123,8173.9
6,11001,white_usv8,usv21,6172.0,True,1.0,18640.957330077403,5140.647331010972,6723.990400788134,0.6344086021505376,13.782795698924733,9050.0
6,11001,white_usv1,usv20,6172.0,False,0.4716981132075472,129363.59258757335,5482.199675461627,6926.199261656235,0.8918918918918919,7.695569620253168,11305.5
6,11001,white_usv2,usv17,6172.0,False,0.02127659574468085,137256.28458892403,606.2917093734432,606.2917093734432,1.0,7.475268817204307,9050.0
6,11001,white_usv19,usv19,6172.0,False,0.39344262295081966,102044.58410963668,6105.199930194678,12580.603999249433,0.851063829787234,4.861157024793389,10099.4
6,11001,white_usv4,usv15,6172.0,True,1.0,30062.945640579044,6095.378705292307,12377.35672082382,1.0,0.6857142857142846,6859.0
6,11001,white_usv12,usv22,6172.0,True,0.7019230769230769,30109.815562174943,6665.76215296211,13585.823738295629,1.0,2.7796116504854376,9361.0
6,11001,white_usv17,usv16,6172.0,False,0.525,44040.793665023186,600.3158741186198,600.3158741186198,0.9193548387096774,5.1462184873949575,10030.7
6,11001,white_usv2,usv24,6458.0,False,0.047619047619047616,244188.39673260384,3077.6380707318312,3077.6380707318312,1.0,6.971084337349402,9050.0
6,11001,white_usv18,usv23,6458.0,False,0.3893129770992366,140478.13994215746,5108.917289281351,10146.697252119076,0.64,4.713076923076924,10803.0
6,11001,white_usv17,usv24,6458.0,False,0.10909090909090909,138776.25759663733,3481.5707524246536,3481.5707524246536,0.6363636363636364,5.468807339449541,10030.7
6,11001,white_usv3,usv19,6458.0,False,0.22807017543859648,114670.79410203444,4813.67545930382,7453.675424411151,1.0,6.753571428571431,8173.9
6,11001,white_usv8,usv22,6458.0,True,0.6309523809523809,26441.319394740327,1158.0674745079523,2491.9611139447807,0.38461538461538464,14.530120481927714,9050.0
6,11001,white_usv8,usv21,6458.0,True,1.0,18640.957330077403,875.3431003200021,1351.8736266514024,0.5903614457831325,14.530120481927714,9050.0
6,11001,white_usv1,usv23,6800.0,False,0.4460431654676259,201562.30928470142,2809.6324550234713,2809.6324550234713,0.8688524590163934,7.883333333333334,11305.5
6,11001,white_usv14,usv22,6800.0,False,0.9733210671573137,45186.921483305654,7393.070112013345,14222.775550903389,0.3727530747398297,44.30313075506445,
6,11001,white_usv9,usv22,6800.0,True,0.5538461538461539,17883.292070205152,5963.609566167717,8445.470553456922,0.7714285714285715,45.934375,8752.0
6,11001,white_usv17,usv19,6800.0,False,0.26,44512.07327466801,1013.9549060156132,1013.9549060156132,0.84,5.444444444444445,10030.7
6,11001,white_usv1,usv12,7897.0,False,0.99,23694.704029675668,7190.035186763023,12806.034930644557,0.9183673469387755,8.739393939393938,11305.5
6,11001,white_usv2,usv12,7897.0,True,0.9714285714285714,33480.69752679931,7275.220147403961,11153.780122269716,0.6363636363636364,10.588235294117647,9050.0
6,11001,white_usv18,usv16,7897.0,False,1.0,39088.36449735764,7089.088393645681,13362.361990958962,0.7777777777777778,5.825925925925927,10803.0
6,11001,white_usv19,usv12,7897.0,True,0.9841269841269841,33533.33377053602,7570.979058956938,13186.978265791418,0.7213114754098361,7.335483870967742,10099.4
6,11001,white_usv5,usv16,7897.0,True,1.0,18553.065298674202,-2113.1041576240896,-6228.577494740097,0.125,9.96875,8464.0
6,11001,white_usv17,usv16,7897.0,False,1.0,44040.793665023186,7128.748315897392,13406.64511717893,0.9166666666666666,7.395,10030.7
6,11001,white_usv3,usv12,7897.0,True,0.875,18756.74861801203,-1930.1948944416872,-1930.1948944416872,0.16666666666666666,24.34285714285715,8173.9
6,11001,white_usv12,usv22,8211.0,True,0.8,30109.815562174943,7283.840941964168,13391.145618335759,1.0,1.1970588235294106,9361.0
6,11001,white_usv8,usv22,8211.0,True,0.72,26441.319394740327,-4639.405970687472,-4644.812215955397,0.058823529411764705,4.608333333333334,9050.0
6,11001,white_usv16,usv16,8211.0,False,1.0,42763.80624546911,5382.412670872029,11502.412210235998,0.42430086788813887,54.352362584378014,
6,11001,white_usv13,usv22,8510.0,True,1.0,32182.70152528887,6950.529963683752,13476.528672149223,0.3667315175097276,47.42976653696498,
6,11001,white_usv1,usv11,8852.0,True,0.9295774647887324,10197.191372463387,7299.054770415358,13376.217868724681,0.9230769230769231,11.544285714285715,11305.5
6,11001,white_usv2,usv11,8852.0,True,0.16666666666666666,19625.819805183946,,,0.0,25.420000000000005,9050.0
6,11001,white_usv19,usv11,8852.0,True,0.8529411764705882,30954.95273091348,-1227.9918334239846,-6989.694976210027,0.39285714285714285,13.645454545454546,10099.4
6,11001,white_usv20,usv11,8852.0,True,0.921875,31635.73377680321,3303.817983567118,-869.5767435217203,0.7068965517241379,21.593650793650795,11106.0
6,11001,white_usv18,usv18,8852.0,False,0.8679245283018868,42195.04558314193,7026.348996840126,15132.241099945051,0.6222222222222222,8.696153846153846,10803.0
6,11001,white_usv16,usv18,8852.0,True,0.9931305201177625,31957.106865348433,8127.509020769896,17571.60022598214,0.3867457962413452,55.35206286836935,
6,11001,white_usv17,usv18,8852.0,True,0.78125,32484.37984751511,7775.30385632519,16631.968446397055,0.7916666666666666,14.193548387096772,10030.7
6,11001,white_usv15,usv17,8852.0,False,0.9882237487733072,35305.427551635075,7199.216315248545,13517.458159979666,0.3996023856858847,55.62730844793713,
6,11001,white_usv14,usv17,8852.0,False,0.9882237487733072,44989.07388259676,6502.805803789815,12987.05712222596,0.3986083499005964,47.21375245579568,
6,11001,white_usv12,usv23,9172.0,True,0.4,19156.08706821002,453.2601132226555,453.2601132226555,1.0,0.0,9361.0
6,11001,white_usv13,usv23,9172.0,True,0.9970238095238095,32472.049679670057,-936.6298347061747,-5520.90429529926,0.34860557768924305,48.414895729890766,
6,11001,white_usv17,usv17,9172.0,True,0.7619047619047619,29846.663177798975,4390.984630617437,14293.628251800546,0.6666666666666666,20.32,10030.7
6,11001,white_usv15,usv20,9172.0,True,1.0,19573.15903886385,7390.366593389212,10417.389762901927,0.3843098311817279,56.18162859980139,
6,11001,white_usv17,usv18,9172.0,True,0.9523809523809523,32484.37984751511,8040.762348004857,13783.005109366437,0.7368421052631579,20.32,10030.7
6,11001,white_usv18,usv17,9496.0,True,1.0,32921.92873142621,5981.606482597628,53.458778212967445,0.46875,11.790625000000002,10803.0
6,11001,white_usv14,usv20,9496.0,True,1.0,13743.394623529195,6419.925491892558,12778.612185769485,0.39478957915831664,48.09058116232465,
6,11001,white_usv17,usv17,9496.0,True,1.0,29846.663177798975,5054.566633144306,3895.16263688495,0.5454545454545454,32.93636363636363,10030.7
6,11001,white_usv17,usv18,9496.0,True,1.0,32484.37984751511,4867.914298512784,3230.6466180780917,0.5454545454545454,32.93636363636363,10030.7
6,11001,white_usv16,usv17,9872.0,True,1.0,30238.158102602512,-758.2339716120332,-5558.8231575125465,0.39737108190091003,56.582507583417595,
6,11001,white_usv16,usv18,9872.0,True,1.0,31957.106865348433,231.6166169581702,-4160.0548260698415,0.37613751263902934,56.582507583417595,
6,11001,white_usv14,usv19,9872.0,True,1.0,16353.129987505197,6800.323058903021,4554.589936194658,0.38928210313447925,48.50394337714864,
6,11001,white_usv1,usv24,9872.0,False,0.19047619047619047,230580.7743527955,4872.539903294644,4872.539903294644,1.0,16.899999999999995,11305.5
6,11001,white_usv19,usv25,9872.0,False,0.0,,,,0.0,0.0,10099.4
6,11001,white_usv20,usv18,9872.0,False,1.0,90870.90928985571,3474.5294851395156,9773.450930329345,0.8235294117647058,18.68823529411765,11106.0
6,11001,white_usv16,usv17,10229.0,True,1.0,30238.158102602512,-4996.951879637694,-2907.7471194583923,0.39693877551020407,56.55102040816327,
6,11001,white_usv13,usv19,10229.0,False,1.0,44040.07181931447,3805.3761774806335,9879.374966688534,0.37857142857142856,48.67448979591837,
6,11001,white_usv16,usv18,10229.0,True,1.0,31957.106865348433,-4950.446169716168,-2707.0155112977445,0.37448979591836734,56.55102040816327,
6,11001,white_usv14,usv20,10229.0,True,1.0,13743.394623529195,-3113.760017893779,-2885.7506268129437,0.3836734693877551,48.928061224489795,
6,11001,white_usv15,usv19,10229.0,True,1.0,11688.706069515802,5546.480756252524,10781.640502481689,0.39285714285714285,57.32081632653061,
6,11001,white_usv16,usv17,10229.0,True,1.0,30238.158102602512,-4996.951879637694,-2907.7471194583923,0.39693877551020407,56.55102040816327,
6,11001,white_usv14,usv19,10229.0,True,1.0,16353.129987505197,-3089.664066008103,-2834.1429805403313,0.3836734693877551,48.928061224489795,
6,11001,white_usv16,usv18,10229.0,True,1.0,31957.106865348433,-4950.446169716168,-2707.0155112977445,0.37448979591836734,56.55102040816327,
6,11001,white_usv1,usv14,10229.0,False,0.696969696969697,43593.587751251136,4746.695458406786,5214.417605174916,0.6363636363636364,17.090625,11305.5
6,11001,white_usv20,usv14,10229.0,True,0.6153846153846154,33126.68618564236,6287.075549180874,5461.075426586292,0.6,22.1,11106.0
6,11001,white_usv18,usv14,10579.0,True,1.0,24687.016965071445,838.6146506545047,838.6146506545047,1.0,0.0,10803.0
6,11001,white_usv15,usv18,10579.0,True,1.0,20653.293923237885,4034.397642044547,9136.193300689367,0.38596491228070173,57.971517027863776,
6,11001,white_usv15,usv19,10579.0,True,1.0,11688.706069515802,4822.476522487912,9787.866947947125,0.38596491228070173,57.971517027863776,
6,11001,white_usv16,usv19,10579.0,True,1.0,38096.75146205757,5411.560349233296,5734.396937654652,0.3715170278637771,57.00691434468524,
6,11001,white_usv1,usv13,10965.0,True,1.0,29627.005804443197,-3728.6478939811095,-3728.6478939811095,0.18181818181818182,32.49090909090909,11305.5
6,11001,white_usv15,usv13,10965.0,False,1.0,89000.0242590227,5550.866796195332,11621.527138160556,0.3795620437956204,58.557664233576645,
6,11001,white_usv16,usv13,10965.0,False,1.0,48199.64170596147,6373.232735110083,12521.83709447144,0.3962460896767466,57.58644421272159,
6,11001,white_usv13,usv14,10965.0,False,1.0,115954.612422548,5410.772182724337,10564.804882549535,0.3660062565172054,49.54661105318039,
6,11001,white_usv14,usv14,10965.0,False,1.0,86437.60978392695,5087.929177616985,10481.211583165612,0.37851929092805003,49.549947862356625,
6,11001,white_usv20,usv13,10965.0,True,1.0,19966.735729407483,-1114.4575998078762,-1114.4575998078762,0.0,0.0,11106.0
6,11001,white_usv14,usv13,11221.0,False,1.0,100845.43329511523,5396.229410611355,11265.133792423585,0.37407797681770283,49.97881981032666,
1,11002,white_usv9,usv15,6774.0,True,0.8848728246318608,26662.16532589027,5099.343344058463,5099.343344058463,0.3090909090909091,30.88873994638069,
1,11002,white_usv10,usv15,6774.0,True,0.8848728246318608,2163.7419485076766,5103.799999826981,5103.799999826981,0.3393939393939394,20.928418230563,
1,11002,white_usv7,usv14,6774.0,True,0.8808567603748326,19867.754588990654,849.7261318642413,849.7261318642413,0.3074581430745814,21.24369973190348,
1,11002,white_usv14,usv15,6774.0,False,0.6160714285714286,42056.40384879108,5031.087628300695,5031.087628300695,0.5036496350364964,4.383856502242158,14692.1
1,11002,white_usv16,usv17,6774.0,True,0.5864978902953587,16043.894863284782,4988.820208567238,4988.820208567238,0.6159420289855072,6.498728813559321,15108.0
1,11002,white_usv13,usv17,6774.0,True,0.5625,21365.84539164142,5083.4209816803195,5083.4209816803195,0.496,4.399103139013458,14692.1
1,11002,white_usv8,usv14,6774.0,True,0.36428571428571427,29338.927645080465,854.5673654752172,854.5673654752172,0.84,5.565467625899283,11143.4
1,11002,white_usv6,usv14,6774.0,False,0.4971751412429379,21129.95137031167,840.073968878758,840.073968878758,0.8275862068965517,8.239772727272726,12957.6
1,11002,white_usv12,usv17,6774.0,True,0.8688085676037484,10643.28004571578,5096.477244724185,5096.477244724185,0.32098765432098764,26.05710455764075,
1,11002,white_usv3,usv13,6774.0,True,0.3825503355704698,24506.9328970462,,,1.0,1.8756756756756765,11705.0
1,11002,white_usv19,usv16,6774.0,False,0.5388349514563107,51553.66613684652,591.3022061902739,591.3022061902739,0.7181818181818181,9.173170731707321,14025.4
1,11002,white_usv1,usv18,6774.0,False,0.4251497005988024,75862.39423999158,4027.920266568952,9445.819946340664,0.9857142857142858,2.8126506024096445,12518.0
1,11002,white_usv2,usv13,6774.0,False,0.4491017964071856,31150.71534073142,,,0.9864864864864865,4.520481927710849,12518.0
1,11002,white_usv4,usv16,6774.0,False,0.8728246318607764,15857.778034061586,600.1976967937953,600.1976967937953,0.35176651305683565,23.929490616621976,
1,11002,white_usv17,usv18,6774.0,True,0.5596330275229358,29402.196561153112,4124.706139003902,9580.005530670926,0.5454545454545454,5.740552995391709,14446.0
1,11002,white_usv5,usv13,6774.0,True,0.5027027027027027,15541.499422692226,,,0.9239130434782609,5.002173913043478,13217.9
1,11002,white_usv11,usv16,6774.0,True,0.8728246318607764,5236.530990564681,651.9999999783613,651.9999999783613,0.30568356374807987,23.017426273458444,
1,11002,white_usv18,usv18,6774.0,True,0.5555555555555556,18583.320662457463,4078.1002271191246,9482.9370492304,0.6974789915966386,4.8023255813953485,14370.4
1,11002,white_usv15,usv12,7062.0,False,0.9009497964721845,76687.82108066427,,,0.3514328808446455,19.865760869565218,
1,11002,white_usv20,usv20,7062.0,False,0.5,31412.007890617144,5364.942704384623,5364.942704384623,0.6262626262626263,14.125125628140701,14159.2
1,11002,white_usv3,usv20,7062.0,False,0.2805755395683453,107324.41036923691,4981.511523888563,4981.511523888563,1.0,1.8913043478260887,11705.0
1,11002,white_usv19,usv19,7062.0,True,0.5204081632653061,15812.4529633423,3195.613925382655,3195.613925382655,0.7029702970297029,9.471794871794875,14025.4
1,11002,white_usv2,usv22,7062.0,False,0.35668789808917195,131045.93206340616,2271.7157302291307,2271.7157302291307,1.0,4.6769230769230825,12518.0
1,11002,white_usv4,usv19,7062.0,False,0.8724559023066486,18001.46086040694,3104.6442227363004,3104.6442227363004,0.4252336448598131,24.21372282608695,
1,11002,white_usv7,usv21,7062.0,False,0.864314789687924,18216.733127277847,3701.963916510518,3701.963916510518,0.46226415094339623,21.524592391304342,
1,11002,white_usv8,usv22,7062.0,False,0.23076923076923078,117657.68985956025,2311.5703152924834,2311.5703152924834,0.7241379310344828,5.989147286821708,11143.4
1,11002,white_usv5,usv12,7062.0,True,0.5828571428571429,25784.612510565097,,,0.8712871287128713,5.245402298850574,13217.9
1,11002,white_usv6,usv12,7062.0,True,0.562874251497006,24779.99722172292,,,0.8279569892473119,8.674096385542166,12957.6
1,11002,white_usv11,usv21,7062.0,False,0.864314789687924,15641.517017946333,3741.195660147001,3741.195660147001,0.42924528301886794,23.33016304347826,
1,11002,white_usv9,usv20,7062.0,False,0.864314789687924,19063.84819152679,5029.267383077677,5029.267383077677,0.41037735849056606,31.30203804347825,
1,11002,white_usv10,usv19,7062.0,False,0.8724559023066486,7065.070820042847,3118.4416565036954,3118.4416565036954,0.43302180685358255,21.21277173913043,
1,11002,white_usv14,usv21,7062.0,False,0.5327102803738317,18113.547193074653,3326.4397609866573,3326.4397609866573,0.9292035398230089,4.504225352112681,14692.1
1,11002,white_usv16,usv22,7062.0,False,0.5550660792951542,24533.87098468434,2075.194484394291,2075.194484394291,0.872,6.721238938053095,15108.0
1,11002,white_usv13,usv23,7369.0,False,0.32019704433497537,47061.99158182734,,,0.984375,4.844554455445549,14692.1
1,11002,white_usv6,usv23,7369.0,False,0.3525641025641026,129484.8066063427,,,0.7962962962962963,9.189032258064515,12957.6
1,11002,white_usv12,usv23,7369.0,True,0.8057851239669421,420.30953744590613,,,0.4229452054794521,26.801655172413795,
1,11002,white_usv5,usv8,7369.0,False,0.04878048780487805,109182.98889062123,4059.8666607765626,4059.8666607765626,1.0,5.5478527607361965,13217.9
1,11002,white_usv15,usv9,7369.0,False,0.009641873278236915,149753.32452241954,3849.5458021644154,3849.5458021644154,1.0,20.112000000000002,
1,11002,white_usv1,usv11,7369.0,False,0.2945205479452055,47268.24748755045,7092.439367584928,13555.977455641449,1.0,2.890344827586214,12518.0
1,11002,white_usv17,usv7,7369.0,False,0.01015228426395939,219768.29620945908,728.8744740822876,728.8744740822876,1.0,6.290816326530612,14446.0
1,11002,white_usv3,usv10,7369.0,False,0.1484375,75107.3820470359,5338.512940826025,11526.91521602642,1.0,1.5220472440944897,11705.0
1,11002,white_usv9,usv10,7369.0,False,0.026170798898071626,93216.17700157069,5144.894000456436,11440.01821811276,1.0,31.720137931034472,
1,11002,white_usv10,usv11,7369.0,False,0.05922865013774105,52935.07193164567,7217.559201298282,13972.504104428139,0.9523809523809523,21.49668965517241,
1,11002,white_usv19,usv9,7369.0,False,0.03783783783783784,191589.76824247354,2990.1685042035533,2990.1685042035533,1.0,9.779891304347828,14025.4
1,11002,white_usv2,usv7,7369.0,False,0.0136986301369863,124128.8387368225,353.66831315330637,353.66831315330637,1.0,4.493103448275866,12518.0
1,11002,white_usv4,usv11,7369.0,False,0.05922865013774105,46426.961198541816,7210.182120113983,13865.268802672625,1.0,24.47737931034482,
1,11002,white_usv7,usv8,7369.0,False,0.011019283746556474,125385.10312783135,1723.3409824291884,1723.3409824291884,1.0,21.781103448275857,
1,11002,white_usv14,usv7,7369.0,False,0.009852216748768473,195762.37049174658,351.7079867661232,351.7079867661232,1.0,4.538118811881194,14692.1
1,11002,white_usv16,usv8,7369.0,False,0.037037037037037035,187642.88270870046,1645.136613032926,1645.136613032926,1.0,6.892093023255812,15108.0
1,11002,white_usv8,usv9,7369.0,False,0.058823529411764705,108583.08139058812,1703.158943727176,1703.158943727176,1.0,6.14491525423729,11143.4
1,11002,white_usv11,usv10,7369.0,False,0.026170798898071626,105924.06613719217,4642.599926744326,10916.311329912336,1.0,23.63765517241379,
1,11002,white_usv13,usv12,7730.0,False,0.7216494845360825,75763.89773411263,7446.542850501035,14539.386432003157,0.3381294964028777,4.872538860103632,14692.1
1,11002,white_usv6,usv12,7730.0,True,0.6326530612244898,24779.99722172292,7533.579927710845,14647.989844689277,0.8260869565217391,9.34794520547945,12957.6
1,11002,white_usv12,usv12,7730.0,False,0.9246861924686193,57005.19166816425,7464.050045391792,14582.88531065514,0.3081570996978852,27.081284916201117,
1,11002,white_usv19,usv24,8056.0,False,0.13855421686746988,45873.61043791098,1158.4251545297739,1158.4251545297739,1.0,10.109696969696973,14025.4
1,11002,white_usv2,usv8,8056.0,False,0.023622047244094488,104054.38647384095,1166.5750178130984,1166.5750178130984,1.0,4.325396825396826,12518.0
1,11002,white_usv7,usv8,8056.0,False,0.004243281471004243,125385.10312783135,1120.9596949738188,1120.9596949738188,1.0,22.19773371104815,
1,11002,white_usv17,usv24,8056.0,True,0.19662921348314608,37436.680025707436,1128.6791005976556,1128.6791005976556,1.0,6.209604519774011,14446.0
1,11002,white_usv5,usv8,8056.0,False,0.020689655172413793,109182.98889062123,1147.471209454874,1147.471209454874,1.0,5.891666666666667,13217.9
1,11002,white_usv18,usv24,8056.0,True,0.1875,38706.367135405584,1140.3198722920497,1140.3198722920497,1.0,5.701142857142858,14370.4
1,11002,white_usv14,usv13,8056.0,False,0.7119565217391305,67113.08638590491,6706.863957379319,14329.02547879114,0.4,4.263387978142083,14692.1
1,11002,white_usv8,usv13,8056.0,False,0.47,29669.085283947294,6826.765906987435,14549.920109515326,0.8260869565217391,6.1393939393939405,11143.4
1,11002,white_usv15,usv13,8056.0,False,0.925035360678925,62405.426255426966,6650.394699572396,14261.32805364077,0.327718223583461,20.451841359773372,
1,11002,white_usv3,usv10,8697.0,False,0.11235955056179775,75107.3820470359,6753.941442118652,9098.681913306442,1.0,1.4431818181818192,11705.0
1,11002,white_usv2,usv10,8697.0,False,0.09345794392523364,76285.70288857863,6657.759028857981,8968.00939395254,1.0,4.800000000000001,12518.0
1,11002,white_usv5,usv10,8697.0,False,0.08,75277.44373711997,6801.9618759768055,9165.322672939583,1.0,6.380645161290322,13217.9
1,11002,white_usv9,usv9,8697.0,False,0.002911208151382824,110664.2630411172,472.1968326589558,472.1968326589558,1.0,33.373469387755094,
1,11002,white_usv7,usv9,8697.0,False,0.002911208151382824,101915.3146551666,474.89923272741726,474.89923272741726,1.0,22.732653061224482,
1,11002,white_usv11,usv9,8697.0,False,0.002911208151382824,124690.85619474674,403.7464918442711,403.7464918442711,1.0,24.814285714285713,
1,11002,white_usv16,usv14,8964.0,False,0.874251497005988,52365.435150778285,6311.075923496377,14775.223167843273,0.5724137931034483,8.106626506024101,15108.0
1,11002,white_usv17,usv14,8964.0,False,0.8581081081081081,62499.06929302067,6190.6590741877735,14559.35034246619,0.48412698412698413,6.997959183673477,14446.0
1,11002,white_usv18,usv14,8964.0,False,0.8561643835616438,67920.98339629297,6025.925893962121,14264.085756320594,0.6774193548387096,6.4668965517241395,14370.4
1,11002,white_usv9,usv15,8964.0,True,0.9704579025110783,26662.16532589027,7548.088777548648,15149.78138616243,0.3048780487804878,33.80665680473372,
1,11002,white_usv7,usv15,8964.0,False,0.9704579025110783,8977.52446899191,7386.047148835729,14846.116924972303,0.32164634146341464,23.018934911242596,
1,11002,white_usv11,usv15,8964.0,True,0.9704579025110783,13628.009535618847,7638.300119126019,15329.567611364357,0.3079268292682927,25.111834319526626,
1,11002,white_usv3,usv16,9247.0,False,0.7536231884057971,55094.1826285968,4642.636857187128,13880.953035427505,1.0,1.760294117647059,11705.0
1,11002,white_usv19,usv16,9247.0,False,0.8650793650793651,51553.66613684652,4671.0505771509925,13978.511431055536,0.7129629629629629,12.904800000000002,14025.4
1,11002,white_usv5,usv16,9247.0,False,0.8380952380952381,36351.60864328039,4618.171742271574,13919.651814302386,0.9195402298850575,7.489423076923076,13217.9
1,11002,white_usv2,usv1,9247.0,False,0.06896551724137931,144043.64887429235,2677.3222592920647,2677.3222592920647,1.0,5.8895348837209305,12518.0
1,11002,white_usv20,usv1,9247.0,False,0.046153846153846156,308766.45425281307,2444.8648805457633,2444.8648805457633,1.0,21.599224806201548,14159.2
1,11002,white_usv1,usv1,9571.0,False,0.07792207792207792,147521.02163619947,1454.6210537386942,1454.6210537386942,1.0,4.714473684210529,12518.0
1,11002,white_usv10,usv13,9571.0,True,0.9649923896499238,19066.954070500706,6075.991123999265,15243.225438229274,0.29067930489731436,23.666615853658534,
1,11002,white_usv4,usv28,9571.0,True,0.8112633181126332,8623.397385320804,3361.897348216735,3361.897348216735,0.5545112781954887,26.968445121951213,
1,11002,white_usv14,usv28,9571.0,False,0.1417910447761194,98296.55769485346,3453.3215474457247,3453.3215474457247,1.0,5.580451127819555,14692.1
1,11002,white_usv13,usv28,9571.0,False,0.1417910447761194,96608.11146310827,3410.7819514203293,3410.7819514203293,1.0,6.478947368421061,14692.1
1,11002,white_usv8,usv13,9571.0,False,0.54,29669.085283947294,6067.378284036509,15073.663542146081,0.6923076923076923,12.216326530612246,11143.4
1,11002,white_usv6,usv13,9571.0,True,0.735632183908046,16185.485947362526,5926.23398334087,14887.27266805309,0.7777777777777778,15.125581395348831,12957.6
1,11002,white_usv12,usv29,9868.0,True,0.804953560371517,4707.074330516768,1978.7144668106048,1978.7144668106048,0.5433526011560693,29.884031007751943,
1,11002,white_usv15,usv29,9868.0,True,0.804953560371517,13642.852471478707,1963.3753657288908,1963.3753657288908,0.5375722543352601,22.264806201550385,
1,11002,white_usv1,usv17,9868.0,False,0.9545454545454546,63502.585779787994,4244.953079632192,10424.58433702834,0.967741935483871,4.301538461538463,12518.0
1,11002,white_usv2,usv18,9868.0,False,0.9696969696969697,79849.76800080629,5216.065572288484,12282.436673871081,0.9841269841269841,6.74923076923077,12518.0
1,11002,white_usv20,usv19,9868.0,False,0.926605504587156,39788.01370130194,5582.424105856204,13393.346526255402,0.64,25.06481481481481,14159.2
1,11002,white_usv8,usv14,10168.0,True,0.9,29338.927645080465,7447.569005672245,11163.607653457788,0.6923076923076923,20.096551724137928,11143.4
1,11002,white_usv4,usv18,10168.0,False,1.0,16550.61405043129,6827.768186702495,13901.777185873798,0.39308176100628933,27.689150943396232,
1,11002,white_usv14,usv23,10168.0,False,0.5526315789473685,53060.53274914911,6233.236990932026,14648.847414007556,0.9354838709677419,5.605309734513282,14692.1
1,11002,white_usv13,usv22,10168.0,False,0.956140350877193,17933.63271966903,7427.765203183808,14733.461326100907,0.9259259259259259,6.638053097345141,14692.1
1,11002,white_usv12,usv17,10168.0,True,0.9968602825745683,10643.28004571578,6600.898912676967,14040.938696264922,0.305993690851735,30.191037735849058,
1,11002,white_usv15,usv19,10168.0,True,0.9952904238618524,2898.5083234311223,6845.072266723037,14475.145093432999,0.344391785150079,22.467452830188677,
1,11002,white_usv9,usv14,10168.0,True,0.9952904238618524,31690.32866369736,7405.2677781611055,10160.452729532502,0.2575039494470774,35.83757861635219,
1,11002,white_usv10,usv14,10168.0,True,0.9952904238618524,7207.966638049929,7382.007915093214,10171.585597210156,0.2938388625592417,24.342767295597483,
1,11002,white_usv6,usv12,10168.0,True,0.8955223880597015,24779.99722172292,4547.9671429608425,3100.7686805213452,0.7288135593220338,19.44848484848484,12957.6
1,11002,white_usv7,usv14,10464.0,True,1.0,19867.754588990654,6318.102685088175,4785.966919685779,0.2743221690590112,24.712759170653896,
1,11002,white_usv8,usv15,10464.0,True,1.0,33534.43397638566,4397.8943742837655,2878.4607493378353,0.6,28.119999999999997,11143.4
1,11002,white_usv12,usv16,10464.0,True,0.9984076433121019,14774.148606399069,7447.069846314953,8396.185427819837,0.2763578274760383,30.480223285486446,
1,11002,white_usv16,usv17,10464.0,True,0.9830508474576272,16043.894863284782,6604.230596223657,8435.04719185394,0.5391304347826087,11.087179487179498,15108.0
1,11002,white_usv9,usv15,10464.0,True,1.0,26662.16532589027,3366.4768507534027,4059.0324126246633,0.2727272727272727,36.318022328548636,
1,11002,white_usv10,usv15,10464.0,True,1.0,2163.7419485076766,3340.6268495722616,6529.189028419547,0.30462519936204147,24.660446570972884,
1,11002,white_usv5,usv12,10464.0,True,1.0,25784.612510565097,5186.619619353463,9639.179280851466,0.8,10.98769230769231,13217.9
1,11002,white_usv7,usv13,10464.0,True,0.9936305732484076,30942.409205600343,6123.924804546077,3961.6239486619015,0.2536115569823435,24.712759170653896,
1,11002,white_usv11,usv16,10464.0,True,0.9984076433121019,5236.530990564681,3860.919801085758,4444.66005370114,0.2779552715654952,26.994098883572562,
1,11002,white_usv6,usv13,10464.0,True,0.9310344827586207,16185.485947362526,1238.6752753871478,-1289.2629232069885,0.7358490566037735,22.124561403508764,12957.6
1,11002,white_usv4,usv13,10464.0,True,0.9936305732484076,26549.715548171516,5386.2949026365895,9489.37366346061,0.2552166934189406,27.86331738437002,
1,11002,white_usv15,usv17,10464.0,True,0.9968152866242038,11757.1895131273,6567.264982134533,12800.646581329842,0.2992,22.637958532695375,
1,11002,white_usv20,usv21,10464.0,True,1.0,29839.5975894204,6358.50206563402,12466.996908581983,0.6111111111111112,28.77222222222222,14159.2
1,11002,white_usv3,usv12,10758.0,True,1.0,22860.073671476377,4462.699572386322,9266.699097101347,1.0,3.0157894736842095,11705.0
1,11002,white_usv13,usv17,10758.0,True,1.0,21365.84539164142,5386.220271719918,7787.6860455871865,0.32978723404255317,6.643617021276604,14692.1
1,11002,white_usv17,usv18,10758.0,True,1.0,29402.196561153112,5637.622406680777,5108.169277742905,0.375,11.086363636363652,14446.0
1,11002,white_usv19,usv19,10758.0,True,1.0,15812.4529633423,5469.987654122553,7512.047049954868,0.6052631578947368,20.50394736842106,14025.4
1,11002,white_usv14,usv18,10758.0,True,1.0,18882.70315687688,5030.997245271377,7184.469039032374,0.4148936170212766,5.374468085106383,14692.1
1,11002,white_usv8,usv14,10758.0,True,1.0,29338.927645080465,-1388.9604128170904,-3124.844911815424,0.3,18.0,11143.4
1,11002,white_usv18,usv18,10758.0,True,1.0,18583.320662457463,5284.321088068769,10104.95626181522,0.5813953488372093,10.223255813953493,14370.4
1,11002,white_usv16,usv16,10758.0,True,1.0,28282.373198101934,1115.950456344981,-89.84840314601752,0.42990654205607476,11.743925233644871,15108.0
1,11002,white_usv9,usv14,10758.0,True,1.0,31690.32866369736,641.0261393467736,-3778.612841990689,0.24311183144246354,35.777471636953,
1,11002,white_usv10,usv14,10758.0,True,1.0,7207.966638049929,2924.7760856605237,-1494.7368879855858,0.28038897893030795,24.511345218800653,
1,11002,white_usv9,usv15,10758.0,True,1.0,26662.16532589027,692.5555618712606,-4111.443877730664,0.26580226904376014,35.777471636953,
1,11002,white_usv10,usv15,10758.0,True,1.0,2163.7419485076766,3188.5621788472854,-1615.4377544342788,0.29821717990275526,24.511345218800653,
1,11002,white_usv7,usv15,10758.0,False,1.0,8977.52446899191,-1210.3977841379892,-4909.1628562440965,0.2787682333873582,25.04716369529983,
1,11002,white_usv8,usv15,10758.0,True,1.0,33534.43397638566,-1519.4336249459302,-3397.4335290020463,0.3,18.0,11143.4
1,11002,white_usv3,usv13,10758.0,True,1.0,24506.9328970462,5690.25004510631,10023.712257229956,1.0,3.0157894736842095,11705.0
1,11002,white_usv9,usv14,10758.0,True,1.0,31690.32866369736,641.0261393467736,-3778.612841990689,0.24311183144246354,35.777471636953,
1,11002,white_usv10,usv14,10758.0,True,1.0,7207.966638049929,2924.7760856605237,-1494.7368879855858,0.28038897893030795,24.511345218800653,
1,11002,white_usv7,usv14,10758.0,True,1.0,19867.754588990654,-1532.135765402396,-6060.122870698462,0.2625607779578606,25.04716369529983,
1,11002,white_usv16,usv17,10758.0,True,1.0,16043.894863284782,1830.8165956302837,733.8615281252933,0.5046728971962616,11.743925233644871,15108.0
1,11002,white_usv8,usv14,10758.0,True,1.0,29338.927645080465,-1388.9604128170904,-3124.844911815424,0.3,18.0,11143.4
1,11002,white_usv5,usv13,10758.0,True,1.0,15541.499422692226,5273.38055632545,885.9020787095069,0.8727272727272727,11.930909090909093,13217.9
1,11002,white_usv11,usv14,10758.0,True,1.0,27563.483377220447,-139.27914572197915,-3933.8701275361236,0.24311183144246354,26.82139384116693,
1,11002,white_usv3,usv12,10758.0,True,1.0,22860.073671476377,4462.699572386322,9266.699097101347,1.0,3.0157894736842095,11705.0
1,11002,white_usv9,usv15,10758.0,True,1.0,26662.16532589027,692.5555618712606,-4111.443877730664,0.26580226904376014,35.777471636953,
1,11002,white_usv10,usv15,10758.0,True,1.0,2163.7419485076766,3188.5621788472854,-1615.4377544342788,0.29821717990275526,24.511345218800653,
1,11002,white_usv4,usv12,10758.0,True,1.0,35952.53847734658,4185.936052984289,338.8719258916244,0.23176661264181522,28.31361426256078,
1,11002,white_usv7,usv13,10758.0,True,1.0,30942.409205600343,-166.76332542766613,-4970.763323570733,0.24635332252836303,25.04716369529983,
1,11002,white_usv8,usv15,10758.0,True,1.0,33534.43397638566,-1519.4336249459302,-3397.4335290020463,0.3,18.0,11143.4
1,11002,white_usv5,usv12,10758.0,True,1.0,25784.612510565097,4452.559661498002,-351.4398490266394,0.7636363636363637,11.930909090909093,13217.9
1,11002,white_usv6,usv12,10758.0,True,1.0,24779.99722172292,-2291.0474013058993,-6724.728911372411,0.7021276595744681,15.334042553191491,12957.6
1,11002,white_usv12,usv15,10758.0,True,1.0,20913.468516169418,137.0697718322408,4746.201709044733,0.26094003241491087,30.941329011345225,
1,11002,white_usv11,usv15,10758.0,True,1.0,13628.009535618847,-172.40991075231432,-4788.31540822731,0.26904376012965964,26.82139384116693,
1,11002,white_usv3,usv13,11072.0,True,1.0,24506.9328970462,3239.3872584395504,10181.994059753422,1.0,0.2900000000000006,11705.0
1,11002,white_usv9,usv14,11072.0,True,1.0,31690.32866369736,-3325.340518837409,236.56669759714714,0.24013157894736842,35.418749999999996,
1,11002,white_usv10,usv14,11072.0,True,1.0,7207.966638049929,-3325.8729271803386,-9917.059470736349,0.2746710526315789,24.578125000000004,
1,11002,white_usv4,usv13,11072.0,True,1.0,26549.715548171516,-3603.9993315745305,-88.8794635467275,0.23848684210526316,28.357730263157894,
1,11002,white_usv7,usv14,11072.0,True,1.0,19867.754588990654,-3403.517721579279,956.7934574194223,0.2631578947368421,23.937828947368423,
1,11002,white_usv8,usv14,11072.0,True,1.0,33201.06749268025,-628.477318586738,-628.477318586738,0.0,0.0,11143.4
1,11002,white_usv5,usv13,11072.0,True,1.0,15541.499422692226,-3302.1789700497757,-3033.70556669699,0.8695652173913043,10.35217391304348,13217.9
1,11002,white_usv6,usv13,11072.0,True,1.0,16185.485947362526,-3603.9999871569016,-811.8232013287416,0.868421052631579,8.839473684210528,12957.6
1,11002,white_usv12,usv16,11072.0,True,1.0,14774.148606399069,3603.9991938781714,11771.996355206556,0.26151315789473684,30.807072368421053,
1,11002,white_usv11,usv16,11072.0,True,1.0,5236.530990564681,-3603.999592484637,-1336.5237822913477,0.2680921052631579,26.329605263157898,
1,11002,white_usv15,usv16,11072.0,True,1.0,25532.215407448522,-3393.4034415767746,-5681.073724764916,0.28125,22.98717105263158,
1,11002,white_usv20,usv22,11072.0,True,0.9861111111111112,28234.74202533507,585.2861779071318,-776.6696474683777,0.5142857142857142,33.39718309859155,14159.2
1,11002,white_usv3,usv12,11072.0,True,1.0,22860.073671476377,3603.999631081835,11771.173553040295,1.0,0.2900000000000006,11705.0
1,11002,white_usv9,usv15,11072.0,True,1.0,26662.16532589027,-3603.9995938405336,-1272.3214791313221,0.2631578947368421,35.418749999999996,
1,11002,white_usv10,usv15,11072.0,True,1.0,2163.7419485076766,-3603.9999516358002,-10703.888389187508,0.29276315789473684,24.578125000000004,
1,11002,white_usv4,usv12,11072.0,True,1.0,35952.53847734658,-3332.3273882733192,-35.836195534080616,0.22203947368421054,28.357730263157894,
1,11002,white_usv7,usv13,11072.0,True,1.0,30942.409205600343,-3603.9999986677285,997.7764597891364,0.24177631578947367,23.937828947368423,
1,11002,white_usv5,usv12,11072.0,True,1.0,25784.612510565097,-3603.999645391479,-3859.72201337383,0.7391304347826086,10.35217391304348,13217.9
1,11002,white_usv6,usv12,11072.0,True,1.0,24779.99722172292,-3334.299204493087,-715.0276261111649,0.8157894736842105,8.839473684210528,12957.6
1,11002,white_usv12,usv15,11072.0,True,1.0,20913.468516169418,3453.0843473224886,11122.492633779155,0.2565789473684211,30.807072368421053,
1,11002,white_usv11,usv15,11072.0,True,1.0,13628.009535618847,-3467.709797490832,-1438.0669683376764,0.26644736842105265,26.329605263157898,
1,11002,white_usv15,usv17,11072.0,True,1.0,11757.1895131273,-3527.477003138414,-5617.877894373483,0.27960526315789475,22.98717105263158,
1,11002,white_usv3,usv13,11072.0,True,1.0,24506.9328970462,3239.3872584395504,10181.994059753422,1.0,0.2900000000000006,11705.0
1,11002,white_usv9,usv13,11072.0,True,1.0,34038.80077165826,-2657.1676746556695,1558.7624182533473,0.22039473684210525,35.418749999999996,
1,11002,white_usv10,usv13,11072.0,True,1.0,19066.954070500706,-2578.393524529445,-7945.721865088275,0.2680921052631579,24.578125000000004,
1,11002,white_usv4,usv13,11072.0,True,1.0,26549.715548171516,-3603.9993315745305,-88.8794635467275,0.23848684210526316,28.357730263157894,
1,11002,white_usv16,usv16,11072.0,True,1.0,28282.373198101934,-2405.797856368874,-3945.6527841120696,0.40816326530612246,9.3561224489796,15108.0
1,11002,white_usv13,usv16,11072.0,True,1.0,30252.978238511132,723.4846788831201,6986.909873538963,0.16470588235294117,6.628235294117657,14692.1
1,11002,white_usv17,usv19,11072.0,True,1.0,26285.78990241369,-1577.6469020034565,5390.607886174501,0.4936708860759494,11.684810126582295,14446.0
1,11002,white_usv5,usv13,11072.0,True,1.0,15541.499422692226,-3302.1789700497757,-3033.70556669699,0.8695652173913043,10.35217391304348,13217.9
1,11002,white_usv6,usv13,11072.0,True,1.0,16185.485947362526,-3603.9999871569016,-811.8232013287416,0.868421052631579,8.839473684210528,12957.6
1,11002,white_usv12,usv16,11072.0,True,1.0,14774.148606399069,3603.9991938781714,11771.996355206556,0.26151315789473684,30.807072368421053,
1,11002,white_usv11,usv16,11072.0,True,1.0,5236.530990564681,-3603.999592484637,-1336.5237822913477,0.2680921052631579,26.329605263157898,
1,11002,white_usv3,usv12,11072.0,True,1.0,22860.073671476377,3603.999631081835,11771.173553040295,1.0,0.2900000000000006,11705.0
1,11002,white_usv9,usv15,11072.0,True,1.0,26662.16532589027,-3603.9995938405336,-1272.3214791313221,0.2631578947368421,35.418749999999996,
1,11002,white_usv10,usv15,11072.0,True,1.0,2163.7419485076766,-3603.9999516358002,-10703.888389187508,0.29276315789473684,24.578125000000004,
1,11002,white_usv19,usv20,11072.0,True,1.0,10777.290074733604,959.3129991847891,3157.561841661329,0.6119402985074627,22.602985074626872,14025.4
1,11002,white_usv14,usv17,11072.0,False,1.0,22519.663173188586,221.23086723185406,-3432.873978124371,0.3058823529411765,5.255294117647059,14692.1
1,11002,white_usv16,usv17,11072.0,True,1.0,16043.894863284782,-2558.492360773096,-4193.058107983408,0.4897959183673469,9.3561224489796,15108.0
1,11002,white_usv13,usv17,11072.0,True,1.0,21365.84539164142,856.4326887245188,8391.308232479973,0.25882352941176473,6.628235294117657,14692.1
1,11002,white_usv5,usv12,11072.0,True,1.0,25784.612510565097,-3603.999645391479,-3859.72201337383,0.7391304347826086,10.35217391304348,13217.9
1,11002,white_usv12,usv15,11072.0,True,1.0,20913.468516169418,3453.0843473224886,11122.492633779155,0.2565789473684211,30.807072368421053,
1,11002,white_usv11,usv15,11072.0,True,1.0,13628.009535618847,-3467.709797490832,-1438.0669683376764,0.26644736842105265,26.329605263157898,
1,11002,white_usv18,usv20,11072.0,True,1.0,9503.174185840417,3260.347924230555,2560.3475467646203,0.7012987012987013,10.863636363636369,14370.4
1,11002,white_usv9,usv13,11072.0,True,1.0,34038.80077165826,-2657.1676746556695,1558.7624182533473,0.22039473684210525,35.418749999999996,
1,11002,white_usv10,usv13,11072.0,True,1.0,19066.954070500706,-2578.393524529445,-7945.721865088275,0.2680921052631579,24.578125000000004,
1,11002,white_usv14,usv18,11072.0,True,1.0,18882.70315687688,608.6256018362474,-3273.935857373792,0.35294117647058826,5.255294117647059,14692.1
1,11002,white_usv16,usv18,11072.0,True,1.0,10708.978386808256,-2069.607554920811,-3609.000139348842,0.5,9.3561224489796,15108.0
1,11002,white_usv13,usv16,11072.0,True,1.0,30252.978238511132,723.4846788831201,6986.909873538963,0.16470588235294117,6.628235294117657,14692.1
1,11002,white_usv17,usv18,11072.0,True,1.0,29402.196561153112,-2073.0511697077454,3477.7893760158695,0.3037974683544304,11.684810126582295,14446.0
1,11002,white_usv12,usv16,11072.0,True,1.0,14774.148606399069,3603.9991938781714,11771.996355206556,0.26151315789473684,30.807072368421053,
1,11002,white_usv11,usv16,11072.0,True,1.0,5236.530990564681,-3603.999592484637,-1336.5237822913477,0.2680921052631579,26.329605263157898,
1,11002,white_usv18,usv18,11072.0,True,1.0,18583.320662457463,3315.9744797710227,-1389.3383616291394,0.5324675324675324,10.863636363636369,14370.4
1,11002,white_usv15,usv18,11072.0,True,1.0,1136.566824161314,-2886.2508948857503,-4509.3100871947245,0.28618421052631576,22.98717105263158,
1,11002,white_usv14,usv17,11072.0,False,1.0,22519.663173188586,221.23086723185406,-3432.873978124371,0.3058823529411765,5.255294117647059,14692.1
1,11002,white_usv16,usv17,11072.0,True,1.0,16043.894863284782,-2558.492360773096,-4193.058107983408,0.4897959183673469,9.3561224489796,15108.0
1,11002,white_usv13,usv17,11072.0,True,1.0,21365.84539164142,856.4326887245188,8391.308232479973,0.25882352941176473,6.628235294117657,14692.1
1,11002,white_usv17,usv19,11072.0,True,1.0,26285.78990241369,-1577.6469020034565,5390.607886174501,0.4936708860759494,11.684810126582295,14446.0
1,11002,white_usv12,usv17,11072.0,True,1.0,10643.28004571578,3361.78304125477,10450.65329854281,0.28289473684210525,30.807072368421053,
1,11002,white_usv18,usv19,11072.0,True,1.0,10548.505851439773,3451.361286022133,158.1161423420126,0.5454545454545454,10.863636363636369,14370.4
1,11002,white_usv15,usv17,11072.0,True,1.0,11757.1895131273,-3527.477003138414,-5617.877894373483,0.27960526315789475,22.98717105263158,
1,11002,white_usv3,usv13,11072.0,True,1.0,24506.9328970462,3239.3872584395504,10181.994059753422,1.0,0.2900000000000006,11705.0
1,11002,white_usv14,usv18,11072.0,True,1.0,18882.70315687688,608.6256018362474,-3273.935857373792,0.35294117647058826,5.255294117647059,14692.1
1,11002,white_usv16,usv18,11072.0,True,1.0,10708.978386808256,-2069.607554920811,-3609.000139348842,0.5,9.3561224489796,15108.0
1,11002,white_usv13,usv18,11072.0,True,1.0,14506.119753794306,1185.4628255184944,8728.669506802558,0.36470588235294116,6.628235294117657,14692.1
1,11002,white_usv5,usv13,11072.0,True,1.0,15541.499422692226,-3302.1789700497757,-3033.70556669699,0.8695652173913043,10.35217391304348,13217.9
1,11002,white_usv12,usv16,11072.0,True,1.0,14774.148606399069,3603.9991938781714,11771.996355206556,0.26151315789473684,30.807072368421053,
1,11002,white_usv18,usv18,11072.0,True,1.0,18583.320662457463,3315.9744797710227,-1389.3383616291394,0.5324675324675324,10.863636363636369,14370.4
1,11002,white_usv15,usv18,11072.0,True,1.0,1136.566824161314,-2886.2508948857503,-4509.3100871947245,0.28618421052631576,22.98717105263158,
1,11002,white_usv14,usv17,11072.0,False,1.0,22519.663173188586,221.23086723185406,-3432.873978124371,0.3058823529411765,5.255294117647059,14692.1
1,11002,white_usv16,usv17,11072.0,True,1.0,16043.894863284782,-2558.492360773096,-4193.058107983408,0.4897959183673469,9.3561224489796,15108.0
1,11002,white_usv13,usv17,11072.0,True,1.0,21365.84539164142,856.4326887245188,8391.308232479973,0.25882352941176473,6.628235294117657,14692.1
1,11002,white_usv12,usv17,11072.0,True,1.0,10643.28004571578,3361.78304125477,10450.65329854281,0.28289473684210525,30.807072368421053,
1,11002,white_usv18,usv19,11072.0,True,1.0,10548.505851439773,3451.361286022133,158.1161423420126,0.5454545454545454,10.863636363636369,14370.4
1,11002,white_usv15,usv17,11072.0,True,1.0,11757.1895131273,-3527.477003138414,-5617.877894373483,0.27960526315789475,22.98717105263158,
1,11002,white_usv14,usv18,11072.0,True,1.0,18882.70315687688,608.6256018362474,-3273.935857373792,0.35294117647058826,5.255294117647059,14692.1
1,11002,white_usv13,usv18,11072.0,True,1.0,14506.119753794306,1185.4628255184944,8728.669506802558,0.36470588235294116,6.628235294117657,14692.1
1,11002,white_usv12,usv16,11072.0,True,1.0,14774.148606399069,3603.9991938781714,11771.996355206556,0.26151315789473684,30.807072368421053,
1,11002,white_usv18,usv18,11072.0,True,1.0,18583.320662457463,3315.9744797710227,-1389.3383616291394,0.5324675324675324,10.863636363636369,14370.4
1,11002,white_usv15,usv18,11072.0,True,1.0,1136.566824161314,-2886.2508948857503,-4509.3100871947245,0.28618421052631576,22.98717105263158,
1,11002,white_usv13,usv19,11072.0,True,1.0,13242.73700576714,1373.6542834481152,8877.48253887079,0.49411764705882355,6.628235294117657,14692.1
1,11002,white_usv18,usv19,11072.0,True,1.0,10548.505851439773,3451.361286022133,158.1161423420126,0.5454545454545454,10.863636363636369,14370.4
1,11002,white_usv20,usv21,11072.0,True,1.0,29839.5975894204,-754.0861900313248,-1960.5748640016172,0.5070422535211268,33.39718309859155,14159.2
1,11002,white_usv12,usv17,11475.0,True,1.0,10643.28004571578,4597.099705796496,9485.774958698461,0.2757475083056478,31.114119601328905,
1,11002,white_usv11,usv24,11475.0,False,0.9253731343283582,7617.806490192979,964.1674276413542,964.1674276413542,0.4524236983842011,26.293023255813956,
1,11002,white_usv3,usv23,11475.0,False,0.8,149706.1979503542,1425.5657281411986,1425.5657281411986,1.0,0.7250000000000014,11705.0
1,11002,white_usv9,usv23,11475.0,True,0.9187396351575456,5112.255578710595,3054.141463143198,10839.001592201996,0.42495479204339964,35.537043189368774,
1,11002,white_usv10,usv20,11475.0,False,1.0,9066.513345443114,612.5052048042999,7684.4067939887755,0.44518272425249167,24.823089700996682,
1,11002,white_usv4,usv21,11475.0,False,1.0,23664.38868586057,4892.458607165419,11561.643663164927,0.45348837209302323,28.341362126245848,
1,11002,white_usv7,usv22,11475.0,False,0.9983416252072969,18800.43594193513,2443.3011245066155,10288.105593565444,0.47088186356073214,23.877408637873756,
1,11002,white_usv13,usv17,11475.0,True,1.0,21365.84539164142,4227.847220580203,7046.0354564248955,0.22784810126582278,2.577215189873418,14692.1
1,11002,white_usv17,usv20,11475.0,True,1.0,22554.2838775181,2842.3157325305,-1804.474710006405,0.6986301369863014,7.978082191780841,14446.0
1,11002,white_usv5,usv24,11475.0,False,0.24390243902439024,140650.9242114668,478.95815506836516,478.95815506836516,1.0,7.917500000000001,13217.9
1,11002,white_usv16,usv18,11475.0,True,1.0,10708.978386808256,4376.381902042725,9261.48534714738,0.5217391304347826,8.238043478260874,15108.0
1,11002,white_usv13,usv19,11475.0,True,1.0,13242.73700576714,5911.667400609709,12247.762424165558,0.46835443037974683,2.577215189873418,14692.1
1,11002,white_usv17,usv19,11475.0,True,1.0,26285.78990241369,2162.2172655573304,-3528.3460431480053,0.4931506849315068,7.978082191780841,14446.0
1,11002,white_usv6,usv19,11475.0,False,1.0,78032.78940292899,3737.4539517072553,10165.441536740094,1.0,4.871874999999999,12957.6
1,11002,white_usv12,usv18,11475.0,True,1.0,10575.783493508583,3437.6060886829655,8203.947315275422,0.30564784053156147,31.114119601328905,
1,11002,white_usv14,usv19,11475.0,True,1.0,17559.807810726164,3165.293410069273,9169.999593001208,0.569620253164557,3.3759493670886083,14692.1
1,11002,white_usv18,usv20,11475.0,True,1.0,9503.174185840417,3549.130278929704,7888.745248181294,0.704225352112676,9.23802816901409,14370.4
1,11002,white_usv15,usv19,11475.0,True,1.0,2898.5083234311223,5133.19502986953,11152.808289717854,0.32059800664451826,23.21594684385382,
1,11002,white_usv1,usv23,11475.0,False,0.782608695652174,140062.86647575835,6519.338088269724,13372.405929690576,1.0,6.654545454545453,12518.0
1,11002,white_usv2,usv24,11475.0,False,0.08695652173913043,177248.7606677607,938.7484950997459,938.7484950997459,1.0,13.82272727272728,12518.0
1,11002,white_usv16,usv22,11475.0,False,0.989247311827957,24533.87098468434,2130.471224349618,9053.140010938892,0.9120879120879121,8.238043478260874,15108.0
1,11002,white_usv13,usv20,11475.0,True,1.0,11833.519873130459,6205.297151133636,13243.985591452401,0.6708860759493671,2.577215189873418,14692.1
1,11002,white_usv12,usv23,11475.0,True,0.9187396351575456,420.30953744590613,2299.578285898766,7380.673956515107,0.3960216998191682,31.114119601328905,
1,11002,white_usv16,usv19,11882.0,True,1.0,11259.516415251215,4742.2000661174825,10253.748839773809,0.6867469879518072,6.155421686746986,15108.0
1,11002,white_usv20,usv22,11882.0,True,0.9824561403508771,28234.74202533507,113.40125235656888,-2335.2228198133016,0.5818181818181818,29.442857142857143,14159.2
1,11002,white_usv2,usv22,11882.0,False,0.9285714285714286,131045.93206340616,6162.948051990097,13078.268337413669,1.0,11.992307692307694,12518.0
1,11002,white_usv5,usv21,11882.0,False,1.0,101343.4964459318,4685.241550865772,10989.239257860856,1.0,7.138709677419354,13217.9
1,11002,white_usv11,usv21,11882.0,False,1.0,15641.517017946333,4825.35130373064,11129.35129652376,0.40809443507588533,26.534738617200677,
1,11002,white_usv12,usv19,11882.0,True,1.0,10556.158850053931,5003.120158989179,9463.9223701183,0.3220910623946037,31.57976391231029,
1,11002,white_usv14,usv20,11882.0,True,1.0,15614.074068605229,4282.231061107952,8743.206946155027,0.7571428571428571,1.2385714285714289,14692.1
1,11002,white_usv19,usv21,11882.0,True,1.0,13780.576481880255,1300.5214789778838,7193.576046535927,0.9615384615384616,5.301923076923076,14025.4
1,11002,white_usv14,usv19,11882.0,True,1.0,17559.807810726164,5083.751561677942,10721.728489733083,0.5285714285714286,1.2385714285714289,14692.1
1,11002,white_usv13,usv19,11882.0,True,1.0,13242.73700576714,5320.113525128316,11221.153283841486,0.4,2.268571428571429,14692.1
1,11002,white_usv18,usv19,11882.0,True,1.0,10548.505851439773,1445.8089601775282,7168.216814938805,0.5,7.661290322580647,14370.4
1,11002,white_usv19,usv20,11882.0,True,1.0,10777.290074733604,1391.0244607497261,7695.024365736597,0.6346153846153846,5.301923076923076,14025.4
1,11002,white_usv14,usv20,11882.0,True,1.0,15614.074068605229,4282.231061107952,8743.206946155027,0.7571428571428571,1.2385714285714289,14692.1
1,11002,white_usv13,usv20,11882.0,True,1.0,11833.519873130459,5459.239352785633,11763.237349195577,0.6285714285714286,2.268571428571429,14692.1
1,11002,white_usv18,usv20,11882.0,True,1.0,9503.174185840417,1570.9409812935337,7874.939586050379,0.6935483870967742,7.661290322580647,14370.4
1,11002,white_usv15,usv20,11882.0,True,1.0,501.18274032272456,4354.364269307633,8926.707749254077,0.3456998313659359,23.295952782462056,
1,11002,white_usv19,usv21,11882.0,True,1.0,13780.576481880255,1300.5214789778838,7193.576046535927,0.9615384615384616,5.301923076923076,14025.4
1,11002,white_usv14,usv19,11882.0,True,1.0,17559.807810726164,5083.751561677942,10721.728489733083,0.5285714285714286,1.2385714285714289,14692.1
1,11002,white_usv13,usv19,11882.0,True,1.0,13242.73700576714,5320.113525128316,11221.153283841486,0.4,2.268571428571429,14692.1
1,11002,white_usv18,usv19,11882.0,True,1.0,10548.505851439773,1445.8089601775282,7168.216814938805,0.5,7.661290322580647,14370.4
1,11002,white_usv15,usv19,11882.0,True,1.0,2898.5083234311223,5097.780515092585,10757.029985939706,0.31197301854974707,23.295952782462056,
1,11002,white_usv19,usv20,11882.0,True,1.0,10777.290074733604,1391.0244607497261,7695.024365736597,0.6346153846153846,5.301923076923076,14025.4
1,11002,white_usv14,usv20,11882.0,True,1.0,15614.074068605229,4282.231061107952,8743.206946155027,0.7571428571428571,1.2385714285714289,14692.1
1,11002,white_usv13,usv20,11882.0,True,1.0,11833.519873130459,5459.239352785633,11763.237349195577,0.6285714285714286,2.268571428571429,14692.1
1,11002,white_usv18,usv20,11882.0,True,1.0,9503.174185840417,1570.9409812935337,7874.939586050379,0.6935483870967742,7.661290322580647,14370.4
1,11002,white_usv15,usv20,11882.0,True,1.0,501.18274032272456,4354.364269307633,8926.707749254077,0.3456998313659359,23.295952782462056,
1,11002,white_usv19,usv21,12281.0,True,1.0,13780.576481880255,5273.529502189107,10778.99940983369,1.0,2.2738095238095237,14025.4
1,11002,white_usv16,usv20,12281.0,True,1.0,9728.118932769137,4113.365485151815,8006.896559165012,0.9041095890410958,6.1931506849315054,15108.0
1,11002,white_usv17,usv23,12281.0,False,0.34545454545454546,50080.16160579967,6588.869756070984,12775.22420286201,1.0,3.7907407407407407,14446.0
1,11002,white_usv17,usv20,12281.0,True,1.0,22554.2838775181,4923.455485466773,9659.496539080359,0.7592592592592593,3.7907407407407407,14446.0
1,11002,white_usv18,usv21,12281.0,True,1.0,13165.534088616352,5404.2057962456165,9752.439685624158,1.0,2.211538461538461,14370.4
1,11002,white_usv12,usv23,12281.0,True,0.922945205479452,420.30953744590613,4494.918956231995,10658.4405561585,0.379182156133829,31.851114922813036,
1,11002,white_usv19,usv20,12281.0,True,1.0,10777.290074733604,5711.999893273165,11905.99969781725,0.5952380952380952,2.2738095238095237,14025.4
1,11002,white_usv18,usv20,12281.0,True,1.0,9503.174185840417,5689.047666828788,11213.151554746142,0.6730769230769231,2.211538461538461,14370.4
1,11002,white_usv19,usv22,12281.0,True,1.0,17573.00812018001,4238.582869940401,8344.65510182987,1.0,2.2738095238095237,14025.4
1,11002,white_usv4,usv23,12281.0,False,0.922945205479452,9446.550239458691,5365.603007343321,11603.986321993376,0.4312267657992565,29.11269296740995,
1,11002,white_usv14,usv24,12281.0,True,0.5409836065573771,38764.99715901817,5894.226746486689,13494.456794515761,0.90625,1.4450000000000003,14692.1
1,11002,white_usv13,usv24,12281.0,True,0.5409836065573771,36937.366708987734,5757.094197914441,13260.26947556252,0.8125,2.3883333333333336,14692.1
1,11002,white_usv17,usv24,12281.0,True,0.4909090909090909,37436.680025707436,6078.89410735025,13866.642315022997,1.0,3.7907407407407407,14446.0
1,11002,white_usv20,usv23,12740.0,True,0.32432432432432434,32747.2514477864,5014.541127037242,5255.780354680013,0.6363636363636364,31.408333333333335,14159.2
1,11002,white_usv19,usv25,13134.0,False,0.5217391304347826,53511.47281015458,6280.119540146145,13027.995942713169,1.0,4.068181818181818,14025.4
1,11002,white_usv16,usv25,13134.0,False,0.5740740740740741,59312.653966849386,6181.892212714272,12927.580234178036,0.7666666666666667,8.530188679245281,15108.0
1,11002,white_usv18,usv25,13134.0,False,0.5757575757575758,53823.8969313919,6077.73151266895,12799.172866484805,1.0,2.8718749999999993,14370.4
1,11002,white_usv9,usv26,13501.0,True,0.9783393501805054,2267.478671847616,6697.726368075164,13191.949824542215,0.4898336414048059,38.51482820976492,
1,11002,white_usv12,usv26,13501.0,True,0.9783393501805054,737.6220226845423,6435.853448554539,12789.759719773327,0.4731977818853974,33.42314647377938,
1,11002,white_usv11,usv26,13501.0,True,0.9783393501805054,2789.0731263531934,6347.3235374640935,12657.23215003741,0.49907578558225507,28.094394213381555,
1,11002,white_usv4,usv27,13501.0,True,0.9566787003610109,2353.0359742964542,5945.66463432333,12257.014410019969,0.5444234404536862,30.414466546112116,
1,11002,white_usv7,usv27,13501.0,True,0.9566787003610109,5718.287875761038,5783.785848838219,12011.98775767017,0.5387523629489603,25.714285714285715,
1,11002,white_usv15,usv27,13501.0,True,0.9566787003610109,5082.665643285593,5391.048385118382,11445.826292926882,0.504725897920605,24.97396021699819,
1,11002,white_usv20,usv24,13880.0,True,0.5,36737.606976659496,2296.4778467916476,2296.4778467916476,1.0,9.299999999999999,14159.2
1,11002,white_usv10,usv25,13880.0,False,0.9743119266055046,5679.363453462047,2966.3171346528106,6201.333870195522,0.5,26.955882352941178,
1,11002,white_usv18,usv24,14219.0,True,1.0,38706.367135405584,2572.784650046764,2572.784650046764,1.0,0.1000000000000038,14370.4
1,11002,white_usv10,usv29,14618.0,True,0.9713740458015268,27921.932222498763,5802.066364238766,12330.33663843965,0.5649606299212598,27.85717017208413,
1,11002,white_usv16,usv30,14618.0,False,0.5714285714285714,134899.917362587,2021.1497569817002,1619.5734190648654,0.5714285714285714,27.699999999999992,15108.0
1,11002,white_usv16,usv23,14618.0,True,0.7142857142857143,29011.49471219145,-3064.0612588447,-3064.0612588447,0.2222222222222222,27.699999999999992,15108.0
1,11002,white_usv12,usv23,14618.0,True,0.9923664122137404,420.30953744590613,-2404.51894080051,-6751.634901179277,0.35645472061657035,34.99885277246654,
1,11002,white_usv15,usv23,14950.0,True,1.0,2912.0717431041858,5974.291204523433,11894.28954505963,0.3508771929824561,26.72670565302144,
1,11002,white_usv9,usv23,15272.0,True,1.0,5112.255578710595,5902.952125243144,11135.451452118446,0.36904761904761907,41.92857142857143,
1,11002,white_usv9,usv30,15641.0,True,0.898989898989899,15363.573626727466,5627.80795152529,12433.528001429135,0.5022522522522522,42.776315789473685,
1,11002,white_usv12,usv28,15641.0,True,0.9919191919191919,927.5419075216919,5436.3023211425025,12066.24469255816,0.5061224489795918,35.5997975708502,
1,11002,white_usv15,usv25,15641.0,True,1.0,2726.1915969692272,4107.249723274064,10348.62465474601,0.38866396761133604,27.721862348178135,
1,11002,white_usv9,usv25,16655.0,True,1.0,5978.1031860515195,6030.0929577634015,10224.092949335813,0.3728448275862069,45.15237068965517,
1,11002,white_usv12,usv25,16655.0,True,1.0,3390.297302938235,5729.25743639539,11398.839902202424,0.38146551724137934,37.47543103448275,
1,11002,white_usv11,usv25,17027.0,True,1.0,540.8229873046897,5865.013282052605,10482.730973826725,0.3656387665198238,33.9909691629956,
1,11002,white_usv9,usv26,17358.0,True,1.0,2267.478671847616,4648.538709368891,9136.690352519523,0.38288288288288286,46.36103603603603,
1,11002,white_usv12,usv28,17358.0,True,1.0,927.5419075216919,5098.652608770339,11186.326239468224,0.45495495495495497,39.13761261261261,
1,11002,white_usv11,usv30,17358.0,True,0.9438202247191011,15083.291048993713,4644.876246484957,12349.541207594972,0.47494033412887826,34.75247747747748,
1,11002,white_usv15,usv26,17358.0,True,1.0,8752.659458774417,278.8112592581383,5416.037460396146,0.38963963963963966,29.10518018018018,
1,11002,white_usv12,usv26,17358.0,True,1.0,737.6220226845423,4200.755589137225,9394.27825907158,0.39414414414414417,39.13761261261261,
1,11002,white_usv11,usv26,17770.0,True,1.0,2789.0731263531934,5275.779745381282,10789.23275054957,0.37557603686635943,35.076958525345624,
1,11002,white_usv9,usv27,18204.0,True,1.0,2644.4163660392546,5404.29247907691,10459.758978936792,0.3938679245283019,47.20377358490566,
1,11002,white_usv12,usv27,18204.0,True,1.0,1850.6909498124514,5135.654217054391,10682.573394781568,0.39622641509433965,40.43891509433962,
1,11002,white_usv11,usv28,18204.0,True,1.0,1571.4526070534434,5442.844533964824,10069.99083967501,0.42924528301886794,35.90094339622642,
1,11002,white_usv15,usv30,18204.0,False,0.9576470588235294,22756.03211225054,4103.188531871187,9958.731105446452,0.46551724137931033,30.039150943396226,
1,11002,white_usv11,usv27,18721.0,True,1.0,2933.3292247746676,5471.364706734486,11184.124772854138,0.38405797101449274,36.23913043478261,
1,11002,white_usv15,usv27,19078.0,True,1.0,5082.665643285593,5422.715744619876,11092.74524321979,0.3935643564356436,30.94975247524752,
1,11002,white_usv11,usv28,19078.0,True,1.0,1571.4526070534434,5290.159726588863,10779.559402073442,0.400990099009901,37.106683168316835,
1,11002,white_usv12,usv28,19479.0,True,1.0,927.5419075216919,4820.711383980524,1731.0541235031487,0.39847715736040606,41.677918781725886,
1,11002,white_usv9,usv28,19479.0,True,1.0,1958.423405697495,4972.577171196906,3641.8609716053907,0.4035532994923858,47.13807106598985,
1,11002,white_usv4,usv29,19479.0,True,0.9949367088607595,17143.31474631416,5615.630674403699,10553.227270137257,0.4260204081632653,42.197208121827416,
1,11002,white_usv7,usv30,19479.0,False,0.979746835443038,33534.647148912736,5765.286544872608,11005.249487356734,0.43523316062176165,35.79593908629442,
1,11002,white_usv15,usv30,19479.0,False,0.979746835443038,22756.03211225054,5455.233067934008,8488.078530105595,0.4378238341968912,31.734263959390862,
1,11002,white_usv7,usv28,19479.0,True,1.0,15908.008643795154,5055.099669879557,9382.35720775328,0.4035532994923858,35.79593908629442,
1,11002,white_usv4,usv28,20004.0,True,1.0,8623.397385320804,5428.092420138397,10865.352514619019,0.38441558441558443,42.60051948051948,
1,11002,white_usv15,usv28,20004.0,True,1.0,5129.086123925291,5157.130029842294,10353.294380610034,0.3922077922077922,31.88,
1,11002,white_usv9,usv29,20493.0,True,0.9973404255319149,6251.068212434233,3735.6540667773806,9616.383260585528,0.41711229946524064,48.55546666666667,
1,11002,white_usv4,usv29,20493.0,True,0.9973404255319149,17143.31474631416,3743.4183760134183,9643.447027462447,0.3983957219251337,43.7352,
1,11002,white_usv7,usv30,20493.0,False,0.9840425531914894,33534.647148912736,3255.1870800984107,8623.856014963872,0.4092140921409214,37.007200000000005,
1,11002,white_usv12,usv30,20493.0,True,0.9840425531914894,13826.935534340879,3162.0801757647205,9416.718051286836,0.4363143631436314,42.81973333333333,
1,11002,white_usv11,usv30,20493.0,True,0.9840425531914894,15083.291048993713,3017.108009541931,9135.91865914347,0.42276422764227645,38.9976,
1,11002,white_usv7,usv29,20493.0,True,0.9973404255319149,24420.682144190378,3344.243758368444,6449.898596595369,0.39572192513368987,37.007200000000005,
1,11002,white_usv15,usv30,20493.0,False,0.9840425531914894,22756.03211225054,-2275.122124933463,2431.7531581230214,0.4146341463414634,32.727466666666665,
1,11002,white_usv12,usv29,20950.0,True,1.0,4707.074330516768,5605.4730875367095,11348.342025042191,0.410958904109589,43.31369863013698,
1,11002,white_usv11,usv29,20950.0,True,1.0,5964.741393285364,5609.121006628608,11401.17436224061,0.4,39.36986301369863,
1,11002,white_usv15,usv29,20950.0,True,1.0,13642.852471478707,5480.415173824738,11232.248282027052,0.4,32.92876712328767,
1,11002,white_usv4,usv30,20950.0,True,0.9918032786885246,26254.69900870139,5873.926706921993,10752.052114276099,0.39779005524861877,44.27424657534247,
1,11002,white_usv9,usv30,21398.0,True,1.0,15363.573626727466,5594.984698487104,11333.763197916905,0.4101123595505618,50.438764044943824,
1,11002,white_usv12,usv30,21398.0,True,1.0,13826.935534340879,5251.36183803554,10778.708126565336,0.4157303370786517,44.406741573033706,
1,11002,white_usv11,usv30,21398.0,True,1.0,15083.291048993713,5179.73390954786,10652.51254178572,0.4044943820224719,40.359550561797754,
2,11002,white_usv3,usv17,6386.0,False,0.3389830508474576,88648.21019126732,,,1.0,4.184482758620688,8258.7
2,11002,white_usv7,usv19,6386.0,True,0.8,28247.809154389004,121.53870775299947,121.53870775299947,0.3333333333333333,37.050000000000004,6580.0
2,11002,white_usv9,usv18,6386.0,False,0.20454545454545456,81674.1637570918,,,0.625,21.937209302325577,7878.0
2,11002,white_usv18,usv17,6386.0,False,0.8905579399141631,43655.48794764346,,,0.49033816425120774,44.48860215053763,
2,11002,white_usv16,usv18,6386.0,True,0.8528301886792453,32956.6414515558,,,0.6133333333333333,21.972727272727273,18730.1
2,11002,white_usv13,usv19,6386.0,False,0.8620689655172413,64988.345942357235,7202.645116186119,12619.623200797316,0.9292929292929293,9.441739130434785,9837.3
2,11002,white_usv5,usv19,6386.0,False,0.8,60468.616501945995,1709.0176913189061,1709.0176913189061,1.0,16.799999999999997,6580.0
2,11002,white_usv8,usv17,6386.0,False,0.043478260869565216,72985.79879452515,,,0.0,27.077272727272728,7194.5
2,11002,white_usv14,usv19,6386.0,False,0.9635193133047211,15600.987802811183,7561.872781595885,12990.811766470317,0.546875,31.566881720430107,
2,11002,white_usv17,usv18,6386.0,False,0.9163090128755365,29485.85351913289,,,0.4835680751173709,33.8752688172043,
2,11002,white_usv10,usv19,6386.0,False,0.8315789473684211,89927.9167979101,4558.370305647637,9951.841156892493,0.9102564102564102,11.95531914893617,9248.0
2,11002,white_usv2,usv22,6684.0,False,0.9439252336448598,131706.94015029774,5649.633763134654,12658.0212633349,1.0,0.7584905660377359,9837.3
2,11002,white_usv12,usv23,6684.0,False,0.9934354485776805,10798.205863722511,6243.943429530234,12928.806123992457,0.5496688741721855,30.907017543859652,
2,11002,white_usv11,usv22,6684.0,True,0.986870897155361,271.8874930251653,5859.5736621678225,13138.578135858785,0.6022222222222222,24.91359649122807,
2,11002,white_usv1,usv22,6684.0,False,0.9558823529411765,140638.63650287178,5572.208589651884,12597.407689052547,1.0,0.5962962962962963,10932.0
2,11002,white_usv19,usv23,6684.0,False,0.9866666666666667,98634.84843714323,5986.3183814906515,12636.471022690792,0.755656108597285,33.01339285714285,15633.0
2,11002,white_usv8,usv23,6684.0,True,0.8571428571428571,33430.30346725541,5027.593795517416,5344.851795164177,0.8181818181818182,41.138461538461534,7194.5
2,11002,white_usv20,usv23,6684.0,False,0.9765625,128218.10334304464,5628.160400906083,12238.459570798092,0.967741935483871,5.196850393700787,10615.0
2,11002,white_usv3,usv20,6684.0,False,0.84,106034.36417784485,6405.552070750258,11986.537096850749,1.0,3.565306122448978,8258.7
2,11002,white_usv9,usv20,6684.0,False,0.7714285714285715,70529.75882969293,6746.431865338542,12587.002216158406,0.7692307692307693,25.888235294117646,7878.0
2,11002,white_usv18,usv21,6684.0,False,0.9671772428884027,56044.253441049324,7157.255256362376,13344.422271995922,0.5419501133786848,45.28530701754386,
2,11002,white_usv16,usv20,6684.0,True,0.96875,33010.18446096157,7728.242601467675,14347.162836529693,0.6234817813765182,22.722745098039216,18730.1
2,11002,white_usv17,usv21,6684.0,False,0.9671772428884027,39413.35589556104,7438.010079951113,13866.460046553417,0.5079365079365079,34.492763157894736,
2,11002,white_usv4,usv21,6684.0,False,0.4,104213.7378443744,4483.9398658994905,4483.9398658994905,1.0,8.444444444444445,7063.0
2,11002,white_usv15,usv24,6684.0,True,0.9503105590062112,31450.739979778402,6885.474384910092,14792.061199447431,0.8223684210526315,21.806874999999998,11816.0
2,11002,white_usv8,usv26,7063.0,True,1.0,26801.489166325897,1197.4158841026292,1197.4158841026292,1.0,109.19999999999999,7194.5
2,11002,white_usv9,usv28,7063.0,True,0.92,33253.5346929239,6324.160206359826,10549.029044895935,0.7727272727272727,31.487499999999997,7878.0
2,11002,white_usv13,usv25,7063.0,False,0.9690721649484536,35409.88358334988,7029.582214914117,14682.556026201972,0.9354838709677419,10.866666666666665,9837.3
2,11002,white_usv10,usv26,7063.0,False,0.9868421052631579,50039.05166460416,6591.036739118485,12645.857063712509,0.9054054054054054,14.10266666666666,9248.0
2,11002,white_usv14,usv27,7408.0,True,0.9862700228832952,30119.378032124492,6720.342192822165,15590.477379700882,0.4604651162790698,33.54724770642202,
2,11002,white_usv3,usv7,8018.0,True,1.0,35438.27027625517,4547.908349881647,4547.908349881647,1.0,3.9749999999999943,8258.7
2,11002,white_usv10,usv30,8258.0,True,0.7222222222222222,28728.462117351577,6830.137031386184,8505.399258654354,0.8,26.619999999999997,9248.0
2,11002,white_usv10,usv29,8491.0,True,0.8846153846153846,33474.157108116204,2832.8300550218555,7691.780581080384,0.7272727272727273,36.612,9248.0
2,11002,white_usv13,usv29,8768.0,True,1.0,30704.709751293176,6957.1507972727995,11116.687316133553,0.7428571428571429,27.694285714285716,9837.3
2,11002,white_usv10,usv30,9064.0,True,1.0,28728.462117351577,-1859.7965799140911,-1859.7965799140911,0.2,37.3,9248.0
2,11002,white_usv12,usv30,9064.0,True,1.0,21790.294723799565,6817.608442876641,3233.246976411967,0.36436170212765956,37.328457446808514,
2,11002,white_usv13,usv26,9064.0,True,1.0,33649.89124796869,5297.247927456025,9255.988409531281,0.7692307692307693,36.03846153846154,9837.3
2,11002,white_usv12,usv29,9331.0,True,1.0,22885.173426631754,-3033.4269314724515,-2563.390237470885,0.366120218579235,38.261475409836066,
2,11002,white_usv12,usv30,9331.0,True,1.0,21790.294723799565,-2657.884198212778,-2184.449107626453,0.3469945355191257,38.261475409836066,
2,11002,white_usv12,usv29,9331.0,True,1.0,22885.173426631754,-3033.4269314724515,-2563.390237470885,0.366120218579235,38.261475409836066,
2,11002,white_usv12,usv30,9331.0,True,1.0,21790.294723799565,-2657.884198212778,-2184.449107626453,0.3469945355191257,38.261475409836066,
2,11002,white_usv14,usv25,9331.0,True,1.0,25441.2242412609,3596.3675183412706,3029.166817691308,0.3797814207650273,39.95245901639344,
2,11002,white_usv15,usv22,9331.0,True,1.0,27881.770670702786,6932.17676378708,12963.218727709012,0.6142857142857143,49.70714285714284,11816.0
2,11002,white_usv13,usv27,9608.0,True,1.0,30336.41137434218,-3239.7995052487568,-3239.7995052487568,0.0,1.7400000000000033,9837.3
2,11002,white_usv14,usv27,9608.0,True,1.0,30119.378032124492,-723.5569245677834,-750.2629143235536,0.35492957746478876,39.72619718309859,
2,11002,white_usv15,usv24,9608.0,True,1.0,31450.739979778402,4808.494767906384,5047.195996173927,0.5423728813559322,58.96949152542371,11816.0
2,11002,white_usv14,usv25,9932.0,True,1.0,25441.2242412609,40.7874487913723,-3300.6141637799665,0.36416184971098264,38.21705202312139,
2,11002,white_usv18,usv12,9932.0,True,1.0,28669.15565349714,6341.048983644992,6478.601643515998,0.43641618497109824,59.42167630057804,
2,11002,white_usv19,usv8,9932.0,True,1.0,33090.2294278553,6115.7249914862405,7179.66564181861,0.5175438596491229,64.28684210526313,15633.0
2,11002,white_usv17,usv16,9932.0,True,1.0,25967.713105266103,6938.483290257493,7811.744398281204,0.3583815028901734,45.28179190751445,
2,11002,white_usv20,usv5,9932.0,True,0.7777777777777778,33431.16131171794,6430.656771739268,4488.955000346919,0.7692307692307693,34.494117647058815,10615.0
2,11002,white_usv12,usv28,9932.0,True,0.9884726224783862,16166.577282582099,5167.709816884686,-612.6764272210494,0.3742690058479532,39.43265895953758,
2,11002,white_usv16,usv18,9932.0,True,1.0,32956.6414515558,7307.689823806424,10829.036035653779,0.4,39.81103448275862,18730.1
2,11002,white_usv15,usv21,9932.0,True,0.9607843137254902,30010.8139384936,299.5053852447818,2104.4176114337824,0.4791666666666667,65.62799999999999,11816.0
2,11002,white_usv14,usv27,10266.0,True,1.0,30119.378032124492,-5620.298572454245,-7344.203571956903,0.34718100890207715,36.62640949554896,
2,11002,white_usv18,usv13,10266.0,True,0.9940828402366864,29918.05971971506,-358.8724677729915,-733.7470040048938,0.4059701492537313,60.30771513353116,
2,11002,white_usv19,usv6,10266.0,True,0.9433962264150944,30892.21412040279,535.4127522933559,1012.1385611166916,0.5252525252525253,69.22095238095237,15633.0
2,11002,white_usv14,usv25,10266.0,True,1.0,25441.2242412609,-5842.059315841769,-7897.49294092269,0.3590504451038576,36.62640949554896,
2,11002,white_usv17,usv15,10266.0,True,0.9911242603550295,16504.320764731456,739.364075083562,-70.62702610349515,0.3652694610778443,46.379525222551926,
2,11002,white_usv14,usv27,10266.0,True,1.0,30119.378032124492,-5620.298572454245,-7344.203571956903,0.34718100890207715,36.62640949554896,
2,11002,white_usv14,usv25,10266.0,True,1.0,25441.2242412609,-5842.059315841769,-7897.49294092269,0.3590504451038576,36.62640949554896,
2,11002,white_usv16,usv17,10266.0,True,0.9927007299270073,32431.97199881342,2347.0099792357505,2093.207082946901,0.37037037037037035,42.31617647058823,18730.1
2,11002,white_usv14,usv27,10266.0,True,1.0,30119.378032124492,-5620.298572454245,-7344.203571956903,0.34718100890207715,36.62640949554896,
2,11002,white_usv14,usv25,10266.0,True,1.0,25441.2242412609,-5842.059315841769,-7897.49294092269,0.3590504451038576,36.62640949554896,
2,11002,white_usv11,usv28,10266.0,True,1.0,11119.459389959982,6141.9276746277465,11646.144069689406,0.3768545994065282,33.49080118694363,
2,11002,white_usv14,usv27,10266.0,True,1.0,30119.378032124492,-5620.298572454245,-7344.203571956903,0.34718100890207715,36.62640949554896,
2,11002,white_usv20,usv6,10266.0,True,1.0,36754.14515639502,-696.4886878431134,-696.4886878431134,0.625,67.5375,10615.0
2,11002,white_usv14,usv25,10266.0,True,1.0,25441.2242412609,-5842.059315841769,-7897.49294092269,0.3590504451038576,36.62640949554896,
2,11002,white_usv14,usv28,10266.0,True,1.0,29226.041914225534,-4476.359194522553,-5962.928661002214,0.34718100890207715,36.62640949554896,
2,11002,white_usv15,usv23,10266.0,True,1.0,31849.76086984546,2837.0388941135643,422.102351913607,0.5365853658536586,67.33658536585365,11816.0
2,11002,white_usv18,usv11,10615.0,True,0.993920972644377,20154.38894933384,685.3195609710747,1279.3941094287147,0.4171779141104294,59.2484756097561,
2,11002,white_usv19,usv9,10615.0,True,0.9484536082474226,30558.011028141522,-25.10769271531899,-940.7731791060578,0.5274725274725275,64.67812499999997,15633.0
2,11002,white_usv17,usv16,10615.0,True,1.0,25967.713105266103,1047.5016330498547,679.2097211728251,0.3445121951219512,46.03475609756097,
2,11002,white_usv16,usv20,10615.0,True,1.0,33010.18446096157,1293.6627096488955,127.4810172716243,0.28346456692913385,39.72834645669291,18730.1
2,11002,white_usv14,usv24,10615.0,True,1.0,19841.97282422186,1045.7501348801816,6882.269581860586,0.38109756097560976,37.63109756097561,
2,11002,white_usv18,usv14,10615.0,True,0.9908814589665653,31395.333348206794,551.1571921590003,1483.2837272262404,0.38769230769230767,59.2484756097561,
2,11002,white_usv15,usv22,10615.0,True,1.0,27881.770670702786,-1758.7677797827491,-1098.03389624165,0.5,68.43749999999999,11816.0
2,11002,white_usv19,usv6,10972.0,True,0.9318181818181818,30892.21412040279,490.762007343852,-133.14320236166532,0.5185185185185185,61.36666666666664,15633.0
2,11002,white_usv17,usv17,10972.0,True,1.0,26322.852464033862,-153.30220983418985,-62.044451000590925,0.34169278996865204,45.04482758620689,
2,11002,white_usv12,usv21,10972.0,True,0.975,944.6053429709983,5234.547493064529,12140.820543729744,0.43729903536977494,40.27648902821317,
2,11002,white_usv11,usv23,10972.0,False,1.0,8297.03207111659,4991.437280629791,11461.436038976928,0.4263322884012539,35.37711598746081,
2,11002,white_usv16,usv18,10972.0,True,1.0,32956.6414515558,316.4849631750549,-377.85261030601396,0.3135593220338983,35.38644067796612,18730.1
2,11002,white_usv18,usv11,10972.0,True,0.99375,20154.38894933384,1111.1364019536486,120.66489876882406,0.41324921135646686,58.16050156739811,
2,11002,white_usv15,usv20,10972.0,True,1.0,32422.246829162497,-1346.6663642196727,1571.4070730331368,0.4782608695652174,62.98695652173911,11816.0
2,11002,white_usv19,usv8,11306.0,True,1.0,33090.2294278553,733.1525567490098,-1318.0209146060588,0.45454545454545453,60.38701298701299,15633.0
2,11002,white_usv17,usv14,11306.0,True,1.0,16324.303690737073,291.54253242764025,-1761.6544697995341,0.3656957928802589,43.622330097087385,
2,11002,white_usv16,usv19,11306.0,True,0.9908256880733946,29736.18128050588,73.69381145001535,854.7243669758172,0.308411214953271,30.51203703703705,18730.1
2,11002,white_usv11,usv24,11306.0,True,1.0,6206.967024179444,5905.831181452631,11587.4953673708,0.39158576051779936,36.029126213592235,
2,11002,white_usv18,usv12,11306.0,True,1.0,28669.15565349714,-388.97803352138726,-85.37307751816115,0.4077669902912621,57.225242718446594,
2,11002,white_usv15,usv22,11306.0,True,1.0,27881.770670702786,4240.140653212504,5395.029006241482,0.6923076923076923,41.4153846153846,11816.0
2,11002,white_usv19,usv7,11635.0,True,1.0,33098.606300255626,-113.2224644801172,-1939.3212551467586,0.47058823529411764,58.07352941176471,15633.0
2,11002,white_usv17,usv15,11635.0,True,1.0,16504.320764731456,-727.3656678614498,1280.0174968809915,0.35,43.02866666666666,
2,11002,white_usv12,usv24,11635.0,True,1.0,8710.177526451025,5434.801692998924,10870.131266988581,0.37666666666666665,42.404333333333334,
2,11002,white_usv16,usv18,11635.0,True,1.0,32956.6414515558,-1054.6489208667263,-3718.2918781894696,0.26262626262626265,22.477777777777778,18730.1
2,11002,white_usv16,usv19,11635.0,True,0.99,29736.18128050588,697.7251694832958,-922.4938508489577,0.2755102040816326,22.477777777777778,18730.1
2,11002,white_usv14,usv22,11635.0,True,1.0,14240.782441512574,6860.588724044894,10806.960592035299,0.4,39.297000000000004,
2,11002,white_usv12,usv21,11635.0,True,0.973421926910299,944.6053429709983,5232.39938367554,11533.987349609677,0.4006849315068493,42.404333333333334,
2,11002,white_usv11,usv20,11635.0,False,1.0,5109.715952634119,5274.97069713832,10854.276305883344,0.43,37.11,
2,11002,white_usv18,usv13,11635.0,True,0.9933554817275747,29918.05971971506,336.0576971575283,698.7239129187001,0.3926174496644295,56.04633333333334,
2,11002,white_usv19,usv6,11975.0,True,0.9482758620689655,30892.21412040279,-748.6419550716746,491.00809551103157,0.5,56.81754385964913,15633.0
2,11002,white_usv17,usv14,11975.0,True,1.0,16324.303690737073,866.8846909453423,-3545.6347319823835,0.3633217993079585,42.83010380622837,
2,11002,white_usv16,usv15,11975.0,True,1.0,24680.293902455545,2605.72437833195,1394.5845326016351,0.4090909090909091,15.06022727272727,18730.1
2,11002,white_usv11,usv22,11975.0,True,1.0,271.8874930251653,5868.569360831469,12010.25565505707,0.3806228373702422,37.959169550173016,
2,11002,white_usv14,usv21,11975.0,True,0.9896551724137931,10861.281901144175,1011.381567215547,8057.146622955064,0.3951048951048951,40.72560553633218,
2,11002,white_usv12,usv22,11975.0,True,1.0,3815.840747132789,6021.171717645426,12162.661167787592,0.3806228373702422,43.463321799307955,
2,11002,white_usv18,usv11,11975.0,True,0.993103448275862,20154.38894933384,410.0390937247503,902.7990705450648,0.40418118466898956,54.47612456747405,
2,11002,white_usv19,usv10,12359.0,True,1.0,32634.404433559645,1519.4452440478453,1081.4856581821732,0.5106382978723404,49.976595744680864,15633.0
2,11002,white_usv17,usv13,12359.0,True,1.0,14890.674698292478,-5428.082093141376,-6422.087770951002,0.36917562724014336,41.17455197132617,
2,11002,white_usv17,usv14,12359.0,True,1.0,16324.303690737073,-5479.998122568621,-6437.5675517923155,0.3548387096774194,41.17455197132617,
2,11002,white_usv16,usv19,12359.0,True,1.0,29736.18128050588,-3875.7761549775532,-8944.950599233554,0.1794871794871795,10.530769230769224,18730.1
2,11002,white_usv17,usv13,12359.0,True,1.0,14890.674698292478,-5428.082093141376,-6422.087770951002,0.36917562724014336,41.17455197132617,
2,11002,white_usv11,usv21,12359.0,True,1.0,2848.5301070913874,5401.766834293303,11506.605342846367,0.3727598566308244,39.3068100358423,
2,11002,white_usv16,usv15,12359.0,True,1.0,24680.293902455545,-4827.92465041262,-10993.920600433921,0.3717948717948718,10.530769230769224,18730.1
2,11002,white_usv17,usv15,12359.0,True,1.0,16504.320764731456,-5136.005401214548,-6033.530224219539,0.33691756272401435,41.17455197132617,
2,11002,white_usv16,usv19,12359.0,True,1.0,29736.18128050588,-3875.7761549775532,-8944.950599233554,0.1794871794871795,10.530769230769224,18730.1
2,11002,white_usv17,usv14,12359.0,True,1.0,16324.303690737073,-5479.998122568621,-6437.5675517923155,0.3548387096774194,41.17455197132617,
2,11002,white_usv16,usv15,12359.0,True,1.0,24680.293902455545,-4827.92465041262,-10993.920600433921,0.3717948717948718,10.530769230769224,18730.1
2,11002,white_usv14,usv22,12359.0,True,1.0,14240.782441512574,5418.490259329159,440.18732901071417,0.3655913978494624,40.90860215053763,
2,11002,white_usv17,usv15,12359.0,True,1.0,16504.320764731456,-5136.005401214548,-6033.530224219539,0.33691756272401435,41.17455197132617,
2,11002,white_usv12,usv21,12359.0,True,1.0,944.6053429709983,5603.477191544764,11801.240365563099,0.3727598566308244,45.01433691756272,
2,11002,white_usv16,usv19,12359.0,True,1.0,29736.18128050588,-3875.7761549775532,-8944.950599233554,0.1794871794871795,10.530769230769224,18730.1
2,11002,white_usv14,usv21,12359.0,True,1.0,10861.281901144175,6281.513088882784,1554.173349778066,0.3870967741935484,40.90860215053763,
2,11002,white_usv17,usv14,12359.0,True,1.0,16324.303690737073,-5479.998122568621,-6437.5675517923155,0.3548387096774194,41.17455197132617,
2,11002,white_usv18,usv13,12359.0,True,1.0,29918.05971971506,2.206176920357393,-2146.594615888418,0.3835125448028674,52.01827956989248,
2,11002,white_usv16,usv15,12359.0,True,1.0,24680.293902455545,-4827.92465041262,-10993.920600433921,0.3717948717948718,10.530769230769224,18730.1
2,11002,white_usv17,usv15,12359.0,True,1.0,16504.320764731456,-5136.005401214548,-6033.530224219539,0.33691756272401435,41.17455197132617,
2,11002,white_usv18,usv11,12359.0,True,1.0,20154.38894933384,1589.4177718724168,1070.9011942966754,0.3978494623655914,52.01827956989248,
2,11002,white_usv19,usv9,12359.0,True,0.9583333333333334,30558.011028141522,1258.408954150953,2413.028043724731,0.5333333333333333,49.976595744680864,15633.0
2,11002,white_usv16,usv21,12359.0,True,1.0,29245.43080964717,-1111.4481516475353,-4072.786593518409,0.16666666666666666,10.530769230769224,18730.1
2,11002,white_usv19,usv10,12359.0,True,1.0,32634.404433559645,1519.4452440478453,1081.4856581821732,0.5106382978723404,49.976595744680864,15633.0
2,11002,white_usv12,usv22,12748.0,True,1.0,3815.840747132789,4813.708306689172,11843.343713219147,0.337037037037037,46.49740740740741,
2,11002,white_usv11,usv22,12748.0,True,1.0,271.8874930251653,4825.121309896622,11878.665935455954,0.337037037037037,40.59703703703704,
2,11002,white_usv14,usv22,12748.0,True,1.0,14240.782441512574,-4774.678207236291,-5794.5625148045,0.35185185185185186,41.6037037037037,
2,11002,white_usv12,usv21,12748.0,True,1.0,944.6053429709983,4857.812524490106,11997.391185326142,0.35185185185185186,46.49740740740741,
2,11002,white_usv11,usv21,12748.0,True,1.0,2848.5301070913874,4857.8312510332835,11997.442777377837,0.35185185185185186,40.59703703703704,
2,11002,white_usv14,usv21,12748.0,True,1.0,10861.281901144175,-4857.896291190871,-5888.348271110332,0.37037037037037035,41.6037037037037,
2,11002,white_usv18,usv9,12748.0,True,1.0,15933.118578656944,-1880.678430014319,2954.701815438915,0.4,51.75333333333333,
2,11002,white_usv19,usv6,12748.0,True,0.9487179487179487,30892.21412040279,2261.0472206461563,-236.78958926651103,0.4722222222222222,48.694736842105264,15633.0
2,11002,white_usv17,usv11,12748.0,True,1.0,10851.142912617515,3655.8523596228624,10226.72333097746,0.40370370370370373,42.54703703703704,
2,11002,white_usv18,usv10,13346.0,True,1.0,18545.915089017646,-4496.6800718692575,-3145.8607143950685,0.38697318007662834,52.08390804597702,
2,11002,white_usv18,usv9,13346.0,True,1.0,15933.118578656944,-4561.990353350135,-3585.140764834141,0.3946360153256705,52.08390804597702,
2,11002,white_usv19,usv5,13346.0,True,1.0,30528.650503661887,4025.0592102695628,-1196.4615793765188,0.5172413793103449,43.775862068965516,15633.0
2,11002,white_usv12,usv4,13346.0,False,0.9923664122137404,43039.882232759046,3071.499528686676,8913.638868285649,0.4749034749034749,48.1007662835249,
2,11002,white_usv18,usv11,13346.0,True,1.0,20154.38894933384,-4304.119659202839,-2621.3615380120427,0.3831417624521073,52.08390804597702,
2,11002,white_usv11,usv6,13346.0,False,1.0,36867.0483715487,2992.4752402231243,9188.469442274305,0.4444444444444444,41.996934865900386,
2,11002,white_usv16,usv10,13346.0,False,1.0,19596.528317979246,1894.900011527061,7154.576819267706,0.6833333333333333,8.496666666666668,18730.1
2,11002,white_usv18,usv10,13346.0,True,1.0,18545.915089017646,-4496.6800718692575,-3145.8607143950685,0.38697318007662834,52.08390804597702,
2,11002,white_usv14,usv9,13346.0,False,1.0,29069.49904552399,2423.553722819008,7731.755753726931,0.4559386973180077,42.349808429118774,
2,11002,white_usv17,usv10,13346.0,True,1.0,11333.625046240484,4538.326502745622,9079.787624375553,0.40229885057471265,43.122605363984675,
2,11002,white_usv18,usv9,13346.0,True,1.0,15933.118578656944,-4561.990353350135,-3585.140764834141,0.3946360153256705,52.08390804597702,
2,11002,white_usv16,usv2,13346.0,True,0.9344262295081968,23129.41521311785,3001.8259167890938,8052.661094621959,0.9107142857142857,8.496666666666668,18730.1
2,11002,white_usv17,usv9,13346.0,True,1.0,9407.893850378345,4458.603895300759,8561.68057374526,0.41762452107279696,43.122605363984675,
2,11002,white_usv18,usv3,13346.0,True,0.9923664122137404,27862.011681457803,-3509.469736200357,-1178.1966863223352,0.40540540540540543,52.08390804597702,
2,11002,white_usv14,usv1,13346.0,False,0.14885496183206107,86636.29673493883,1627.932580351975,7642.793950392777,1.0,42.349808429118774,
2,11002,white_usv11,usv4,14111.0,False,1.0,48872.43502872101,4198.872128225092,9942.178813335384,0.450199203187251,42.54501992031872,
2,11002,white_usv17,usv5,14111.0,False,1.0,12001.676911685812,4335.191440414077,10345.19132230823,0.41434262948207173,44.65338645418327,
2,11002,white_usv19,usv4,14111.0,True,1.0,28366.38565021593,-3796.2332156289485,-1471.1017955118805,0.5263157894736842,38.95789473684211,15633.0
2,11002,white_usv18,usv5,14726.0,True,1.0,18720.126725018818,4780.9552708151095,8715.368764858245,0.371900826446281,55.26322314049587,
2,11002,white_usv18,usv3,14726.0,True,1.0,27862.011681457803,4915.515239309505,9194.062785930211,0.3760330578512397,55.26322314049587,
2,11002,white_usv17,usv3,14726.0,True,1.0,22777.99999619881,4113.3851060175075,9579.21261551734,0.4090909090909091,45.965702479338844,
2,11002,white_usv18,usv4,14726.0,True,1.0,22386.205193047175,4921.67404496159,9001.505580586032,0.371900826446281,55.26322314049587,
2,11002,white_usv19,usv3,14726.0,True,1.0,31346.65865200977,729.7930129287488,7342.834678654559,0.8,54.8,15633.0
2,11002,white_usv18,usv3,14726.0,True,1.0,27862.011681457803,4915.515239309505,9194.062785930211,0.3760330578512397,55.26322314049587,
2,11002,white_usv18,usv4,14726.0,True,1.0,22386.205193047175,4921.67404496159,9001.505580586032,0.371900826446281,55.26322314049587,
2,11002,white_usv19,usv2,15384.0,True,1.0,36236.46641669257,-1549.1593051171221,-1549.1593051171221,0.0,0.0,15633.0
2,11002,white_usv17,usv4,15384.0,True,1.0,16767.989323524456,3517.2232487201254,11747.752923014727,0.36909871244635195,46.967811158798284,
2,11002,white_usv17,usv3,15384.0,True,1.0,22777.99999619881,3519.9921149585934,11493.626913456785,0.38626609442060084,46.967811158798284,
2,11002,white_usv12,usv2,15384.0,False,0.9914529914529915,55044.93998068569,3355.9432248406665,9917.616793683454,0.42857142857142855,53.08369098712446,
2,11002,white_usv18,usv3,15384.0,True,1.0,27862.011681457803,-3507.522463575442,506.4796940084125,0.3605150214592275,55.95879828326181,
2,11002,white_usv11,usv1,15384.0,False,0.05982905982905983,79325.68543246282,3336.0172666383005,9725.098725547723,0.9230769230769231,45.40214592274678,
2,11002,white_usv16,usv3,16237.0,True,1.0,17120.609518963996,5685.326489680563,10684.718222199874,0.6086956521739131,11.891304347826084,18730.1
2,11002,white_usv18,usv2,16237.0,True,0.9911111111111112,34116.841295040394,3591.517450234489,6427.078206544036,0.36036036036036034,56.651785714285715,
2,11002,white_usv16,usv2,16237.0,True,0.9166666666666666,23129.41521311785,3634.986500614061,10914.252475788693,0.7619047619047619,11.891304347826084,18730.1
2,11002,white_usv17,usv1,16237.0,False,0.022222222222222223,47709.66732407365,-3896.1660293454843,-3662.603513362177,0.5,48.035714285714285,
2,11002,white_usv17,usv2,17200.0,True,1.0,28776.925362078797,5558.6538549071265,7607.984604651017,0.3627906976744186,48.22976744186046,
3,11002,white_usv8,usv20,6631.0,True,0.9965576592082617,13302.845797640886,5071.9138998562485,5155.977011882715,0.3915298184961106,48.28010335917313,
3,11002,white_usv9,usv20,6631.0,False,0.9955995599559956,5567.841979284323,6545.429615084751,12257.2436268179,0.3860619469026549,37.25903083700441,35859.1
3,11002,white_usv10,usv20,6631.0,False,0.9646017699115044,55353.43524707575,6391.015359031182,12091.814768390075,0.9074074074074074,3.1598214285714272,10020.5
3,11002,white_usv16,usv19,6631.0,False,0.9604130808950087,60693.03280858532,537.389244223421,537.389244223421,0.4430493273542601,56.32575366063738,
3,11002,white_usv17,usv19,6631.0,False,0.9604130808950087,64310.90663461359,509.1751249684021,509.1751249684021,0.4304932735426009,53.77174849267872,
3,11002,white_usv4,usv19,6631.0,False,0.06666666666666667,110271.07293306179,322.2454745534196,322.2454745534196,1.0,5.26896551724138,7535.7
3,11002,white_usv8,usv19,7842.0,True,0.9928698752228164,1441.3995724337437,5121.138901529179,4881.128743284542,0.3935309973045822,48.67823371989296,
3,11002,white_usv9,usv19,7842.0,True,0.9907940161104718,4980.2314003241645,5962.805198579837,11977.76846476498,0.36627906976744184,38.908410138248854,35859.1
3,11002,white_usv10,usv19,7842.0,False,0.8904109589041096,61247.06575677339,6007.057118734665,12028.39434655357,0.84375,4.040277777777778,10020.5
3,11002,white_usv16,usv11,8155.0,False,0.9829290206648698,42225.160010527026,7268.110476615766,13303.498162918608,0.4181152790484904,58.77895683453238,
3,11002,white_usv17,usv11,8155.0,False,0.9829290206648698,30321.847070927673,7464.661749985549,13656.17128047745,0.4025617566331198,56.0820143884892,
3,11002,white_usv18,usv12,8155.0,True,0.9841849148418491,13684.258414958014,7229.244081030818,13234.658866970298,0.3774752475247525,43.71498172959805,34623.0
3,11002,white_usv20,usv11,8155.0,False,0.7466666666666667,60325.93799746775,6257.323775675875,11541.241389790739,1.0,0.9972972972972974,10390.0
3,11002,white_usv2,usv12,8155.0,False,0.9,105112.6891923281,5074.387598788744,5074.387598788744,1.0,9.155555555555559,8452.1
3,11002,white_usv19,usv12,8155.0,True,0.9848837209302326,3064.0875660824454,6643.291696037806,12223.928960989142,0.3971631205673759,37.86332945285215,35859.1
3,11002,white_usv1,usv14,8155.0,False,0.9411764705882353,138345.90816191453,5761.718869792938,12120.749351587408,1.0,1.6820000000000004,9654.3
3,11002,white_usv12,usv15,8155.0,False,0.9964788732394366,71016.70278857068,5923.262476392527,12448.660305738245,0.41037735849056606,44.40470035252643,35563.2
3,11002,white_usv11,usv13,8155.0,False,0.9245283018867925,177376.73610501128,5566.130643004377,11876.02136504912,1.0,1.6403846153846122,9706.9
3,11002,white_usv14,usv14,8155.0,False,0.9973045822102425,34686.72450086258,6487.640149873696,13620.965895238172,0.436429215509468,45.35539568345325,
3,11002,white_usv13,usv13,8155.0,False,0.9928825622775801,69094.69759049332,5971.747168291156,12687.741295313957,0.4043062200956938,35.0270783847981,35260.5
3,11002,white_usv15,usv16,8155.0,True,0.9964061096136568,21022.20940183567,7171.241747675609,14686.355196536082,0.4232851985559567,45.529496402877704,
3,11002,white_usv18,usv11,9347.0,True,0.998719590268886,10157.977300293975,4371.906105983049,4805.0635506418475,0.35430038510911427,45.969487179487174,34623.0
3,11002,white_usv8,usv15,9347.0,False,1.0,40614.11213458433,4980.950639250019,8162.896288188851,0.3996265172735761,49.49953314659198,
3,11002,white_usv9,usv17,9347.0,True,1.0,24980.926568692852,3717.443355793861,2682.5987003363407,0.33863080684596575,41.12481662591688,35859.1
3,11002,white_usv10,usv12,9347.0,False,0.8695652173913043,128586.5119209199,4493.585429338578,5134.977242713241,1.0,7.104545454545453,10020.5
3,11002,white_usv9,usv18,9347.0,True,0.9963369963369964,14974.993096908545,2580.4431265613603,-465.8341767336897,0.3312883435582822,41.12481662591688,35859.1
3,11002,white_usv8,usv18,9347.0,True,0.9972014925373134,10606.959804786891,5980.554312757893,4966.200693427862,0.3857677902621723,49.49953314659198,
3,11002,white_usv17,usv12,9347.0,True,0.9972014925373134,21181.53364498962,7035.383158213801,11758.107713243975,0.4054307116104869,58.21923436041083,
3,11002,white_usv15,usv18,9634.0,True,1.0,23180.1693242541,6402.417103678868,5575.148810196566,0.3964218455743879,47.6484934086629,
3,11002,white_usv14,usv18,9893.0,True,1.0,20883.106146612918,4753.596912606939,8827.84513569008,0.405893536121673,47.88526615969583,
3,11002,white_usv15,usv17,9893.0,True,1.0,19446.343777609447,1322.9389220627709,4465.16830878902,0.3925855513307985,48.075380228136886,
3,11002,white_usv17,usv13,9893.0,True,0.9981006647673314,15326.49380891368,1905.9027235982212,95.9749410809527,0.39904761904761904,59.08545627376425,
3,11002,white_usv19,usv11,9893.0,True,1.0,5684.782004538822,5646.759816111691,11679.02553307364,0.35294117647058826,40.62916145181477,35859.1
3,11002,white_usv18,usv12,9893.0,True,1.0,13684.258414958014,741.8487319306296,3369.8906914714753,0.3455978975032852,45.91773981603154,34623.0
3,11002,white_usv14,usv17,9893.0,True,1.0,16846.12188462059,6628.798929750075,11232.789568156368,0.405893536121673,47.88526615969583,
3,11002,white_usv16,usv14,10218.0,True,1.0,21253.67738888205,6960.144251121368,6819.754291727862,0.4034582132564842,62.75773294908742,
3,11002,white_usv15,usv16,10218.0,True,1.0,21022.20940183567,4011.494280097293,3041.5586705235983,0.3909702209414025,47.90797310278579,
3,11002,white_usv17,usv12,10218.0,True,1.0,21181.53364498962,-849.7044787970517,1282.8880545607717,0.39481268011527376,59.20585975024015,
3,11002,white_usv18,usv13,10218.0,True,0.9986684420772304,22422.822361272352,-723.8858179143062,-4858.932816084816,0.3404539385847797,45.89053333333334,34623.0
3,11002,white_usv18,usv11,10218.0,True,1.0,10157.977300293975,-769.1784499551177,-5854.22520600144,0.34,45.89053333333334,34623.0
3,11002,white_usv8,usv12,10218.0,False,1.0,70614.88908438587,4948.681792774718,11020.824621883818,0.3813640730067243,50.42776176753123,
3,11002,white_usv9,usv14,10218.0,False,1.0,54980.922205866314,4806.61622743911,10861.15378214077,0.34390862944162437,40.658248730964466,35859.1
3,11002,white_usv16,usv15,10557.0,True,1.0,19492.29871453809,2608.393139202846,1168.4455629532677,0.39961202715809896,63.15499515033948,
3,11002,white_usv15,usv17,10557.0,True,1.0,19446.343777609447,807.0917531443447,-4492.902161044542,0.3879728419010669,47.83346265761397,
3,11002,white_usv17,usv13,10557.0,True,0.999031007751938,15326.49380891368,1352.279893339255,6789.787403721504,0.3970873786407767,58.57468477206595,
3,11002,white_usv15,usv16,10557.0,True,1.0,21022.20940183567,849.4465952657265,-4225.4605027515645,0.3879728419010669,47.83346265761397,
3,11002,white_usv18,usv12,10557.0,True,1.0,13684.258414958014,-3161.297393390407,3258.7025329361713,0.34054054054054056,46.26702702702703,34623.0
3,11002,white_usv19,usv12,10557.0,True,1.0,3064.0875660824454,5505.307924460874,11908.200431557052,0.3444730077120823,41.72532133676093,35859.1
3,11002,white_usv8,usv17,10557.0,True,1.0,20613.989626737657,5497.942335700936,11158.782323059211,0.37536372453928224,50.74742967992241,
3,11002,white_usv9,usv17,10557.0,True,1.0,24980.926568692852,5499.703851879531,11105.823188885166,0.3264781491002571,40.942030848329054,35859.1
3,11002,white_usv8,usv14,10557.0,False,1.0,50613.59613827025,5496.178249693359,11042.03797589636,0.38118331716779824,50.74742967992241,
3,11002,white_usv9,usv16,10557.0,True,1.0,34981.49828461249,5497.314612654736,11018.746608501322,0.33033419023136246,40.942030848329054,35859.1
3,11002,white_usv16,usv14,10902.0,True,1.0,21253.67738888205,-377.33655437322886,-840.869398314564,0.39823874755381605,63.022309197651666,
3,11002,white_usv14,usv14,10902.0,False,1.0,34686.72450086258,6340.85015023678,12107.625476634523,0.39823874755381605,48.879452054794534,
3,11002,white_usv17,usv12,10902.0,True,1.0,21181.53364498962,5057.5608637379555,7942.472988627109,0.3943248532289628,58.36947162426613,
3,11002,white_usv15,usv15,10902.0,True,1.0,25361.342815485226,-4488.839413987502,-652.7949813948944,0.38649706457925637,47.90244618395304,
3,11002,white_usv17,usv13,10902.0,True,1.0,15326.49380891368,5437.507510382249,9005.46028609026,0.3972602739726027,58.36947162426613,
3,11002,white_usv19,usv13,10902.0,True,1.0,13063.850108402203,5662.543468406231,11124.552289392508,0.3433029908972692,42.213654096228865,35859.1
3,11002,white_usv15,usv16,10902.0,True,1.0,21022.20940183567,-5650.474913328959,-2839.0165776395297,0.38649706457925637,47.90244618395304,
3,11002,white_usv17,usv12,10902.0,True,1.0,21181.53364498962,5057.5608637379555,7942.472988627109,0.3943248532289628,58.36947162426613,
3,11002,white_usv19,usv12,10902.0,True,1.0,3064.0875660824454,5801.223462380782,11491.390149154588,0.3368010403120936,42.213654096228865,35859.1
3,11002,white_usv17,usv13,10902.0,True,1.0,15326.49380891368,5437.507510382249,9005.46028609026,0.3972602739726027,58.36947162426613,
3,11002,white_usv19,usv13,10902.0,True,1.0,13063.850108402203,5662.543468406231,11124.552289392508,0.3433029908972692,42.213654096228865,35859.1
3,11002,white_usv17,usv12,10902.0,True,1.0,21181.53364498962,5057.5608637379555,7942.472988627109,0.3943248532289628,58.36947162426613,
3,11002,white_usv19,usv12,10902.0,True,1.0,3064.0875660824454,5801.223462380782,11491.390149154588,0.3368010403120936,42.213654096228865,35859.1
3,11002,white_usv17,usv13,10902.0,True,1.0,15326.49380891368,5437.507510382249,9005.46028609026,0.3972602739726027,58.36947162426613,
3,11002,white_usv18,usv13,10902.0,True,1.0,22422.822361272352,5734.828502962926,11257.413940564922,0.34062927496580025,46.5920656634747,34623.0
3,11002,white_usv19,usv13,10902.0,True,1.0,13063.850108402203,5662.543468406231,11124.552289392508,0.3433029908972692,42.213654096228865,35859.1
3,11002,white_usv17,usv12,10902.0,True,1.0,21181.53364498962,5057.5608637379555,7942.472988627109,0.3943248532289628,58.36947162426613,
3,11002,white_usv18,usv12,10902.0,True,1.0,13684.258414958014,5817.999929302157,11535.99982975124,0.34062927496580025,46.5920656634747,34623.0
3,11002,white_usv19,usv12,10902.0,True,1.0,3064.0875660824454,5801.223462380782,11491.390149154588,0.3368010403120936,42.213654096228865,35859.1
3,11002,white_usv14,usv16,10902.0,True,1.0,18793.80586745865,5662.004257779998,11184.756981840314,0.39823874755381605,48.879452054794534,
3,11002,white_usv17,usv13,10902.0,True,1.0,15326.49380891368,5437.507510382249,9005.46028609026,0.3972602739726027,58.36947162426613,
3,11002,white_usv18,usv13,10902.0,True,1.0,22422.822361272352,5734.828502962926,11257.413940564922,0.34062927496580025,46.5920656634747,34623.0
3,11002,white_usv19,usv13,10902.0,True,1.0,13063.850108402203,5662.543468406231,11124.552289392508,0.3433029908972692,42.213654096228865,35859.1
3,11002,white_usv16,usv15,10902.0,True,1.0,19492.29871453809,-494.82880978928733,600.3368533068278,0.39823874755381605,63.022309197651666,
3,11002,white_usv17,usv15,10902.0,True,1.0,20170.83483888172,5826.711974086174,10421.424058504192,0.3972602739726027,58.36947162426613,
3,11002,white_usv19,usv14,11267.0,True,1.0,23064.455985423123,5012.732968167031,10087.053842849109,0.3394736842105263,42.71355263157895,35859.1
3,11002,white_usv8,usv16,11267.0,True,1.0,30613.786997554456,5463.937746619413,9118.84337089453,0.368213228035538,51.46722606120435,
3,11002,white_usv19,usv13,11267.0,True,1.0,13063.850108402203,5191.374374607611,10464.095333029196,0.3355263157894737,42.71355263157895,35859.1
3,11002,white_usv19,usv14,11267.0,True,1.0,23064.455985423123,5012.732968167031,10087.053842849109,0.3394736842105263,42.71355263157895,35859.1
3,11002,white_usv14,usv15,11267.0,True,1.0,23985.66767224978,6170.322142665071,11890.266964667684,0.3928923988153998,49.249160908193495,
3,11002,white_usv18,usv14,11267.0,True,1.0,32079.787076642482,4921.707905158131,9896.873336980163,0.33240997229916897,47.17285318559557,34623.0
3,11002,white_usv16,usv14,11267.0,True,1.0,21253.67738888205,311.6753095236563,5703.561836440927,0.39881539980256664,62.53257650542942,
3,11002,white_usv17,usv14,11267.0,True,1.0,15475.025316123607,2192.860113004812,7592.955301595539,0.39190523198420535,58.71046396841065,
3,11002,white_usv15,usv15,11267.0,True,1.0,25361.342815485226,6310.76254563441,11726.405906538246,0.3899308983218164,48.1502467917078,
3,11002,white_usv16,usv15,11267.0,True,1.0,19492.29871453809,1825.4407168723483,7545.433743463665,0.39881539980256664,62.53257650542942,
3,11002,white_usv17,usv15,11267.0,True,1.0,20170.83483888172,3133.4971915635833,8853.453807746035,0.39190523198420535,58.71046396841065,
3,11002,white_usv16,usv14,11267.0,True,1.0,21253.67738888205,311.6753095236563,5703.561836440927,0.39881539980256664,62.53257650542942,
3,11002,white_usv17,usv14,11267.0,True,1.0,15475.025316123607,2192.860113004812,7592.955301595539,0.39190523198420535,58.71046396841065,
3,11002,white_usv8,usv14,11267.0,False,1.0,50613.59613827025,5463.998080997459,9126.604300315288,0.37018756169792694,51.46722606120435,
3,11002,white_usv16,usv15,11670.0,True,1.0,19492.29871453809,5333.992526648239,11492.864335784423,0.39581256231306083,62.276071784646064,
3,11002,white_usv17,usv15,11670.0,True,1.0,20170.83483888172,5333.95350720195,11018.637863045431,0.38783649052841473,58.54556331006978,
3,11002,white_usv16,usv14,11670.0,True,1.0,21253.67738888205,4985.743767383312,10788.382888555909,0.39581256231306083,62.276071784646064,
3,11002,white_usv17,usv14,11670.0,True,1.0,15475.025316123607,4983.515712652828,10587.271493956825,0.38783649052841473,58.54556331006978,
3,11002,white_usv16,usv15,11670.0,True,1.0,19492.29871453809,5333.992526648239,11492.864335784423,0.39581256231306083,62.276071784646064,
3,11002,white_usv17,usv15,11670.0,True,1.0,20170.83483888172,5333.95350720195,11018.637863045431,0.38783649052841473,58.54556331006978,
3,11002,white_usv16,usv14,11670.0,True,1.0,21253.67738888205,4985.743767383312,10788.382888555909,0.39581256231306083,62.276071784646064,
3,11002,white_usv17,usv14,11670.0,True,1.0,15475.025316123607,4983.515712652828,10587.271493956825,0.38783649052841473,58.54556331006978,
3,11002,white_usv16,usv15,11670.0,True,1.0,19492.29871453809,5333.992526648239,11492.864335784423,0.39581256231306083,62.276071784646064,
3,11002,white_usv17,usv15,11670.0,True,1.0,20170.83483888172,5333.95350720195,11018.637863045431,0.38783649052841473,58.54556331006978,
3,11002,white_usv19,usv15,11670.0,True,1.0,33064.39996290392,4405.279808012587,8119.216245528434,0.3373333333333333,43.28306666666666,35859.1
3,11002,white_usv12,usv22,35115.0,True,0.5384615384615384,17503.514620381244,447.64318216764514,447.64318216764514,0.3333333333333333,14.783333333333337,35563.2
3,11002,white_usv8,usv22,35115.0,True,0.9781021897810219,32943.330371793236,2567.511230517135,-2767.6223030234687,0.4868913857677903,67.94871794871794,
3,11002,white_usv9,usv22,35115.0,True,0.7142857142857143,32096.72392427723,-1222.0830611590318,-4748.1476935165665,0.14285714285714285,30.130000000000006,35859.1
3,11002,white_usv16,usv21,35115.0,False,0.9708029197080292,48978.90890759002,6206.918206031725,12613.32788155097,0.5245283018867924,70.47032967032968,
3,11002,white_usv14,usv21,35115.0,True,0.9708029197080292,32708.314323905193,6590.678166732643,3626.891749247239,0.5169811320754717,65.14065934065934,
3,11002,white_usv15,usv21,35115.0,True,0.9708029197080292,33259.29205704393,6601.4351391065065,1921.3050532405614,0.5094339622641509,65.13406593406593,
3,11002,white_usv17,usv22,35434.0,False,1.0,72968.20396950205,3296.1965551317844,9850.195969328022,0.5247148288973384,67.01140684410646,
3,11002,white_usv8,usv21,35434.0,True,1.0,23763.307969994443,-1095.243481789781,-7363.686622397756,0.4790874524714829,67.57338403041825,
3,11002,white_usv9,usv21,35434.0,True,1.0,24635.122356336444,-720.3838427358496,-2243.7278058642514,0.2,37.150000000000006,35859.1
3,11002,white_usv8,usv22,35772.0,True,1.0,36522.06240812743,-4641.336061326758,-11813.575658881025,0.4901185770750988,68.78695652173913,
3,11002,white_usv9,usv22,35772.0,True,1.0,36844.8716177938,,,0.0,0.0,35859.1
3,11002,white_usv8,usv21,35772.0,True,1.0,26680.385896289314,-4659.999998870557,-11853.999997665218,0.4901185770750988,68.78695652173913,
3,11002,white_usv8,usv22,35772.0,True,1.0,36522.06240812743,-4641.336061326758,-11813.575658881025,0.4901185770750988,68.78695652173913,
3,11002,white_usv8,usv21,35772.0,True,1.0,26680.385896289314,-4659.999998870557,-11853.999997665218,0.4901185770750988,68.78695652173913,
4,11002,white_usv8,usv19,5839.0,False,0.05005107252298264,18282.61559921877,691.6209791378715,691.6209791378715,0.4583333333333333,66.29775051124743,32440.0
4,11002,white_usv9,usv19,5839.0,False,0.041737649063032366,46136.345325159076,642.8936021416594,642.8936021416594,0.5,63.404433077578865,
4,11002,white_usv6,usv19,5839.0,False,0.2,56299.01951554475,548.8957627074487,548.8957627074487,1.0,7.055555555555555,6141.4
4,11002,white_usv5,usv19,6141.0,False,0.0,,,,0.0,0.0,6644.0
4,11002,white_usv8,usv20,28089.0,True,0.9463087248322147,17018.223192838082,-2201.7782308574206,-7845.906911835882,0.5214285714285715,60.73513513513513,32440.0
4,11002,white_usv9,usv20,28089.0,True,0.9767441860465116,22473.846454234237,5568.7417709921865,603.9101011177991,0.5432835820895522,59.137026239067055,
4,11002,white_usv14,usv20,28089.0,True,0.9466666666666667,20977.263252558845,-2939.467128406741,-8584.723355132657,0.5177304964539007,43.49127516778523,32466.0
4,11002,white_usv18,usv11,28089.0,True,0.9395973154362416,19223.13842424475,-1449.156578019294,-7324.375963168179,0.5035971223021583,54.43783783783783,32440.0
4,11002,white_usv19,usv11,28089.0,True,0.9738372093023255,26385.172786536343,6671.638355660136,12880.891693261146,0.47305389221556887,55.43731778425657,
4,11002,white_usv4,usv11,28089.0,True,0.94,18395.189349690816,-1163.5094035132315,-7040.815197181928,0.4642857142857143,39.56778523489933,32466.0
4,11002,white_usv3,usv10,33012.0,True,0.9595375722543352,33292.5880035993,6443.737094129807,2987.448998875043,0.5212121212121212,57.61162790697675,
4,11002,white_usv1,usv10,33012.0,True,0.7407407407407407,33390.8026526926,6684.664780892388,4920.282318111174,0.7368421052631579,30.257692307692302,33708.0
4,11002,white_usv2,usv10,33012.0,True,0.5,17765.525213292887,582.5610023101653,582.5610023101653,0.3333333333333333,41.53846153846154,33380.1
4,11002,white_usv19,usv10,33271.0,True,1.0,38769.8698453531,4886.60042331033,10426.594120006892,0.5679012345679012,50.95061728395062,
4,11002,white_usv9,usv10,33507.0,False,1.0,230944.84824300025,1435.3615206463728,7177.360713450704,0.4934210526315789,49.722368421052636,
5,11002,white_usv8,usv18,6752.0,False,0.041666666666666664,44143.03918308773,,,0.0,2.2608695652173925,7528.3
5,11002,white_usv9,usv18,6752.0,False,0.024390243902439025,80512.02705884694,,,0.0,3.1049999999999978,7975.0
5,11002,white_usv7,usv18,6752.0,False,0.07142857142857142,21060.290995923973,,,0.0,13.315384615384618,7224.0
5,11002,white_usv3,usv13,6752.0,False,0.8636363636363636,58651.568600437284,6125.289803121006,12177.041889399377,0.972972972972973,7.130232558139536,8072.8
5,11002,white_usv17,usv13,6752.0,False,0.9930475086906141,86701.38334989047,7555.70608949085,13738.674363542159,0.39135514018691586,60.142227378190256,28262.7
5,11002,white_usv18,usv13,6752.0,False,0.9934138309549945,80686.02002911037,7278.153687791448,13435.375251112651,0.38827433628318586,55.03208791208791,29395.1
5,11002,white_usv5,usv13,6752.0,True,0.5714285714285714,18610.13982680989,-1103.0294172490212,-1103.0294172490212,0.2857142857142857,13.284615384615384,7224.0
5,11002,white_usv4,usv13,7062.0,True,1.0,38515.22218295116,2206.445305065412,2206.445305065412,0.5,4.192857142857142,7528.3
5,11002,white_usv14,usv18,7062.0,False,0.0,,,,0.0,0.0,29458.1
6,11002,white_usv1,usv14,5355.0,False,0.9787234042553191,103447.13199080866,5220.748689179134,5220.748689179134,0.3927461139896373,65.16916835699797,31815.3
6,11002,white_usv5,usv15,5355.0,True,0.7547169811320755,27033.92583970352,2135.0710006138033,996.4599608961726,0.5384615384615384,77.97692307692309,7152.4
6,11002,white_usv9,usv21,5355.0,False,0.04,68749.25322742104,2728.9358035900514,2728.9358035900514,1.0,4.597297297297294,7929.0
6,11002,white_usv12,usv15,5355.0,False,0.9863301787592008,158413.42212481162,6321.868428730348,12069.720282923372,0.42902881536819637,63.421263157894735,31007.9
6,11002,white_usv15,usv16,5355.0,False,0.9790104947526237,93895.11328469837,1909.752930748131,14536.933336765214,0.4125766871165644,55.52612612612613,24004.0
6,11002,white_usv19,usv14,5355.0,False,0.9690265486725663,67058.56941707374,5615.113438097935,5615.113438097935,0.3795731707317073,47.87296898079764,24289.1
6,11002,white_usv6,usv17,5355.0,True,0.2,26289.924236093048,821.4843957345875,821.4843957345875,1.0,0.0,5727.0
6,11002,white_usv10,usv21,5355.0,False,0.0031088082901554403,101518.9358976074,2664.3104275152145,2664.3104275152145,1.0,52.640663900414935,31312.0
6,11002,white_usv16,usv13,5355.0,False,0.9679389312977099,108037.87554159443,6374.272447721334,6374.272447721334,0.40916271721958924,51.28562691131499,23700.0
6,11002,white_usv18,usv13,5355.0,False,0.970873786407767,71052.02995714205,6727.784002563902,6727.784002563902,0.3905579399141631,47.35916666666667,25404.1
6,11002,white_usv3,usv15,5355.0,False,0.803030303030303,50257.969624328245,7077.82770406417,12874.34620580943,0.9807692307692307,7.2907692307692304,7624.7
6,11002,white_usv17,usv17,5355.0,False,0.052704576976421634,96379.1522954085,7633.86393498462,15046.97390745164,1.0,48.599722222222226,25404.1
6,11002,white_usv11,usv14,5355.0,False,0.9791459781529295,207308.24022154574,4246.766100860346,4246.766100860346,0.40812182741116754,51.94870775347913,32276.0
6,11002,white_usv14,usv17,5355.0,False,0.04112554112554113,112031.82840900746,7170.7393145759415,14212.390942433092,1.0,49.81321776814735,30362.0
6,11002,white_usv13,usv16,5355.0,False,0.9848484848484849,123078.30122128982,1597.1074043546105,13269.90592378049,0.41914191419141916,48.60325027085591,30362.0
6,11002,white_usv20,usv15,5355.0,False,0.9857299670691547,86478.92263137152,7075.382294731156,12873.910388221208,0.4069119286510591,44.417142857142856,30079.0
6,11002,white_usv4,usv18,5355.0,False,0.5294117647058824,65671.42266169182,6523.242746265692,13602.176986435501,0.8636363636363636,25.402380952380955,8216.9
6,11002,white_usv2,usv18,5355.0,False,0.06346967559943582,117008.48986577615,6270.5808474276855,13181.408796438423,1.0,32.4819209039548,25075.3
6,11002,white_usv7,usv18,5355.0,True,0.5660377358490566,37505.27772455436,6836.144420176468,7839.110095920238,0.7241379310344828,29.294230769230765,7152.4
6,11002,white_usv8,usv12,5355.0,False,0.3466666666666667,135205.04059384234,3315.5940144253836,3315.5940144253836,1.0,6.137837837837836,7929.0
6,11002,white_usv7,usv19,5727.0,True,0.5581395348837209,29391.381562912677,1556.8405121803662,2828.0107559031967,0.4782608695652174,35.171428571428564,7152.4
6,11002,white_usv5,usv16,5727.0,True,0.8604651162790697,31107.7146969954,-623.2119867000074,607.5946366479184,0.5277777777777778,96.35238095238095,7152.4
6,11002,white_usv9,usv20,6084.0,False,0.16666666666666666,57727.97564572031,2858.6890137952287,2858.6890137952287,1.0,5.767924528301883,7929.0
6,11002,white_usv10,usv11,6084.0,False,0.0,,,,0.0,0.0,31312.0
6,11002,white_usv1,usv20,6084.0,False,0.953416149068323,170047.0364217349,2386.657988733001,2386.657988733001,0.5173913043478261,66.52829015544042,31815.3
6,11002,white_usv19,usv19,6084.0,False,0.0273972602739726,131829.7486539163,5257.343694293464,8289.343658640457,1.0,49.364634146341466,24289.1
6,11002,white_usv10,usv19,6084.0,False,0.019067796610169493,118451.25683306981,4826.298630106117,7858.298180432335,1.0,53.762672322375394,31312.0
6,11002,white_usv16,usv17,6084.0,False,0.04100946372239748,107822.98213101129,5566.323152425917,15237.672794281403,1.0,52.94612954186414,23700.0
6,11002,white_usv18,usv18,6084.0,False,0.054285714285714284,92459.00218737825,5029.053434754023,14307.927471907708,1.0,48.77896995708154,25404.1
6,11002,white_usv11,usv20,6084.0,False,0.9543610547667343,121420.58264543653,2634.292505135061,2634.292505135061,0.34893617021276596,52.984162436548225,32276.0
6,11002,white_usv4,usv14,6084.0,True,0.890625,21406.111739046373,2605.3406644339047,3530.333610932117,0.7142857142857143,32.93650793650794,8216.9
6,11002,white_usv8,usv14,6084.0,False,0.8703703703703703,96913.05923846921,5474.826182337158,11519.14996536108,1.0,7.175471698113206,7929.0
6,11002,white_usv5,usv14,6430.0,True,1.0,32336.062298677076,2116.195484379037,5296.177080768008,0.6190476190476191,82.35714285714283,7152.4
6,11002,white_usv4,usv13,6430.0,True,1.0,18890.9311624212,1785.9721282809041,1118.7368676609476,0.7169811320754716,38.15094339622642,8216.9
6,11002,white_usv3,usv12,6728.0,True,0.46153846153846156,33679.331592939925,6496.8995315731445,7173.867154870575,0.9090909090909091,16.924,7624.7
6,11002,white_usv1,usv12,6728.0,False,0.012671594508975714,94790.91856263787,6409.856213452847,9214.911888945964,1.0,67.72928118393234,31815.3
6,11002,white_usv9,usv14,6728.0,False,1.0,141089.22640333066,4904.5688077941595,11002.138444840442,0.8235294117647058,6.22941176470588,7929.0
6,11002,white_usv19,usv13,6728.0,False,1.0,59625.86830864089,6484.137242142911,13128.002388127716,0.36106750392464676,50.71334379905809,24289.1
6,11002,white_usv10,usv13,6728.0,False,1.0,177849.54442953243,5009.391802528204,11511.785077612789,0.3787878787878788,54.58495670995671,31312.0
6,11002,white_usv11,usv12,6728.0,False,0.012409513960703205,247316.3084001833,4953.678912070725,7183.914671314415,1.0,53.88726708074534,32276.0
6,11002,white_usv7,usv18,6728.0,True,0.8461538461538461,37505.27772455436,1647.6833553283795,4270.132095266839,0.8,46.67499999999999,7152.4
6,11002,white_usv5,usv16,6728.0,True,1.0,31107.7146969954,1909.3036088299996,1267.2098507400879,0.6666666666666666,72.91666666666667,7152.4
6,11002,white_usv5,usv15,6728.0,True,0.9230769230769231,27033.92583970352,4269.076685676078,4394.539581637742,0.6363636363636364,72.91666666666667,7152.4
6,11002,white_usv4,usv14,6728.0,True,1.0,21406.111739046373,-1032.5927204335676,-1863.5044765063649,0.7272727272727273,37.22954545454546,8216.9
6,11002,white_usv4,usv13,7036.0,True,1.0,18890.9311624212,-81.40280676783732,5067.790044760459,0.8235294117647058,21.708823529411763,8216.9
6,11002,white_usv3,usv13,7036.0,True,1.0,29899.54414302159,2984.4800311046347,8591.837808480366,0.8666666666666667,25.426666666666666,7624.7
6,11002,white_usv15,usv18,7036.0,False,0.029173419773095625,86621.36503019546,7327.668506149246,13554.68067880519,1.0,59.98993506493507,24004.0
6,11002,white_usv13,usv15,7036.0,False,1.0,132920.66485428673,6135.6380764573405,12111.634957799251,0.3951890034364261,51.32646048109966,30362.0
6,11002,white_usv8,usv12,7036.0,False,0.12,135205.04059384234,1489.8813868944999,1489.8813868944999,1.0,9.679166666666665,7929.0
6,11002,white_usv4,usv15,7036.0,True,1.0,27728.492623347305,1411.466748254803,4506.200913380904,0.8529411764705882,21.708823529411763,8216.9
6,11002,white_usv4,usv13,7409.0,True,1.0,18890.9311624212,5939.960109175212,11519.902149978465,0.9565217391304348,8.608695652173912,8216.9
6,11002,white_usv4,usv15,7409.0,True,1.0,27728.492623347305,3665.1254477506045,6415.9180243719165,0.9565217391304348,8.608695652173912,8216.9
6,11002,white_usv4,usv13,7409.0,True,1.0,18890.9311624212,5939.960109175212,11519.902149978465,0.9565217391304348,8.608695652173912,8216.9
6,11002,white_usv4,usv15,7409.0,True,1.0,27728.492623347305,3665.1254477506045,6415.9180243719165,0.9565217391304348,8.608695652173912,8216.9
6,11002,white_usv4,usv13,7409.0,True,1.0,18890.9311624212,5939.960109175212,11519.902149978465,0.9565217391304348,8.608695652173912,8216.9
6,11002,white_usv4,usv15,7409.0,True,1.0,27728.492623347305,3665.1254477506045,6415.9180243719165,0.9565217391304348,8.608695652173912,8216.9
6,11002,white_usv17,usv13,7409.0,False,1.0,84167.97762948248,5503.5985020025255,11083.596884469429,0.3611532625189681,53.06676783004552,25404.1
6,11002,white_usv4,usv13,7409.0,True,1.0,18890.9311624212,5939.960109175212,11519.902149978465,0.9565217391304348,8.608695652173912,8216.9
6,11002,white_usv4,usv15,7409.0,True,1.0,27728.492623347305,3665.1254477506045,6415.9180243719165,0.9565217391304348,8.608695652173912,8216.9
6,11002,white_usv4,usv13,7409.0,True,1.0,18890.9311624212,5939.960109175212,11519.902149978465,0.9565217391304348,8.608695652173912,8216.9
6,11002,white_usv4,usv15,7409.0,True,1.0,27728.492623347305,3665.1254477506045,6415.9180243719165,0.9565217391304348,8.608695652173912,8216.9
6,11002,white_usv4,usv13,7789.0,True,1.0,18890.9311624212,5573.612829393798,6421.458298140471,0.9230769230769231,15.23076923076923,8216.9
6,11002,white_usv4,usv15,7789.0,True,1.0,27728.492623347305,2808.110884610389,3393.584054246843,0.9230769230769231,15.23076923076923,8216.9
6,11002,white_usv4,usv13,7789.0,True,1.0,18890.9311624212,5573.612829393798,6421.458298140471,0.9230769230769231,15.23076923076923,8216.9
6,11002,white_usv4,usv15,7789.0,True,1.0,27728.492623347305,2808.110884610389,3393.584054246843,0.9230769230769231,15.23076923076923,8216.9
6,11002,white_usv4,usv13,7789.0,True,1.0,18890.9311624212,5573.612829393798,6421.458298140471,0.9230769230769231,15.23076923076923,8216.9
